{
"type": "FeatureCollection",
"name": "elevation_filter_100_max_20260203_143730",
"crs": { "type": "name", "properties": { "name": "urn:ogc:def:crs:OGC:1.3:CRS84" } },
"features": [
{ "type": "Feature", "properties": { "area_m2": 8100.0, "area_km2": 0.0081, "relative_position": "后方", "distance_m": 7425.3986495713716, "elevation": 73.4 }, "geometry": { "type": "Polygon", "coordinates": [ [ [ 118.549133145373261, 31.450880910682791 ], [ 118.549146506857866, 31.451692646064629 ], [ 118.550093396816933, 31.451681188009506 ], [ 118.550080027173323, 31.450869452990421 ], [ 118.549133145373261, 31.450880910682791 ] ] ] } },
{ "type": "Feature", "properties": { "area_m2": 8100.0000001257285, "area_km2": 0.0081000000001257288, "relative_position": "后方", "distance_m": 7413.0721789033805, "elevation": 81.2 }, "geometry": { "type": "Polygon", "coordinates": [ [ [ 118.548186263033273, 31.450892361379388 ], [ 118.548199616358829, 31.451704097123745 ], [ 118.549146506857866, 31.451692646064629 ], [ 118.549133145373261, 31.450880910682791 ], [ 118.548186263033273, 31.450892361379388 ] ] ] } },
{ "type": "Feature", "properties": { "area_m2": 8099.9999997956911, "area_km2": 0.0080999999997956908, "relative_position": "后方", "distance_m": 7349.6217760779564, "elevation": 72.2 }, "geometry": { "type": "Polygon", "coordinates": [ [ [ 118.550093396816933, 31.451681188009506 ], [ 118.550106767000827, 31.452492922920481 ], [ 118.551053664578959, 31.452481457506398 ], [ 118.551040286235747, 31.451669722958393 ], [ 118.550093396816933, 31.451681188009506 ] ] ] } },
{ "type": "Feature", "properties": { "area_m2": 8099.9999999266583, "area_km2": 0.0080999999999266589, "relative_position": "后方", "distance_m": 7336.0682583484113, "elevation": 107.2 }, "geometry": { "type": "Polygon", "coordinates": [ [ [ 118.549146506857866, 31.451692646064629 ], [ 118.549159868882384, 31.452504381338361 ], [ 118.550106767000827, 31.452492922920481 ], [ 118.550093396816933, 31.451681188009506 ], [ 118.549146506857866, 31.451692646064629 ] ] ] } },
{ "type": "Feature", "properties": { "area_m2": 8099.999999931897, "area_km2": 0.0080999999999318978, "relative_position": "后方", "distance_m": 7323.5915596910909, "elevation": 118.4 }, "geometry": { "type": "Polygon", "coordinates": [ [ [ 118.548199616358829, 31.451704097123745 ], [ 118.548212970224014, 31.452515832760017 ], [ 118.549159868882384, 31.452504381338361 ], [ 118.549146506857866, 31.451692646064629 ], [ 118.548199616358829, 31.451704097123745 ] ] ] } },
{ "type": "Feature", "properties": { "area_m2": 8100.0000000576256, "area_km2": 0.0081000000000576253, "relative_position": "后方", "distance_m": 7260.4812711841187, "elevation": 102.6 }, "geometry": { "type": "Polygon", "coordinates": [ [ [ 118.550106767000827, 31.452492922920481 ], [ 118.550120137724988, 31.453304657723361 ], [ 118.551067043462794, 31.453293191946297 ], [ 118.551053664578959, 31.452481457506398 ], [ 118.550106767000827, 31.452492922920481 ] ] ] } },
{ "type": "Feature", "properties": { "area_m2": 8100.0000000104774, "area_km2": 0.0081000000000104773, "relative_position": "后方", "distance_m": 7246.7611630050205, "elevation": 132.6 }, "geometry": { "type": "Polygon", "coordinates": [ [ [ 118.549159868882384, 31.452504381338361 ], [ 118.5491732314469, 31.453316116504002 ], [ 118.550120137724988, 31.453304657723361 ], [ 118.550106767000827, 31.452492922920481 ], [ 118.549159868882384, 31.452504381338361 ] ] ] } },
{ "type": "Feature", "properties": { "area_m2": 8100.0000000209548, "area_km2": 0.008100000000020955, "relative_position": "后方", "distance_m": 7234.1305641000508, "elevation": 143.4 }, "geometry": { "type": "Polygon", "coordinates": [ [ [ 118.548212970224014, 31.452515832760017 ], [ 118.5482263246288, 31.453327568288206 ], [ 118.5491732314469, 31.453316116504002 ], [ 118.549159868882384, 31.452504381338361 ], [ 118.548212970224014, 31.452515832760017 ] ] ] } },
{ "type": "Feature", "properties": { "area_m2": 8100.0000000157161, "area_km2": 0.0081000000000157162, "relative_position": "后方", "distance_m": 7171.3690319119569, "elevation": 127.2 }, "geometry": { "type": "Polygon", "coordinates": [ [ [ 118.550120137724988, 31.453304657723361 ], [ 118.550133508989461, 31.45411639241814 ], [ 118.551080422887239, 31.454104926278095 ], [ 118.551067043462794, 31.453293191946297 ], [ 118.550120137724988, 31.453304657723361 ] ] ] } },
{ "type": "Feature", "properties": { "area_m2": 8099.9999998847488, "area_km2": 0.008099999999884748, "relative_position": "后方", "distance_m": 7157.4782351248668, "elevation": 160.6 }, "geometry": { "type": "Polygon", "coordinates": [ [ [ 118.5491732314469, 31.453316116504002 ], [ 118.549186594551358, 31.454127851561545 ], [ 118.550133508989461, 31.45411639241814 ], [ 118.550120137724988, 31.453304657723361 ], [ 118.5491732314469, 31.453316116504002 ] ] ] } },
{ "type": "Feature", "properties": { "area_m2": 8100.0000000942964, "area_km2": 0.0081000000000942957, "relative_position": "后方", "distance_m": 7401.8154377232358, "elevation": 62.4 }, "geometry": { "type": "Polygon", "coordinates": [ [ [ 118.547239380153684, 31.450903805080198 ], [ 118.547252725320206, 31.451715541186857 ], [ 118.548199616358829, 31.451704097123745 ], [ 118.548186263033273, 31.450892361379388 ], [ 118.547239380153684, 31.450903805080198 ] ] ] } },
{ "type": "Feature", "properties": { "area_m2": 8099.9999999895226, "area_km2": 0.0080999999999895218, "relative_position": "后方", "distance_m": 7312.1971932682955, "elevation": 95.6 }, "geometry": { "type": "Polygon", "coordinates": [ [ [ 118.547252725320206, 31.451715541186857 ], [ 118.547266071025987, 31.45252727718545 ], [ 118.548212970224014, 31.452515832760017 ], [ 118.548199616358829, 31.451704097123745 ], [ 118.547252725320206, 31.451715541186857 ] ] ] } },
{ "type": "Feature", "properties": { "area_m2": 8100.0000000314321, "area_km2": 0.0081000000000314328, "relative_position": "后方", "distance_m": 7222.5951914389098, "elevation": 127.2 }, "geometry": { "type": "Polygon", "coordinates": [ [ [ 118.547266071025987, 31.45252727718545 ], [ 118.547279417271071, 31.453339013075954 ], [ 118.5482263246288, 31.453327568288206 ], [ 118.548212970224014, 31.452515832760017 ], [ 118.547266071025987, 31.45252727718545 ] ] ] } },
{ "type": "Feature", "properties": { "area_m2": 8100.0000000104774, "area_km2": 0.0081000000000104773, "relative_position": "后方", "distance_m": 7212.1603013458262, "elevation": 87.6 }, "geometry": { "type": "Polygon", "coordinates": [ [ [ 118.546319171288673, 31.452538714614629 ], [ 118.546332509374025, 31.453350450867223 ], [ 118.547279417271071, 31.453339013075954 ], [ 118.547266071025987, 31.45252727718545 ], [ 118.546319171288673, 31.452538714614629 ] ] ] } },
{ "type": "Feature", "properties": { "area_m2": 8100.000000083819, "area_km2": 0.0081000000000838197, "relative_position": "后方", "distance_m": 7133.0100439021699, "elevation": 156.4 }, "geometry": { "type": "Polygon", "coordinates": [ [ [ 118.547279417271071, 31.453339013075954 ], [ 118.54729276405547, 31.454150748858375 ], [ 118.548239679573257, 31.454139303708299 ], [ 118.5482263246288, 31.453327568288206 ], [ 118.547279417271071, 31.453339013075954 ] ] ] } },
{ "type": "Feature", "properties": { "area_m2": 8100.0, "area_km2": 0.0081, "relative_position": "后方", "distance_m": 7122.4440344368077, "elevation": 131.2 }, "geometry": { "type": "Polygon", "coordinates": [ [ [ 118.546332509374025, 31.453350450867223 ], [ 118.546345847998381, 31.454162187011747 ], [ 118.54729276405547, 31.454150748858375 ], [ 118.547279417271071, 31.453339013075954 ], [ 118.546332509374025, 31.453350450867223 ] ] ] } },
{ "type": "Feature", "properties": { "area_m2": 8100.0, "area_km2": 0.0081, "relative_position": "后方", "distance_m": 7112.9968653688647, "elevation": 98.2 }, "geometry": { "type": "Polygon", "coordinates": [ [ [ 118.54538560093799, 31.453361881662026 ], [ 118.545398931402261, 31.454173618168426 ], [ 118.546345847998381, 31.454162187011747 ], [ 118.546332509374025, 31.453350450867223 ], [ 118.54538560093799, 31.453361881662026 ] ] ] } },
{ "type": "Feature", "properties": { "area_m2": 8099.9999999371357, "area_km2": 0.0080999999999371349, "relative_position": "后方", "distance_m": 7104.673001014703, "elevation": 68.4 }, "geometry": { "type": "Polygon", "coordinates": [ [ [ 118.544438691963308, 31.453373305460321 ], [ 118.544452014267492, 31.45418504232839 ], [ 118.545398931402261, 31.454173618168426 ], [ 118.54538560093799, 31.453361881662026 ], [ 118.544438691963308, 31.453373305460321 ] ] ] } },
{ "type": "Feature", "properties": { "area_m2": 8100.0000000104774, "area_km2": 0.0081000000000104773, "relative_position": "后方", "distance_m": 7043.4423933245725, "elevation": 180.2 }, "geometry": { "type": "Polygon", "coordinates": [ [ [ 118.54729276405547, 31.454150748858375 ], [ 118.547306111379228, 31.454962484532697 ], [ 118.548253035057371, 31.454951039020298 ], [ 118.548239679573257, 31.454139303708299 ], [ 118.54729276405547, 31.454150748858375 ] ] ] } },
{ "type": "Feature", "properties": { "area_m2": 8099.9999999214197, "area_km2": 0.0080999999999214201, "relative_position": "后方", "distance_m": 7032.7419485607379, "elevation": 157.2 }, "geometry": { "type": "Polygon", "coordinates": [ [ [ 118.546345847998381, 31.454162187011747 ], [ 118.546359187161741, 31.454973923048193 ], [ 118.547306111379228, 31.454962484532697 ], [ 118.54729276405547, 31.454150748858375 ], [ 118.546345847998381, 31.454162187011747 ] ] ] } },
{ "type": "Feature", "properties": { "area_m2": 8100.0000000890577, "area_km2": 0.0081000000000890585, "relative_position": "后方", "distance_m": 7144.6899288357608, "elevation": 171.4 }, "geometry": { "type": "Polygon", "coordinates": [ [ [ 118.5482263246288, 31.453327568288206 ], [ 118.548239679573257, 31.454139303708299 ], [ 118.549186594551358, 31.454127851561545 ], [ 118.5491732314469, 31.453316116504002 ], [ 118.5482263246288, 31.453327568288206 ] ] ] } },
{ "type": "Feature", "properties": { "area_m2": 8100.0000000314321, "area_km2": 0.0081000000000314328, "relative_position": "后方", "distance_m": 7082.2861247715764, "elevation": 139.8 }, "geometry": { "type": "Polygon", "coordinates": [ [ [ 118.550133508989461, 31.45411639241814 ], [ 118.550146880794259, 31.45492812700482 ], [ 118.55109380285235, 31.454916660501759 ], [ 118.551080422887239, 31.454104926278095 ], [ 118.550133508989461, 31.45411639241814 ] ] ] } },
{ "type": "Feature", "properties": { "area_m2": 8099.9999999842839, "area_km2": 0.0080999999999842847, "relative_position": "后方", "distance_m": 7068.2203900913601, "elevation": 162.4 }, "geometry": { "type": "Polygon", "coordinates": [ [ [ 118.549186594551358, 31.454127851561545 ], [ 118.549199958195828, 31.454939586510992 ], [ 118.550146880794259, 31.45492812700482 ], [ 118.550133508989461, 31.45411639241814 ], [ 118.549186594551358, 31.454127851561545 ] ] ] } },
{ "type": "Feature", "properties": { "area_m2": 8100.0000000576256, "area_km2": 0.0081000000000576253, "relative_position": "后方", "distance_m": 7055.2704277923713, "elevation": 185.4 }, "geometry": { "type": "Polygon", "coordinates": [ [ [ 118.548239679573257, 31.454139303708299 ], [ 118.548253035057371, 31.454951039020298 ], [ 118.549199958195828, 31.454939586510992 ], [ 118.549186594551358, 31.454127851561545 ], [ 118.548239679573257, 31.454139303708299 ] ] ] } },
{ "type": "Feature", "properties": { "area_m2": 8099.9999999476131, "area_km2": 0.0080999999999476126, "relative_position": "后方", "distance_m": 6993.2336702608554, "elevation": 109.6 }, "geometry": { "type": "Polygon", "coordinates": [ [ [ 118.550146880794259, 31.45492812700482 ], [ 118.55016025313941, 31.455739861483373 ], [ 118.551107183358141, 31.455728394617321 ], [ 118.55109380285235, 31.454916660501759 ], [ 118.550146880794259, 31.45492812700482 ] ] ] } },
{ "type": "Feature", "properties": { "area_m2": 8099.9999999109423, "area_km2": 0.0080999999999109423, "relative_position": "后方", "distance_m": 6978.9885898517323, "elevation": 136.2 }, "geometry": { "type": "Polygon", "coordinates": [ [ [ 118.549199958195828, 31.454939586510992 ], [ 118.549213322380311, 31.455751321352345 ], [ 118.55016025313941, 31.455739861483373 ], [ 118.550146880794259, 31.45492812700482 ], [ 118.549199958195828, 31.454939586510992 ] ] ] } },
{ "type": "Feature", "properties": { "area_m2": 8100.000000068103, "area_km2": 0.0081000000000681031, "relative_position": "后方", "distance_m": 6965.8728744120899, "elevation": 168.0 }, "geometry": { "type": "Polygon", "coordinates": [ [ [ 118.548253035057371, 31.454951039020298 ], [ 118.548266391081171, 31.455762774224201 ], [ 118.549213322380311, 31.455751321352345 ], [ 118.549199958195828, 31.454939586510992 ], [ 118.548253035057371, 31.454951039020298 ] ] ] } },
{ "type": "Feature", "properties": { "area_m2": 8099.9999999895226, "area_km2": 0.0080999999999895218, "relative_position": "后方", "distance_m": 6889.7838459013974, "elevation": 95.8 }, "geometry": { "type": "Polygon", "coordinates": [ [ [ 118.549213322380311, 31.455751321352345 ], [ 118.54922668710482, 31.456563056085582 ], [ 118.550173626024915, 31.456551595853831 ], [ 118.55016025313941, 31.455739861483373 ], [ 118.549213322380311, 31.455751321352345 ] ] ] } },
{ "type": "Feature", "properties": { "area_m2": 8099.9999999895226, "area_km2": 0.0080999999999895218, "relative_position": "后方", "distance_m": 6876.4981242313897, "elevation": 130.2 }, "geometry": { "type": "Polygon", "coordinates": [ [ [ 118.548266391081171, 31.455762774224201 ], [ 118.548279747644656, 31.456574509320014 ], [ 118.54922668710482, 31.456563056085582 ], [ 118.549213322380311, 31.455751321352345 ], [ 118.548266391081171, 31.455762774224201 ] ] ] } },
{ "type": "Feature", "properties": { "area_m2": 8100.0000000785803, "area_km2": 0.0081000000000785808, "relative_position": "后方", "distance_m": 6864.3623207497876, "elevation": 147.4 }, "geometry": { "type": "Polygon", "coordinates": [ [ [ 118.547319459242317, 31.455774220098935 ], [ 118.547332807644807, 31.456585955557092 ], [ 118.548279747644656, 31.456574509320014 ], [ 118.548266391081171, 31.455762774224201 ], [ 118.547319459242317, 31.455774220098935 ] ] ] } },
{ "type": "Feature", "properties": { "area_m2": 8100.0000000314321, "area_km2": 0.0081000000000314328, "relative_position": "后方", "distance_m": 7023.174248581603, "elevation": 136.0 }, "geometry": { "type": "Polygon", "coordinates": [ [ [ 118.545398931402261, 31.454173618168426 ], [ 118.545412262405208, 31.454985354566755 ], [ 118.546359187161741, 31.454973923048193 ], [ 118.546345847998381, 31.454162187011747 ], [ 118.545398931402261, 31.454173618168426 ] ] ] } },
{ "type": "Feature", "properties": { "area_m2": 8099.9999998795101, "area_km2": 0.0080999999998795109, "relative_position": "后方", "distance_m": 7014.7439295004997, "elevation": 116.6 }, "geometry": { "type": "Polygon", "coordinates": [ [ [ 118.544452014267492, 31.45418504232839 ], [ 118.544465337109997, 31.454996779088383 ], [ 118.545412262405208, 31.454985354566755 ], [ 118.545398931402261, 31.454173618168426 ], [ 118.544452014267492, 31.45418504232839 ] ] ] } },
{ "type": "Feature", "properties": { "area_m2": 8100.0000000785803, "area_km2": 0.0081000000000785808, "relative_position": "后方", "distance_m": 6953.8929153521576, "elevation": 178.6 }, "geometry": { "type": "Polygon", "coordinates": [ [ [ 118.547306111379228, 31.454962484532697 ], [ 118.547319459242317, 31.455774220098935 ], [ 118.548266391081171, 31.455762774224201 ], [ 118.548253035057371, 31.454951039020298 ], [ 118.547306111379228, 31.454962484532697 ] ] ] } },
{ "type": "Feature", "properties": { "area_m2": 8099.9999999109423, "area_km2": 0.0080999999999109423, "relative_position": "后方", "distance_m": 6943.0545929137643, "elevation": 170.8 }, "geometry": { "type": "Polygon", "coordinates": [ [ [ 118.546359187161741, 31.454973923048193 ], [ 118.546372526864104, 31.455785658976552 ], [ 118.547319459242317, 31.455774220098935 ], [ 118.547306111379228, 31.454962484532697 ], [ 118.546359187161741, 31.454973923048193 ] ] ] } },
{ "type": "Feature", "properties": { "area_m2": 8100.0000001257285, "area_km2": 0.0081000000001257288, "relative_position": "后方", "distance_m": 6933.3632620986009, "elevation": 165.2 }, "geometry": { "type": "Polygon", "coordinates": [ [ [ 118.545412262405208, 31.454985354566755 ], [ 118.545425593946831, 31.455797090857015 ], [ 118.546372526864104, 31.455785658976552 ], [ 118.546359187161741, 31.454973923048193 ], [ 118.545412262405208, 31.454985354566755 ] ] ] } },
{ "type": "Feature", "properties": { "area_m2": 8100.0000000366708, "area_km2": 0.0081000000000366716, "relative_position": "后方", "distance_m": 6924.8237397079092, "elevation": 155.8 }, "geometry": { "type": "Polygon", "coordinates": [ [ [ 118.544465337109997, 31.454996779088383 ], [ 118.544478660490853, 31.455808515740316 ], [ 118.545425593946831, 31.455797090857015 ], [ 118.545412262405208, 31.454985354566755 ], [ 118.544465337109997, 31.454996779088383 ] ] ] } },
{ "type": "Feature", "properties": { "area_m2": 8100.0, "area_km2": 0.0081, "relative_position": "后方", "distance_m": 6853.3825453488371, "elevation": 156.6 }, "geometry": { "type": "Polygon", "coordinates": [ [ [ 118.546372526864104, 31.455785658976552 ], [ 118.546385867105528, 31.45659739479682 ], [ 118.547332807644807, 31.456585955557092 ], [ 118.547319459242317, 31.455774220098935 ], [ 118.546372526864104, 31.455785658976552 ] ] ] } },
{ "type": "Feature", "properties": { "area_m2": 8099.9999999476131, "area_km2": 0.0080999999999476126, "relative_position": "后方", "distance_m": 6843.5643633571308, "elevation": 164.8 }, "geometry": { "type": "Polygon", "coordinates": [ [ [ 118.545425593946831, 31.455797090857015 ], [ 118.545438926027202, 31.456608827039187 ], [ 118.546385867105528, 31.45659739479682 ], [ 118.546372526864104, 31.455785658976552 ], [ 118.545425593946831, 31.455797090857015 ] ] ] } },
{ "type": "Feature", "properties": { "area_m2": 8100.0000000628643, "area_km2": 0.0081000000000628642, "relative_position": "后方", "distance_m": 6834.9127817262352, "elevation": 170.2 }, "geometry": { "type": "Polygon", "coordinates": [ [ [ 118.544478660490853, 31.455808515740316 ], [ 118.544491984410129, 31.456620252284175 ], [ 118.545438926027202, 31.456608827039187 ], [ 118.545425593946831, 31.455797090857015 ], [ 118.544478660490853, 31.455808515740316 ] ] ] } },
{ "type": "Feature", "properties": { "area_m2": 8100.0000001414446, "area_km2": 0.0081000000001414454, "relative_position": "后方", "distance_m": 6763.7264142609483, "elevation": 132.6 }, "geometry": { "type": "Polygon", "coordinates": [ [ [ 118.546385867105528, 31.45659739479682 ], [ 118.546399207886012, 31.457409130509021 ], [ 118.54734615658667, 31.457397690907158 ], [ 118.547332807644807, 31.456585955557092 ], [ 118.546385867105528, 31.45659739479682 ] ] ] } },
{ "type": "Feature", "properties": { "area_m2": 8099.9999999685679, "area_km2": 0.0080999999999685681, "relative_position": "后方", "distance_m": 6753.7780340557129, "elevation": 153.0 }, "geometry": { "type": "Polygon", "coordinates": [ [ [ 118.545438926027202, 31.456608827039187 ], [ 118.545452258646279, 31.457420563113292 ], [ 118.546399207886012, 31.457409130509021 ], [ 118.546385867105528, 31.45659739479682 ], [ 118.545438926027202, 31.456608827039187 ] ] ] } },
{ "type": "Feature", "properties": { "area_m2": 8100.0000000576256, "area_km2": 0.0081000000000576253, "relative_position": "后方", "distance_m": 6745.0114242771051, "elevation": 178.8 }, "geometry": { "type": "Polygon", "coordinates": [ [ [ 118.544491984410129, 31.456620252284175 ], [ 118.544505308867798, 31.457431988719954 ], [ 118.545452258646279, 31.457420563113292 ], [ 118.545438926027202, 31.456608827039187 ], [ 118.544491984410129, 31.456620252284175 ] ] ] } },
{ "type": "Feature", "properties": { "area_m2": 8100.0000000261934, "area_km2": 0.0081000000000261939, "relative_position": "后方", "distance_m": 6674.086840626147, "elevation": 117.6 }, "geometry": { "type": "Polygon", "coordinates": [ [ [ 118.546399207886012, 31.457409130509021 ], [ 118.546412549205584, 31.458220866113109 ], [ 118.547359506067949, 31.458209426149114 ], [ 118.54734615658667, 31.457397690907158 ], [ 118.546399207886012, 31.457409130509021 ] ] ] } },
{ "type": "Feature", "properties": { "area_m2": 8099.9999999371357, "area_km2": 0.0080999999999371349, "relative_position": "后方", "distance_m": 6664.0047817870509, "elevation": 154.0 }, "geometry": { "type": "Polygon", "coordinates": [ [ [ 118.545452258646279, 31.457420563113292 ], [ 118.545465591804117, 31.458232299079295 ], [ 118.546412549205584, 31.458220866113109 ], [ 118.546399207886012, 31.457409130509021 ], [ 118.545452258646279, 31.457420563113292 ] ] ] } },
{ "type": "Feature", "properties": { "area_m2": 8099.9999999057036, "area_km2": 0.0080999999999057035, "relative_position": "后方", "distance_m": 6655.120055962524, "elevation": 192.4 }, "geometry": { "type": "Polygon", "coordinates": [ [ [ 118.544505308867798, 31.457431988719954 ], [ 118.544518633863902, 31.458243725047648 ], [ 118.545465591804117, 31.458232299079295 ], [ 118.545452258646279, 31.457420563113292 ], [ 118.544505308867798, 31.457431988719954 ] ] ] } },
{ "type": "Feature", "properties": { "area_m2": 8100.0000001047738, "area_km2": 0.0081000000001047734, "relative_position": "后方", "distance_m": 6584.4645002034376, "elevation": 117.6 }, "geometry": { "type": "Polygon", "coordinates": [ [ [ 118.546412549205584, 31.458220866113109 ], [ 118.54642589106426, 31.459032601609131 ], [ 118.547372856088657, 31.459021161282987 ], [ 118.547359506067949, 31.458209426149114 ], [ 118.546412549205584, 31.458220866113109 ] ] ] } },
{ "type": "Feature", "properties": { "area_m2": 8100.0000001204899, "area_km2": 0.00810000000012049, "relative_position": "后方", "distance_m": 6574.2451417929851, "elevation": 158.6 }, "geometry": { "type": "Polygon", "coordinates": [ [ [ 118.545465591804117, 31.458232299079295 ], [ 118.545478925500746, 31.459044034937229 ], [ 118.54642589106426, 31.459032601609131 ], [ 118.546412549205584, 31.458220866113109 ], [ 118.545465591804117, 31.458232299079295 ] ] ] } },
{ "type": "Feature", "properties": { "area_m2": 8100.0000000419095, "area_km2": 0.0081000000000419087, "relative_position": "后方", "distance_m": 6565.2390866255901, "elevation": 199.2 }, "geometry": { "type": "Polygon", "coordinates": [ [ [ 118.544518633863902, 31.458243725047648 ], [ 118.544531959398427, 31.45905546126729 ], [ 118.545478925500746, 31.459044034937229 ], [ 118.545465591804117, 31.458232299079295 ], [ 118.544518633863902, 31.458243725047648 ] ] ] } },
{ "type": "Feature", "properties": { "area_m2": 8099.9999999738066, "area_km2": 0.008099999999973807, "relative_position": "后方", "distance_m": 6494.8601059164812, "elevation": 116.8 }, "geometry": { "type": "Polygon", "coordinates": [ [ [ 118.54642589106426, 31.459032601609131 ], [ 118.546439233462053, 31.459844336997048 ], [ 118.547386206648824, 31.459832896308768 ], [ 118.547372856088657, 31.459021161282987 ], [ 118.54642589106426, 31.459032601609131 ] ] ] } },
{ "type": "Feature", "properties": { "area_m2": 8099.9999999214197, "area_km2": 0.0080999999999214201, "relative_position": "后方", "distance_m": 6484.4996788628823, "elevation": 161.0 }, "geometry": { "type": "Polygon", "coordinates": [ [ [ 118.545478925500746, 31.459044034937229 ], [ 118.54549225973615, 31.459855770687078 ], [ 118.546439233462053, 31.459844336997048 ], [ 118.54642589106426, 31.459032601609131 ], [ 118.545478925500746, 31.459044034937229 ] ] ] } },
{ "type": "Feature", "properties": { "area_m2": 8100.0000000314321, "area_km2": 0.0081000000000314328, "relative_position": "后方", "distance_m": 6787.1470776281303, "elevation": 91.2 }, "geometry": { "type": "Polygon", "coordinates": [ [ [ 118.548279747644656, 31.456574509320014 ], [ 118.548293104747898, 31.457386244307727 ], [ 118.549240052369385, 31.457374790710727 ], [ 118.54922668710482, 31.456563056085582 ], [ 118.548279747644656, 31.456574509320014 ] ] ] } },
{ "type": "Feature", "properties": { "area_m2": 8099.999999931897, "area_km2": 0.0080999999999318978, "relative_position": "后方", "distance_m": 6774.8513576971081, "elevation": 111.2 }, "geometry": { "type": "Polygon", "coordinates": [ [ [ 118.547332807644807, 31.456585955557092 ], [ 118.54734615658667, 31.457397690907158 ], [ 118.548293104747898, 31.457386244307727 ], [ 118.548279747644656, 31.456574509320014 ], [ 118.547332807644807, 31.456585955557092 ] ] ] } },
{ "type": "Feature", "properties": { "area_m2": 8099.9999999214197, "area_km2": 0.0080999999999214201, "relative_position": "后方", "distance_m": 6685.3608142808907, "elevation": 91.0 }, "geometry": { "type": "Polygon", "coordinates": [ [ [ 118.54734615658667, 31.457397690907158 ], [ 118.547359506067949, 31.458209426149114 ], [ 118.548306462390869, 31.458197979187322 ], [ 118.548293104747898, 31.457386244307727 ], [ 118.54734615658667, 31.457397690907158 ] ] ] } },
{ "type": "Feature", "properties": { "area_m2": 8100.0000000104774, "area_km2": 0.0081000000000104773, "relative_position": "后方", "distance_m": 6637.3528776156963, "elevation": 81.0 }, "geometry": { "type": "Polygon", "coordinates": [ [ [ 118.550200373417098, 31.458175064270403 ], [ 118.550213747923806, 31.458986798316527 ], [ 118.551160710788409, 31.45897532999841 ], [ 118.55114732811974, 31.458163596315305 ], [ 118.550200373417098, 31.458175064270403 ] ] ] } },
{ "type": "Feature", "properties": { "area_m2": 8099.9999999895226, "area_km2": 0.0080999999999895218, "relative_position": "后方", "distance_m": 6595.8915211662297, "elevation": 88.6 }, "geometry": { "type": "Polygon", "coordinates": [ [ [ 118.547359506067949, 31.458209426149114 ], [ 118.547372856088657, 31.459021161282987 ], [ 118.548319820573596, 31.459009713958832 ], [ 118.548306462390869, 31.458197979187322 ], [ 118.547359506067949, 31.458209426149114 ] ] ] } },
{ "type": "Feature", "properties": { "area_m2": 8100.000000083819, "area_km2": 0.0081000000000838197, "relative_position": "后方", "distance_m": 6548.4716388514398, "elevation": 110.8 }, "geometry": { "type": "Polygon", "coordinates": [ [ [ 118.550213747923806, 31.458986798316527 ], [ 118.550227122970966, 31.459798532254538 ], [ 118.551174093997872, 31.459787063573383 ], [ 118.551160710788409, 31.45897532999841 ], [ 118.550213747923806, 31.458986798316527 ] ] ] } },
{ "type": "Feature", "properties": { "area_m2": 8100.0000000628643, "area_km2": 0.0081000000000628642, "relative_position": "后方", "distance_m": 6533.2575839894107, "elevation": 74.6 }, "geometry": { "type": "Polygon", "coordinates": [ [ [ 118.54926678451875, 31.458998259636672 ], [ 118.549280151403593, 31.459809993937494 ], [ 118.550227122970966, 31.459798532254538 ], [ 118.550213747923806, 31.458986798316527 ], [ 118.54926678451875, 31.458998259636672 ] ] ] } },
{ "type": "Feature", "properties": { "area_m2": 8099.9999999423744, "area_km2": 0.0080999999999423738, "relative_position": "后方", "distance_m": 6506.4443545056383, "elevation": 80.6 }, "geometry": { "type": "Polygon", "coordinates": [ [ [ 118.547372856088657, 31.459021161282987 ], [ 118.547386206648824, 31.459832896308768 ], [ 118.548333179296108, 31.459821448622243 ], [ 118.548319820573596, 31.459009713958832 ], [ 118.547372856088657, 31.459021161282987 ] ] ] } },
{ "type": "Feature", "properties": { "area_m2": 8100.000000083819, "area_km2": 0.0081000000000838197, "relative_position": "后方", "distance_m": 6459.6289214552016, "elevation": 127.4 }, "geometry": { "type": "Polygon", "coordinates": [ [ [ 118.550227122970966, 31.459798532254538 ], [ 118.55024049855858, 31.460610266084434 ], [ 118.551187477748101, 31.46059879704023 ], [ 118.551174093997872, 31.459787063573383 ], [ 118.550227122970966, 31.459798532254538 ] ] ] } },
{ "type": "Feature", "properties": { "area_m2": 8100.0000001100125, "area_km2": 0.0081000000001100123, "relative_position": "后方", "distance_m": 6444.2052674879815, "elevation": 90.4 }, "geometry": { "type": "Polygon", "coordinates": [ [ [ 118.549280151403593, 31.459809993937494 ], [ 118.549293518828577, 31.460621728130207 ], [ 118.55024049855858, 31.460610266084434 ], [ 118.550227122970966, 31.459798532254538 ], [ 118.549280151403593, 31.459809993937494 ] ] ] } },
{ "type": "Feature", "properties": { "area_m2": 8099.9999999371357, "area_km2": 0.0080999999999371349, "relative_position": "后方", "distance_m": 6475.368948813164, "elevation": 200.6 }, "geometry": { "type": "Polygon", "coordinates": [ [ [ 118.544531959398427, 31.45905546126729 ], [ 118.544545285471429, 31.459867197378834 ], [ 118.54549225973615, 31.459855770687078 ], [ 118.545478925500746, 31.459044034937229 ], [ 118.544531959398427, 31.45905546126729 ] ] ] } },
{ "type": "Feature", "properties": { "area_m2": 8100.0000000890577, "area_km2": 0.0081000000000890585, "relative_position": "后方", "distance_m": 6405.2744104355688, "elevation": 110.0 }, "geometry": { "type": "Polygon", "coordinates": [ [ [ 118.546439233462053, 31.459844336997048 ], [ 118.546452576398991, 31.460656072276873 ], [ 118.547399557748449, 31.46064463122644 ], [ 118.547386206648824, 31.459832896308768 ], [ 118.546439233462053, 31.459844336997048 ] ] ] } },
{ "type": "Feature", "properties": { "area_m2": 8099.9999999842839, "area_km2": 0.0080999999999842847, "relative_position": "后方", "distance_m": 6394.7689894052592, "elevation": 149.8 }, "geometry": { "type": "Polygon", "coordinates": [ [ [ 118.54549225973615, 31.459855770687078 ], [ 118.545505594510374, 31.460667506328843 ], [ 118.546452576398991, 31.460656072276873 ], [ 118.546439233462053, 31.459844336997048 ], [ 118.54549225973615, 31.459855770687078 ] ] ] } },
{ "type": "Feature", "properties": { "area_m2": 8099.9999999057036, "area_km2": 0.0080999999999057035, "relative_position": "后方", "distance_m": 6385.5100993726965, "elevation": 189.6 }, "geometry": { "type": "Polygon", "coordinates": [ [ [ 118.544545285471429, 31.459867197378834 ], [ 118.544558612082923, 31.460678933382312 ], [ 118.545505594510374, 31.460667506328843 ], [ 118.54549225973615, 31.459855770687078 ], [ 118.544545285471429, 31.459867197378834 ] ] ] } },
{ "type": "Feature", "properties": { "area_m2": 8100.0000000471482, "area_km2": 0.0081000000000471476, "relative_position": "后方", "distance_m": 6315.7082089737123, "elevation": 102.0 }, "geometry": { "type": "Polygon", "coordinates": [ [ [ 118.546452576398991, 31.460656072276873 ], [ 118.546465919875089, 31.461467807448606 ], [ 118.547412909387575, 31.461456366036014 ], [ 118.547399557748449, 31.46064463122644 ], [ 118.546452576398991, 31.460656072276873 ] ] ] } },
{ "type": "Feature", "properties": { "area_m2": 8100.0000000157161, "area_km2": 0.0081000000000157162, "relative_position": "后方", "distance_m": 6305.0537036761834, "elevation": 126.4 }, "geometry": { "type": "Polygon", "coordinates": [ [ [ 118.545505594510374, 31.460667506328843 ], [ 118.54551892982343, 31.461479241862506 ], [ 118.546465919875089, 31.461467807448606 ], [ 118.546452576398991, 31.460656072276873 ], [ 118.545505594510374, 31.460667506328843 ] ] ] } },
{ "type": "Feature", "properties": { "area_m2": 8099.9999999633292, "area_km2": 0.0080999999999633292, "relative_position": "后方", "distance_m": 6295.6630211698093, "elevation": 164.0 }, "geometry": { "type": "Polygon", "coordinates": [ [ [ 118.544558612082923, 31.460678933382312 ], [ 118.544571939232895, 31.461490669277701 ], [ 118.54551892982343, 31.461479241862506 ], [ 118.545505594510374, 31.460667506328843 ], [ 118.544558612082923, 31.460678933382312 ] ] ] } },
{ "type": "Feature", "properties": { "area_m2": 8100.0000000576256, "area_km2": 0.0081000000000576253, "relative_position": "后方", "distance_m": 6226.1623423232049, "elevation": 94.4 }, "geometry": { "type": "Polygon", "coordinates": [ [ [ 118.546465919875089, 31.461467807448606 ], [ 118.546479263890362, 31.462279542512256 ], [ 118.54742626156623, 31.462268100737486 ], [ 118.547412909387575, 31.461456366036014 ], [ 118.546465919875089, 31.461467807448606 ] ] ] } },
{ "type": "Feature", "properties": { "area_m2": 8100.0000000157161, "area_km2": 0.0081000000000157162, "relative_position": "后方", "distance_m": 6215.3544882096185, "elevation": 117.2 }, "geometry": { "type": "Polygon", "coordinates": [ [ [ 118.54551892982343, 31.461479241862506 ], [ 118.54553226567532, 31.462290977288088 ], [ 118.546479263890362, 31.462279542512256 ], [ 118.546465919875089, 31.461467807448606 ], [ 118.54551892982343, 31.461479241862506 ] ] ] } },
{ "type": "Feature", "properties": { "area_m2": 8100.0000000052387, "area_km2": 0.0081000000000052384, "relative_position": "后方", "distance_m": 6205.8282249752383, "elevation": 159.4 }, "geometry": { "type": "Polygon", "coordinates": [ [ [ 118.544571939232895, 31.461490669277701 ], [ 118.544585266921402, 31.462302405065 ], [ 118.54553226567532, 31.462290977288088 ], [ 118.54551892982343, 31.461479241862506 ], [ 118.544571939232895, 31.461490669277701 ] ] ] } },
{ "type": "Feature", "properties": { "area_m2": 8099.9999999685679, "area_km2": 0.0080999999999685681, "relative_position": "后方", "distance_m": 6460.8167368623554, "elevation": 231.4 }, "geometry": { "type": "Polygon", "coordinates": [ [ [ 118.542638025578739, 31.459078292933196 ], [ 118.54265133532688, 31.459890029767497 ], [ 118.543598310668216, 31.459878617072306 ], [ 118.543584992757658, 31.459066880599284 ], [ 118.542638025578739, 31.459078292933196 ] ] ] } },
{ "type": "Feature", "properties": { "area_m2": 8100.0000000419095, "area_km2": 0.0081000000000419087, "relative_position": "后方", "distance_m": 6455.4036190367515, "elevation": 220.6 }, "geometry": { "type": "Polygon", "coordinates": [ [ [ 118.541691057862025, 31.45908969826904 ], [ 118.541704359447692, 31.459901435464371 ], [ 118.54265133532688, 31.459890029767497 ], [ 118.542638025578739, 31.459078292933196 ], [ 118.541691057862025, 31.45908969826904 ] ] ] } },
{ "type": "Feature", "properties": { "area_m2": 8100.0000001414446, "area_km2": 0.0081000000001414454, "relative_position": "后方", "distance_m": 6377.503170729271, "elevation": 219.4 }, "geometry": { "type": "Polygon", "coordinates": [ [ [ 118.543598310668216, 31.459878617072306 ], [ 118.543611629116953, 31.460690353437283 ], [ 118.544558612082923, 31.460678933382312 ], [ 118.544545285471429, 31.459867197378834 ], [ 118.543598310668216, 31.459878617072306 ] ] ] } },
{ "type": "Feature", "properties": { "area_m2": 8099.9999999580905, "area_km2": 0.0080999999999580904, "relative_position": "后方", "distance_m": 6370.7529252068571, "elevation": 233.8 }, "geometry": { "type": "Polygon", "coordinates": [ [ [ 118.54265133532688, 31.459890029767497 ], [ 118.542664645612831, 31.460701766493724 ], [ 118.543611629116953, 31.460690353437283 ], [ 118.543598310668216, 31.459878617072306 ], [ 118.54265133532688, 31.459890029767497 ] ] ] } },
{ "type": "Feature", "properties": { "area_m2": 8100.0000001414446, "area_km2": 0.0081000000001414454, "relative_position": "后方", "distance_m": 6365.2633621047244, "elevation": 227.2 }, "geometry": { "type": "Polygon", "coordinates": [ [ [ 118.541704359447692, 31.459901435464371 ], [ 118.541717661570843, 31.460713172551646 ], [ 118.542664645612831, 31.460701766493724 ], [ 118.54265133532688, 31.459890029767497 ], [ 118.541704359447692, 31.459901435464371 ] ] ] } },
{ "type": "Feature", "properties": { "area_m2": 8100.0000000419095, "area_km2": 0.0081000000000419087, "relative_position": "后方", "distance_m": 6287.5418254099068, "elevation": 205.8 }, "geometry": { "type": "Polygon", "coordinates": [ [ [ 118.543611629116953, 31.460690353437283 ], [ 118.543624948103869, 31.461502089694161 ], [ 118.544571939232895, 31.461490669277701 ], [ 118.544558612082923, 31.460678933382312 ], [ 118.543611629116953, 31.460690353437283 ] ] ] } },
{ "type": "Feature", "properties": { "area_m2": 8100.0000001257285, "area_km2": 0.0081000000001257288, "relative_position": "后方", "distance_m": 6280.6950421435786, "elevation": 229.4 }, "geometry": { "type": "Polygon", "coordinates": [ [ [ 118.542664645612831, 31.460701766493724 ], [ 118.54267795643662, 31.461513503111881 ], [ 118.543624948103869, 31.461502089694161 ], [ 118.543611629116953, 31.460690353437283 ], [ 118.542664645612831, 31.460701766493724 ] ] ] } },
{ "type": "Feature", "properties": { "area_m2": 8100.0000000523869, "area_km2": 0.0081000000000523865, "relative_position": "后方", "distance_m": 6275.1268441548818, "elevation": 225.2 }, "geometry": { "type": "Polygon", "coordinates": [ [ [ 118.541717661570843, 31.460713172551646 ], [ 118.541730964231533, 31.461524909530862 ], [ 118.54267795643662, 31.461513503111881 ], [ 118.542664645612831, 31.460701766493724 ], [ 118.541717661570843, 31.460713172551646 ] ] ] } },
{ "type": "Feature", "properties": { "area_m2": 8099.9999998952262, "area_km2": 0.0080999999998952257, "relative_position": "后方", "distance_m": 6197.5894636579787, "elevation": 198.4 }, "geometry": { "type": "Polygon", "coordinates": [ [ [ 118.543624948103869, 31.461502089694161 ], [ 118.543638267628964, 31.462313825842962 ], [ 118.544585266921402, 31.462302405065 ], [ 118.544571939232895, 31.461490669277701 ], [ 118.543624948103869, 31.461502089694161 ] ] ] } },
{ "type": "Feature", "properties": { "area_m2": 8100.0000000366708, "area_km2": 0.0081000000000366716, "relative_position": "后方", "distance_m": 6190.6433459113041, "elevation": 225.0 }, "geometry": { "type": "Polygon", "coordinates": [ [ [ 118.54267795643662, 31.461513503111881 ], [ 118.54269126779829, 31.462325239621968 ], [ 118.543638267628964, 31.462313825842962 ], [ 118.543624948103869, 31.461502089694161 ], [ 118.54267795643662, 31.461513503111881 ] ] ] } },
{ "type": "Feature", "properties": { "area_m2": 8100.0000001152512, "area_km2": 0.0081000000001152511, "relative_position": "后方", "distance_m": 6370.8263365122612, "elevation": 148.8 }, "geometry": { "type": "Polygon", "coordinates": [ [ [ 118.55024049855858, 31.460610266084434 ], [ 118.550253874686675, 31.461421999806198 ], [ 118.551200862039167, 31.461410530398947 ], [ 118.551187477748101, 31.46059879704023 ], [ 118.55024049855858, 31.460610266084434 ] ] ] } },
{ "type": "Feature", "properties": { "area_m2": 8099.9999999057036, "area_km2": 0.0080999999999057035, "relative_position": "后方", "distance_m": 6355.1873154664972, "elevation": 107.8 }, "geometry": { "type": "Polygon", "coordinates": [ [ [ 118.549293518828577, 31.460621728130207 ], [ 118.549306886793715, 31.461433462214789 ], [ 118.550253874686675, 31.461421999806198 ], [ 118.55024049855858, 31.460610266084434 ], [ 118.549293518828577, 31.460621728130207 ] ] ] } },
{ "type": "Feature", "properties": { "area_m2": 8099.999999916181, "area_km2": 0.0080999999999161812, "relative_position": "后方", "distance_m": 6340.7824438991511, "elevation": 82.6 }, "geometry": { "type": "Polygon", "coordinates": [ [ [ 118.548346538558448, 31.460633183177546 ], [ 118.548359898360573, 31.461444917624739 ], [ 118.549306886793715, 31.461433462214789 ], [ 118.549293518828577, 31.460621728130207 ], [ 118.548346538558448, 31.460633183177546 ] ] ] } },
{ "type": "Feature", "properties": { "area_m2": 8100.000000083819, "area_km2": 0.0081000000000838197, "relative_position": "后方", "distance_m": 6282.0655854505922, "elevation": 170.6 }, "geometry": { "type": "Polygon", "coordinates": [ [ [ 118.550253874686675, 31.461421999806198 ], [ 118.55026725135528, 31.462233733419836 ], [ 118.551214246871041, 31.462222263649551 ], [ 118.551200862039167, 31.461410530398947 ], [ 118.550253874686675, 31.461421999806198 ] ] ] } },
{ "type": "Feature", "properties": { "area_m2": 8099.9999998847488, "area_km2": 0.008099999999884748, "relative_position": "后方", "distance_m": 6266.2051919776868, "elevation": 127.8 }, "geometry": { "type": "Polygon", "coordinates": [ [ [ 118.549306886793715, 31.461433462214789 ], [ 118.549320255299023, 31.462245196191269 ], [ 118.55026725135528, 31.462233733419836 ], [ 118.550253874686675, 31.461421999806198 ], [ 118.549306886793715, 31.461433462214789 ] ] ] } },
{ "type": "Feature", "properties": { "area_m2": 8100.000000083819, "area_km2": 0.0081000000000838197, "relative_position": "后方", "distance_m": 6251.595442417045, "elevation": 94.2 }, "geometry": { "type": "Polygon", "coordinates": [ [ [ 118.548359898360573, 31.461444917624739 ], [ 118.54837325870254, 31.462256651963823 ], [ 118.549320255299023, 31.462245196191269 ], [ 118.549306886793715, 31.461433462214789 ], [ 118.548359898360573, 31.461444917624739 ] ] ] } },
{ "type": "Feature", "properties": { "area_m2": 8100.0000000209548, "area_km2": 0.008100000000020955, "relative_position": "后方", "distance_m": 6193.3484664127363, "elevation": 186.6 }, "geometry": { "type": "Polygon", "coordinates": [ [ [ 118.55026725135528, 31.462233733419836 ], [ 118.550280628564394, 31.463045466925376 ], [ 118.551227632243766, 31.463033996792017 ], [ 118.551214246871041, 31.462222263649551 ], [ 118.55026725135528, 31.462233733419836 ] ] ] } },
{ "type": "Feature", "properties": { "area_m2": 8100.0000000733417, "area_km2": 0.0081000000000733419, "relative_position": "后方", "distance_m": 6177.2604448251359, "elevation": 145.8 }, "geometry": { "type": "Polygon", "coordinates": [ [ [ 118.549320255299023, 31.462245196191269 ], [ 118.54933362434447, 31.463056930059633 ], [ 118.550280628564394, 31.463045466925376 ], [ 118.55026725135528, 31.462233733419836 ], [ 118.549320255299023, 31.462245196191269 ] ] ] } },
{ "type": "Feature", "properties": { "area_m2": 8100.0000000576256, "area_km2": 0.0081000000000576253, "relative_position": "后方", "distance_m": 6162.4399841086306, "elevation": 109.8 }, "geometry": { "type": "Polygon", "coordinates": [ [ [ 118.54837325870254, 31.462256651963823 ], [ 118.548386619584377, 31.463068386194795 ], [ 118.54933362434447, 31.463056930059633 ], [ 118.549320255299023, 31.462245196191269 ], [ 118.54837325870254, 31.462256651963823 ] ] ] } },
{ "type": "Feature", "properties": { "area_m2": 8100.0000000366708, "area_km2": 0.0081000000000366716, "relative_position": "后方", "distance_m": 6104.6768811589536, "elevation": 208.4 }, "geometry": { "type": "Polygon", "coordinates": [ [ [ 118.550280628564394, 31.463045466925376 ], [ 118.550294006314033, 31.463857200322764 ], [ 118.551241018157356, 31.463845729826357 ], [ 118.551227632243766, 31.463033996792017 ], [ 118.550280628564394, 31.463045466925376 ] ] ] } },
{ "type": "Feature", "properties": { "area_m2": 8099.9999999266583, "area_km2": 0.0080999999999266589, "relative_position": "后方", "distance_m": 6184.9942281526246, "elevation": 221.0 }, "geometry": { "type": "Polygon", "coordinates": [ [ [ 118.541730964231533, 31.461524909530862 ], [ 118.541744267429721, 31.462336646402004 ], [ 118.54269126779829, 31.462325239621968 ], [ 118.54267795643662, 31.461513503111881 ], [ 118.541730964231533, 31.461524909530862 ] ] ] } },
{ "type": "Feature", "properties": { "area_m2": 8099.9999999633292, "area_km2": 0.0080999999999633292, "relative_position": "后方", "distance_m": 6107.6464818914983, "elevation": 196.2 }, "geometry": { "type": "Polygon", "coordinates": [ [ [ 118.543638267628964, 31.462313825842962 ], [ 118.543651587692253, 31.46312556188369 ], [ 118.544598595148457, 31.463114140744221 ], [ 118.544585266921402, 31.462302405065 ], [ 118.543638267628964, 31.462313825842962 ] ] ] } },
{ "type": "Feature", "properties": { "area_m2": 8099.9999999790452, "area_km2": 0.0080999999999790458, "relative_position": "后方", "distance_m": 6100.5981099738301, "elevation": 221.8 }, "geometry": { "type": "Polygon", "coordinates": [ [ [ 118.54269126779829, 31.462325239621968 ], [ 118.542704579697826, 31.463136976023975 ], [ 118.543651587692253, 31.46312556188369 ], [ 118.543638267628964, 31.462313825842962 ], [ 118.54269126779829, 31.462325239621968 ] ] ] } },
{ "type": "Feature", "properties": { "area_m2": 8100.0000001466833, "area_km2": 0.0081000000001466826, "relative_position": "后方", "distance_m": 6094.8656867021909, "elevation": 217.4 }, "geometry": { "type": "Polygon", "coordinates": [ [ [ 118.541744267429721, 31.462336646402004 ], [ 118.541757571165491, 31.463148383165073 ], [ 118.542704579697826, 31.463136976023975 ], [ 118.54269126779829, 31.462325239621968 ], [ 118.541744267429721, 31.462336646402004 ] ] ] } },
{ "type": "Feature", "properties": { "area_m2": 8099.999999931897, "area_km2": 0.0080999999999318978, "relative_position": "后方", "distance_m": 6017.7133001846432, "elevation": 191.8 }, "geometry": { "type": "Polygon", "coordinates": [ [ [ 118.543651587692253, 31.46312556188369 ], [ 118.543664908293792, 31.463937297816329 ], [ 118.544611923914061, 31.463925876315344 ], [ 118.544598595148457, 31.463114140744221 ], [ 118.543651587692253, 31.46312556188369 ] ] ] } },
{ "type": "Feature", "properties": { "area_m2": 8099.9999998585554, "area_km2": 0.0080999999998585554, "relative_position": "后方", "distance_m": 6010.5596241621852, "elevation": 222.8 }, "geometry": { "type": "Polygon", "coordinates": [ [ [ 118.542704579697826, 31.463136976023975 ], [ 118.542717892135272, 31.463948712317912 ], [ 118.543664908293792, 31.463937297816329 ], [ 118.543651587692253, 31.46312556188369 ], [ 118.542704579697826, 31.463136976023975 ] ] ] } },
{ "type": "Feature", "properties": { "area_m2": 8100.000000068103, "area_km2": 0.0081000000000681031, "relative_position": "后方", "distance_m": 6004.7414027562481, "elevation": 216.4 }, "geometry": { "type": "Polygon", "coordinates": [ [ [ 118.541757571165491, 31.463148383165073 ], [ 118.5417708754388, 31.463960119820083 ], [ 118.542717892135272, 31.463948712317912 ], [ 118.542704579697826, 31.463136976023975 ], [ 118.541757571165491, 31.463148383165073 ] ] ] } },
{ "type": "Feature", "properties": { "area_m2": 8100.0000000785803, "area_km2": 0.0081000000000785808, "relative_position": "后方", "distance_m": 5927.7903640571067, "elevation": 192.4 }, "geometry": { "type": "Polygon", "coordinates": [ [ [ 118.543664908293792, 31.463937297816329 ], [ 118.543678229433553, 31.464749033640889 ], [ 118.544625253218257, 31.464737611778382 ], [ 118.544611923914061, 31.463925876315344 ], [ 118.543664908293792, 31.463937297816329 ] ] ] } },
{ "type": "Feature", "properties": { "area_m2": 8099.9999999580905, "area_km2": 0.0080999999999580904, "relative_position": "后方", "distance_m": 5920.5281959193835, "elevation": 226.2 }, "geometry": { "type": "Polygon", "coordinates": [ [ [ 118.542717892135272, 31.463948712317912 ], [ 118.542731205110599, 31.464760448503764 ], [ 118.543678229433553, 31.464749033640889 ], [ 118.543664908293792, 31.463937297816329 ], [ 118.542717892135272, 31.463948712317912 ] ] ] } },
{ "type": "Feature", "properties": { "area_m2": 8099.9999999790452, "area_km2": 0.0080999999999790458, "relative_position": "后方", "distance_m": 5914.6215704141068, "elevation": 228.4 }, "geometry": { "type": "Polygon", "coordinates": [ [ [ 118.5417708754388, 31.463960119820083 ], [ 118.541784180249735, 31.464771856367008 ], [ 118.542731205110599, 31.464760448503764 ], [ 118.542717892135272, 31.463948712317912 ], [ 118.5417708754388, 31.463960119820083 ] ] ] } },
{ "type": "Feature", "properties": { "area_m2": 8100.0000000785803, "area_km2": 0.0081000000000785808, "relative_position": "后方", "distance_m": 7186.3559249573445, "elevation": 85.0 }, "geometry": { "type": "Polygon", "coordinates": [ [ [ 118.551067043462794, 31.453293191946297 ], [ 118.551080422887239, 31.454104926278095 ], [ 118.552027336244379, 31.45409345314139 ], [ 118.552013948659948, 31.453281719172814 ], [ 118.551067043462794, 31.453293191946297 ] ] ] } },
{ "type": "Feature", "properties": { "area_m2": 8100.0000000576256, "area_km2": 0.0081000000000576253, "relative_position": "后方", "distance_m": 7097.4609970216152, "elevation": 95.0 }, "geometry": { "type": "Polygon", "coordinates": [ [ [ 118.551080422887239, 31.454104926278095 ], [ 118.55109380285235, 31.454916660501759 ], [ 118.552040724369775, 31.454905187001849 ], [ 118.552027336244379, 31.45409345314139 ], [ 118.551080422887239, 31.454104926278095 ] ] ] } },
{ "type": "Feature", "properties": { "area_m2": 8100.0000000471482, "area_km2": 0.0081000000000471476, "relative_position": "后方", "distance_m": 7008.6012281621624, "elevation": 80.6 }, "geometry": { "type": "Polygon", "coordinates": [ [ [ 118.55109380285235, 31.454916660501759 ], [ 118.551107183358141, 31.455728394617321 ], [ 118.552054113036192, 31.455716920754192 ], [ 118.552040724369775, 31.454905187001849 ], [ 118.55109380285235, 31.454916660501759 ] ] ] } },
{ "type": "Feature", "properties": { "area_m2": 8099.9999998795101, "area_km2": 0.0080999999998795109, "relative_position": "后方", "distance_m": 6777.6577121966448, "elevation": 82.0 }, "geometry": { "type": "Polygon", "coordinates": [ [ [ 118.553027837451339, 31.45732890634741 ], [ 118.553041235902441, 31.458140639411909 ], [ 118.553988188981862, 31.458129150463623 ], [ 118.553974782369139, 31.457317417762816 ], [ 118.553027837451339, 31.45732890634741 ] ] ] } },
{ "type": "Feature", "properties": { "area_m2": 8100.0, "area_km2": 0.0081, "relative_position": "后方", "distance_m": 6759.3785598749037, "elevation": 89.8 }, "geometry": { "type": "Polygon", "coordinates": [ [ [ 118.552080891992091, 31.457340387934511 ], [ 118.552094282281644, 31.45815212136247 ], [ 118.553041235902441, 31.458140639411909 ], [ 118.553027837451339, 31.45732890634741 ], [ 118.552080891992091, 31.457340387934511 ] ] ] } },
{ "type": "Feature", "properties": { "area_m2": 8099.9999998899875, "area_km2": 0.0080999999998899869, "relative_position": "后方", "distance_m": 6742.2467701345831, "elevation": 74.8 }, "geometry": { "type": "Polygon", "coordinates": [ [ [ 118.551133945991822, 31.457351862524106 ], [ 118.55114732811974, 31.458163596315305 ], [ 118.552094282281644, 31.45815212136247 ], [ 118.552080891992091, 31.457340387934511 ], [ 118.551133945991822, 31.457351862524106 ] ] ] } },
{ "type": "Feature", "properties": { "area_m2": 8100.000000068103, "area_km2": 0.0081000000000681031, "relative_position": "后方", "distance_m": 6689.4221445276435, "elevation": 113.4 }, "geometry": { "type": "Polygon", "coordinates": [ [ [ 118.553041235902441, 31.458140639411909 ], [ 118.553054634894991, 31.45895237236828 ], [ 118.554001596136303, 31.458940883056311 ], [ 118.553988188981862, 31.458129150463623 ], [ 118.553041235902441, 31.458140639411909 ] ] ] } },
{ "type": "Feature", "properties": { "area_m2": 8099.9999999528518, "area_km2": 0.0080999999999528515, "relative_position": "后方", "distance_m": 6670.9013594407625, "elevation": 122.6 }, "geometry": { "type": "Polygon", "coordinates": [ [ [ 118.552094282281644, 31.45815212136247 ], [ 118.552107673112246, 31.458963854682324 ], [ 118.553054634894991, 31.45895237236828 ], [ 118.553041235902441, 31.458140639411909 ], [ 118.552094282281644, 31.45815212136247 ] ] ] } },
{ "type": "Feature", "properties": { "area_m2": 8100.0000000942964, "area_km2": 0.0081000000000942957, "relative_position": "后方", "distance_m": 6653.5418993859412, "elevation": 115.2 }, "geometry": { "type": "Polygon", "coordinates": [ [ [ 118.55114732811974, 31.458163596315305 ], [ 118.551160710788409, 31.45897532999841 ], [ 118.552107673112246, 31.458963854682324 ], [ 118.552094282281644, 31.45815212136247 ], [ 118.55114732811974, 31.458163596315305 ] ] ] } },
{ "type": "Feature", "properties": { "area_m2": 8100.0000000471482, "area_km2": 0.0081000000000471476, "relative_position": "后方", "distance_m": 6601.2415951145058, "elevation": 128.4 }, "geometry": { "type": "Polygon", "coordinates": [ [ [ 118.553054634894991, 31.45895237236828 ], [ 118.553068034428975, 31.459764105216525 ], [ 118.554015003832518, 31.459752615540861 ], [ 118.554001596136303, 31.458940883056311 ], [ 118.553054634894991, 31.45895237236828 ] ] ] } },
{ "type": "Feature", "properties": { "area_m2": 8100.0000000419095, "area_km2": 0.0081000000000419087, "relative_position": "后方", "distance_m": 6709.0946357886678, "elevation": 97.2 }, "geometry": { "type": "Polygon", "coordinates": [ [ [ 118.553988188981862, 31.458129150463623 ], [ 118.554001596136303, 31.458940883056311 ], [ 118.554948556835868, 31.458929386746426 ], [ 118.554935141519522, 31.458117654517647 ], [ 118.553988188981862, 31.458129150463623 ] ] ] } },
{ "type": "Feature", "properties": { "area_m2": 8100.0000001571607, "area_km2": 0.0081000000001571603, "relative_position": "后方", "distance_m": 6621.1759473974425, "elevation": 110.8 }, "geometry": { "type": "Polygon", "coordinates": [ [ [ 118.554001596136303, 31.458940883056311 ], [ 118.554015003832518, 31.459752615540861 ], [ 118.554961972694286, 31.459741118867051 ], [ 118.554948556835868, 31.458929386746426 ], [ 118.554001596136303, 31.458940883056311 ] ] ] } },
{ "type": "Feature", "properties": { "area_m2": 8099.9999998114072, "area_km2": 0.0080999999998114074, "relative_position": "后方", "distance_m": 6554.6933847488517, "elevation": 81.2 }, "geometry": { "type": "Polygon", "coordinates": [ [ [ 118.554961972694286, 31.459741118867051 ], [ 118.554975389094821, 31.46055285087953 ], [ 118.55592236557699, 31.460541346843449 ], [ 118.555908941013925, 31.459729615195112 ], [ 118.554961972694286, 31.459741118867051 ] ] ] } },
{ "type": "Feature", "properties": { "area_m2": 8100.0000000104774, "area_km2": 0.0081000000000104773, "relative_position": "后方", "distance_m": 6533.3213922691839, "elevation": 116.8 }, "geometry": { "type": "Polygon", "coordinates": [ [ [ 118.554015003832518, 31.459752615540861 ], [ 118.554028412070508, 31.460564347917263 ], [ 118.554975389094821, 31.46055285087953 ], [ 118.554961972694286, 31.459741118867051 ], [ 118.554015003832518, 31.459752615540861 ] ] ] } },
{ "type": "Feature", "properties": { "area_m2": 8099.9999999057036, "area_km2": 0.0080999999999057035, "relative_position": "后方", "distance_m": 6467.1955557600531, "elevation": 93.0 }, "geometry": { "type": "Polygon", "coordinates": [ [ [ 118.554975389094821, 31.46055285087953 ], [ 118.554988806037471, 31.461364582783851 ], [ 118.555935790682497, 31.461353078383613 ], [ 118.55592236557699, 31.460541346843449 ], [ 118.554975389094821, 31.46055285087953 ] ] ] } },
{ "type": "Feature", "properties": { "area_m2": 8100.0000000261934, "area_km2": 0.0081000000000261939, "relative_position": "后方", "distance_m": 6445.5335923863577, "elevation": 125.0 }, "geometry": { "type": "Polygon", "coordinates": [ [ [ 118.554028412070508, 31.460564347917263 ], [ 118.554041820850273, 31.461376080185524 ], [ 118.554988806037471, 31.461364582783851 ], [ 118.554975389094821, 31.46055285087953 ], [ 118.554028412070508, 31.460564347917263 ] ] ] } },
{ "type": "Feature", "properties": { "area_m2": 8100.000000068103, "area_km2": 0.0081000000000681031, "relative_position": "后方", "distance_m": 6402.9196761013773, "elevation": 89.2 }, "geometry": { "type": "Polygon", "coordinates": [ [ [ 118.555935790682497, 31.461353078383613 ], [ 118.555949216330475, 31.462164809815643 ], [ 118.556896208596214, 31.46215329805246 ], [ 118.556882774785066, 31.461341566984824 ], [ 118.555935790682497, 31.461353078383613 ] ] ] } },
{ "type": "Feature", "properties": { "area_m2": 8100.0, "area_km2": 0.0081, "relative_position": "后方", "distance_m": 6379.7749741593825, "elevation": 112.4 }, "geometry": { "type": "Polygon", "coordinates": [ [ [ 118.554988806037471, 31.461364582783851 ], [ 118.555002223522266, 31.462176314580038 ], [ 118.555949216330475, 31.462164809815643 ], [ 118.555935790682497, 31.461353078383613 ], [ 118.554988806037471, 31.461364582783851 ] ] ] } },
{ "type": "Feature", "properties": { "area_m2": 8100.0000001100125, "area_km2": 0.0081000000001100123, "relative_position": "后方", "distance_m": 6357.8153125057042, "elevation": 137.6 }, "geometry": { "type": "Polygon", "coordinates": [ [ [ 118.554041820850273, 31.461376080185524 ], [ 118.554055230171898, 31.462187812345643 ], [ 118.555002223522266, 31.462176314580038 ], [ 118.554988806037471, 31.461364582783851 ], [ 118.554041820850273, 31.461376080185524 ] ] ] } },
{ "type": "Feature", "properties": { "area_m2": 8100.0000001676381, "area_km2": 0.008100000000167638, "relative_position": "后方", "distance_m": 6315.899477730467, "elevation": 99.4 }, "geometry": { "type": "Polygon", "coordinates": [ [ [ 118.555949216330475, 31.462164809815643 ], [ 118.555962642520967, 31.462976541139511 ], [ 118.556909642950188, 31.462965029011947 ], [ 118.556896208596214, 31.46215329805246 ], [ 118.555949216330475, 31.462164809815643 ] ] ] } },
{ "type": "Feature", "properties": { "area_m2": 8099.9999999685679, "area_km2": 0.0080999999999685681, "relative_position": "后方", "distance_m": 6582.4728476312403, "elevation": 143.0 }, "geometry": { "type": "Polygon", "coordinates": [ [ [ 118.552107673112246, 31.458963854682324 ], [ 118.552121064483984, 31.459775587894043 ], [ 118.553068034428975, 31.459764105216525 ], [ 118.553054634894991, 31.45895237236828 ], [ 118.552107673112246, 31.458963854682324 ] ] ] } },
{ "type": "Feature", "properties": { "area_m2": 8100.0000000471482, "area_km2": 0.0081000000000471476, "relative_position": "后方", "distance_m": 6564.879703426157, "elevation": 141.0 }, "geometry": { "type": "Polygon", "coordinates": [ [ [ 118.551160710788409, 31.45897532999841 ], [ 118.551174093997872, 31.459787063573383 ], [ 118.552121064483984, 31.459775587894043 ], [ 118.552107673112246, 31.458963854682324 ], [ 118.551160710788409, 31.45897532999841 ] ] ] } },
{ "type": "Feature", "properties": { "area_m2": 8100.0000000576256, "area_km2": 0.0081000000000576253, "relative_position": "后方", "distance_m": 6513.1182981440834, "elevation": 143.8 }, "geometry": { "type": "Polygon", "coordinates": [ [ [ 118.553068034428975, 31.459764105216525 ], [ 118.553081434504406, 31.46057583795664 ], [ 118.554028412070508, 31.460564347917263 ], [ 118.554015003832518, 31.459752615540861 ], [ 118.553068034428975, 31.459764105216525 ] ] ] } },
{ "type": "Feature", "properties": { "area_m2": 8100.0000000104774, "area_km2": 0.0081000000000104773, "relative_position": "后方", "distance_m": 6494.0950129140519, "elevation": 163.4 }, "geometry": { "type": "Polygon", "coordinates": [ [ [ 118.552121064483984, 31.459775587894043 ], [ 118.552134456396814, 31.460587320997636 ], [ 118.553081434504406, 31.46057583795664 ], [ 118.553068034428975, 31.459764105216525 ], [ 118.552121064483984, 31.459775587894043 ] ] ] } },
{ "type": "Feature", "properties": { "area_m2": 8099.9999999423744, "area_km2": 0.0080999999999423738, "relative_position": "后方", "distance_m": 6476.2619344742752, "elevation": 157.8 }, "geometry": { "type": "Polygon", "coordinates": [ [ [ 118.551174093997872, 31.459787063573383 ], [ 118.551187477748101, 31.46059879704023 ], [ 118.552134456396814, 31.460587320997636 ], [ 118.552121064483984, 31.459775587894043 ], [ 118.551174093997872, 31.459787063573383 ] ] ] } },
{ "type": "Feature", "properties": { "area_m2": 8099.9999998690328, "area_km2": 0.0080999999998690331, "relative_position": "后方", "distance_m": 6425.0546088864603, "elevation": 158.2 }, "geometry": { "type": "Polygon", "coordinates": [ [ [ 118.553081434504406, 31.46057583795664 ], [ 118.5530948351213, 31.461387570588599 ], [ 118.554041820850273, 31.461376080185524 ], [ 118.554028412070508, 31.460564347917263 ], [ 118.553081434504406, 31.46057583795664 ] ] ] } },
{ "type": "Feature", "properties": { "area_m2": 8100.0000000157161, "area_km2": 0.0081000000000157162, "relative_position": "后方", "distance_m": 6405.7699523206365, "elevation": 187.4 }, "geometry": { "type": "Polygon", "coordinates": [ [ [ 118.552134456396814, 31.460587320997636 ], [ 118.552147848850808, 31.461399053993077 ], [ 118.5530948351213, 31.461387570588599 ], [ 118.553081434504406, 31.46057583795664 ], [ 118.552134456396814, 31.460587320997636 ] ] ] } },
{ "type": "Feature", "properties": { "area_m2": 8099.9999999790452, "area_km2": 0.0080999999999790458, "relative_position": "后方", "distance_m": 6387.6904410800435, "elevation": 182.0 }, "geometry": { "type": "Polygon", "coordinates": [ [ [ 118.551187477748101, 31.46059879704023 ], [ 118.551200862039167, 31.461410530398947 ], [ 118.552147848850808, 31.461399053993077 ], [ 118.552134456396814, 31.460587320997636 ], [ 118.551187477748101, 31.46059879704023 ] ] ] } },
{ "type": "Feature", "properties": { "area_m2": 8099.9999999633292, "area_km2": 0.0080999999999633292, "relative_position": "后方", "distance_m": 6337.0530118890374, "elevation": 170.0 }, "geometry": { "type": "Polygon", "coordinates": [ [ [ 118.5530948351213, 31.461387570588599 ], [ 118.55310823627967, 31.462199303112435 ], [ 118.554055230171898, 31.462187812345643 ], [ 118.554041820850273, 31.461376080185524 ], [ 118.5530948351213, 31.461387570588599 ] ] ] } },
{ "type": "Feature", "properties": { "area_m2": 8100.0000000523869, "area_km2": 0.0081000000000523865, "relative_position": "后方", "distance_m": 6317.4998788671519, "elevation": 200.6 }, "geometry": { "type": "Polygon", "coordinates": [ [ [ 118.552147848850808, 31.461399053993077 ], [ 118.552161241845937, 31.462210786880412 ], [ 118.55310823627967, 31.462199303112435 ], [ 118.5530948351213, 31.461387570588599 ], [ 118.552147848850808, 31.461399053993077 ] ] ] } },
{ "type": "Feature", "properties": { "area_m2": 8100.0000000314321, "area_km2": 0.0081000000000314328, "relative_position": "后方", "distance_m": 6299.1671747688179, "elevation": 202.0 }, "geometry": { "type": "Polygon", "coordinates": [ [ [ 118.551200862039167, 31.461410530398947 ], [ 118.551214246871041, 31.462222263649551 ], [ 118.552161241845937, 31.462210786880412 ], [ 118.552147848850808, 31.461399053993077 ], [ 118.551200862039167, 31.461410530398947 ] ] ] } },
{ "type": "Feature", "properties": { "area_m2": 8099.9999999790452, "area_km2": 0.0080999999999790458, "relative_position": "后方", "distance_m": 6249.1161298563329, "elevation": 189.6 }, "geometry": { "type": "Polygon", "coordinates": [ [ [ 118.55310823627967, 31.462199303112435 ], [ 118.553121637979558, 31.463011035528126 ], [ 118.554068640035311, 31.462999544397611 ], [ 118.554055230171898, 31.462187812345643 ], [ 118.55310823627967, 31.462199303112435 ] ] ] } },
{ "type": "Feature", "properties": { "area_m2": 8099.9999999685679, "area_km2": 0.0080999999999685681, "relative_position": "后方", "distance_m": 6229.2871295862269, "elevation": 217.2 }, "geometry": { "type": "Polygon", "coordinates": [ [ [ 118.552161241845937, 31.462210786880412 ], [ 118.552174635382258, 31.463022519659596 ], [ 118.553121637979558, 31.463011035528126 ], [ 118.55310823627967, 31.462199303112435 ], [ 118.552161241845937, 31.462210786880412 ] ] ] } },
{ "type": "Feature", "properties": { "area_m2": 8100.0000000104774, "area_km2": 0.0081000000000104773, "relative_position": "后方", "distance_m": 6210.6941972342493, "elevation": 219.4 }, "geometry": { "type": "Polygon", "coordinates": [ [ [ 118.551214246871041, 31.462222263649551 ], [ 118.551227632243766, 31.463033996792017 ], [ 118.552174635382258, 31.463022519659596 ], [ 118.552161241845937, 31.462210786880412 ], [ 118.551214246871041, 31.462222263649551 ] ] ] } },
{ "type": "Feature", "properties": { "area_m2": 8099.9999997956911, "area_km2": 0.0080999999997956908, "relative_position": "后方", "distance_m": 6161.2467332291944, "elevation": 216.0 }, "geometry": { "type": "Polygon", "coordinates": [ [ [ 118.553121637979558, 31.463011035528126 ], [ 118.55313504022098, 31.463822767835669 ], [ 118.554082050440613, 31.463811276341421 ], [ 118.554068640035311, 31.462999544397611 ], [ 118.553121637979558, 31.463011035528126 ] ] ] } },
{ "type": "Feature", "properties": { "area_m2": 8100.0000000052387, "area_km2": 0.0081000000000052384, "relative_position": "后方", "distance_m": 6141.1341742316408, "elevation": 241.8 }, "geometry": { "type": "Polygon", "coordinates": [ [ [ 118.552174635382258, 31.463022519659596 ], [ 118.552188029459757, 31.463834252330646 ], [ 118.55313504022098, 31.463822767835669 ], [ 118.553121637979558, 31.463011035528126 ], [ 118.552174635382258, 31.463022519659596 ] ] ] } },
{ "type": "Feature", "properties": { "area_m2": 8099.9999998637941, "area_km2": 0.0080999999998637943, "relative_position": "后方", "distance_m": 6122.2736881426954, "elevation": 245.2 }, "geometry": { "type": "Polygon", "coordinates": [ [ [ 118.551227632243766, 31.463033996792017 ], [ 118.551241018157356, 31.463845729826357 ], [ 118.552188029459757, 31.463834252330646 ], [ 118.552174635382258, 31.463022519659596 ], [ 118.551227632243766, 31.463033996792017 ] ] ] } },
{ "type": "Feature", "properties": { "area_m2": 8099.9999998533167, "area_km2": 0.0080999999998533165, "relative_position": "后方", "distance_m": 6073.4477505960749, "elevation": 236.6 }, "geometry": { "type": "Polygon", "coordinates": [ [ [ 118.55313504022098, 31.463822767835669 ], [ 118.55314844300392, 31.464634500035064 ], [ 118.554095461387789, 31.464623008177085 ], [ 118.554082050440613, 31.463811276341421 ], [ 118.55313504022098, 31.463822767835669 ] ] ] } },
{ "type": "Feature", "properties": { "area_m2": 8100.0000000733417, "area_km2": 0.0081000000000733419, "relative_position": "后方", "distance_m": 6053.0436247005582, "elevation": 253.6 }, "geometry": { "type": "Polygon", "coordinates": [ [ [ 118.552188029459757, 31.463834252330646 ], [ 118.552201424078504, 31.464645984893568 ], [ 118.55314844300392, 31.464634500035064 ], [ 118.55313504022098, 31.463822767835669 ], [ 118.552188029459757, 31.463834252330646 ] ] ] } },
{ "type": "Feature", "properties": { "area_m2": 8099.9999999790452, "area_km2": 0.0080999999999790458, "relative_position": "后方", "distance_m": 6033.9079535857545, "elevation": 258.4 }, "geometry": { "type": "Polygon", "coordinates": [ [ [ 118.551241018157356, 31.463845729826357 ], [ 118.551254404611825, 31.464657462752552 ], [ 118.552201424078504, 31.464645984893568 ], [ 118.552188029459757, 31.463834252330646 ], [ 118.551241018157356, 31.463845729826357 ] ] ] } },
{ "type": "Feature", "properties": { "area_m2": 8099.9999999371357, "area_km2": 0.0080999999999371349, "relative_position": "后方", "distance_m": 6292.434859038447, "elevation": 129.2 }, "geometry": { "type": "Polygon", "coordinates": [ [ [ 118.555002223522266, 31.462176314580038 ], [ 118.555015641549247, 31.462988046268062 ], [ 118.555962642520967, 31.462976541139511 ], [ 118.555949216330475, 31.462164809815643 ], [ 118.555002223522266, 31.462176314580038 ] ] ] } },
{ "type": "Feature", "properties": { "area_m2": 8099.9999999947613, "area_km2": 0.0080999999999947607, "relative_position": "后方", "distance_m": 6270.1694698393785, "elevation": 156.4 }, "geometry": { "type": "Polygon", "coordinates": [ [ [ 118.554055230171898, 31.462187812345643 ], [ 118.554068640035311, 31.462999544397611 ], [ 118.555015641549247, 31.462988046268062 ], [ 118.555002223522266, 31.462176314580038 ], [ 118.554055230171898, 31.462187812345643 ] ] ] } },
{ "type": "Feature", "properties": { "area_m2": 8099.999999916181, "area_km2": 0.0080999999999161812, "relative_position": "后方", "distance_m": 6253.9648002240338, "elevation": 84.4 }, "geometry": { "type": "Polygon", "coordinates": [ [ [ 118.556909642950188, 31.462965029011947 ], [ 118.556923077847031, 31.463776759863251 ], [ 118.557870085897193, 31.463765240372091 ], [ 118.557856642836569, 31.462953509885395 ], [ 118.556909642950188, 31.462965029011947 ] ] ] } },
{ "type": "Feature", "properties": { "area_m2": 8099.9999999842839, "area_km2": 0.0080999999999842847, "relative_position": "后方", "distance_m": 6228.97177753496, "elevation": 112.8 }, "geometry": { "type": "Polygon", "coordinates": [ [ [ 118.555962642520967, 31.462976541139511 ], [ 118.555976069253973, 31.463788272355199 ], [ 118.556923077847031, 31.463776759863251 ], [ 118.556909642950188, 31.462965029011947 ], [ 118.555962642520967, 31.462976541139511 ] ] ] } },
{ "type": "Feature", "properties": { "area_m2": 8099.9999998847488, "area_km2": 0.008099999999884748, "relative_position": "后方", "distance_m": 6205.1786076854996, "elevation": 141.2 }, "geometry": { "type": "Polygon", "coordinates": [ [ [ 118.555015641549247, 31.462988046268062 ], [ 118.5550290601184, 31.463799777847928 ], [ 118.555976069253973, 31.463788272355199 ], [ 118.555962642520967, 31.462976541139511 ], [ 118.555015641549247, 31.462988046268062 ] ] ] } },
{ "type": "Feature", "properties": { "area_m2": 8100.0000000157161, "area_km2": 0.0081000000000157162, "relative_position": "后方", "distance_m": 6182.5991445453692, "elevation": 184.8 }, "geometry": { "type": "Polygon", "coordinates": [ [ [ 118.554068640035311, 31.462999544397611 ], [ 118.554082050440613, 31.463811276341421 ], [ 118.5550290601184, 31.463799777847928 ], [ 118.555015641549247, 31.462988046268062 ], [ 118.554068640035311, 31.462999544397611 ] ] ] } },
{ "type": "Feature", "properties": { "area_m2": 8099.9999998533167, "area_km2": 0.0080999999998533165, "relative_position": "后方", "distance_m": 6167.4852536810695, "elevation": 89.4 }, "geometry": { "type": "Polygon", "coordinates": [ [ [ 118.556923077847031, 31.463776759863251 ], [ 118.556936513286715, 31.464588490606374 ], [ 118.557883529501012, 31.464576970750599 ], [ 118.557870085897193, 31.463765240372091 ], [ 118.556923077847031, 31.463776759863251 ] ] ] } },
{ "type": "Feature", "properties": { "area_m2": 8100.0000000785803, "area_km2": 0.0081000000000785808, "relative_position": "后方", "distance_m": 6142.1405023023262, "elevation": 121.2 }, "geometry": { "type": "Polygon", "coordinates": [ [ [ 118.555976069253973, 31.463788272355199 ], [ 118.55598949652952, 31.464600003462731 ], [ 118.556936513286715, 31.464588490606374 ], [ 118.556923077847031, 31.463776759863251 ], [ 118.555976069253973, 31.463788272355199 ] ] ] } },
{ "type": "Feature", "properties": { "area_m2": 8100.0000000523869, "area_km2": 0.0081000000000523865, "relative_position": "后方", "distance_m": 6118.0098078380752, "elevation": 165.2 }, "geometry": { "type": "Polygon", "coordinates": [ [ [ 118.5550290601184, 31.463799777847928 ], [ 118.555042479229769, 31.464611509319635 ], [ 118.55598949652952, 31.464600003462731 ], [ 118.555976069253973, 31.463788272355199 ], [ 118.5550290601184, 31.463799777847928 ] ] ] } },
{ "type": "Feature", "properties": { "area_m2": 8100.0000000261934, "area_km2": 0.0081000000000261939, "relative_position": "后方", "distance_m": 6095.1075910595064, "elevation": 214.6 }, "geometry": { "type": "Polygon", "coordinates": [ [ [ 118.554082050440613, 31.463811276341421 ], [ 118.554095461387789, 31.464623008177085 ], [ 118.555042479229769, 31.464611509319635 ], [ 118.5550290601184, 31.463799777847928 ], [ 118.554082050440613, 31.463811276341421 ] ] ] } },
{ "type": "Feature", "properties": { "area_m2": 8099.9999998637941, "area_km2": 0.0080999999998637943, "relative_position": "后方", "distance_m": 6081.1158784271356, "elevation": 91.4 }, "geometry": { "type": "Polygon", "coordinates": [ [ [ 118.556936513286715, 31.464588490606374 ], [ 118.556949949269296, 31.465400221241349 ], [ 118.557896973648042, 31.465388701020952 ], [ 118.557883529501012, 31.464576970750599 ], [ 118.556936513286715, 31.464588490606374 ] ] ] } },
{ "type": "Feature", "properties": { "area_m2": 8100.0000000104774, "area_km2": 0.0081000000000104773, "relative_position": "后方", "distance_m": 6055.409799560739, "elevation": 132.8 }, "geometry": { "type": "Polygon", "coordinates": [ [ [ 118.55598949652952, 31.464600003462731 ], [ 118.556002924347609, 31.465411734462101 ], [ 118.556949949269296, 31.465400221241349 ], [ 118.556936513286715, 31.464588490606374 ], [ 118.55598949652952, 31.464600003462731 ] ] ] } },
{ "type": "Feature", "properties": { "area_m2": 8100.0000000261934, "area_km2": 0.0081000000000261939, "relative_position": "后方", "distance_m": 6030.932250954038, "elevation": 183.4 }, "geometry": { "type": "Polygon", "coordinates": [ [ [ 118.555042479229769, 31.464611509319635 ], [ 118.555055898883339, 31.46542324068319 ], [ 118.556002924347609, 31.465411734462101 ], [ 118.55598949652952, 31.464600003462731 ], [ 118.555042479229769, 31.464611509319635 ] ] ] } },
{ "type": "Feature", "properties": { "area_m2": 8099.9999999790452, "area_km2": 0.0080999999999790458, "relative_position": "后方", "distance_m": 6007.6982503846293, "elevation": 216.0 }, "geometry": { "type": "Polygon", "coordinates": [ [ [ 118.554095461387789, 31.464623008177085 ], [ 118.554108872876867, 31.465434739904605 ], [ 118.555055898883339, 31.46542324068319 ], [ 118.555042479229769, 31.464611509319635 ], [ 118.554095461387789, 31.464623008177085 ] ] ] } },
{ "type": "Feature", "properties": { "area_m2": 8099.9999999109423, "area_km2": 0.0080999999999109423, "relative_position": "后方", "distance_m": 5994.8614357388715, "elevation": 92.2 }, "geometry": { "type": "Polygon", "coordinates": [ [ [ 118.556949949269296, 31.465400221241349 ], [ 118.556963385794745, 31.466211951768141 ], [ 118.557910418338309, 31.466200431183111 ], [ 118.557896973648042, 31.465388701020952 ], [ 118.556949949269296, 31.465400221241349 ] ] ] } },
{ "type": "Feature", "properties": { "area_m2": 8100.0000000157161, "area_km2": 0.0081000000000157162, "relative_position": "后方", "distance_m": 5968.7840529661498, "elevation": 146.0 }, "geometry": { "type": "Polygon", "coordinates": [ [ [ 118.556002924347609, 31.465411734462101 ], [ 118.556016352708269, 31.466223465353305 ], [ 118.556963385794745, 31.466211951768141 ], [ 118.556949949269296, 31.465400221241349 ], [ 118.556002924347609, 31.465411734462101 ] ] ] } },
{ "type": "Feature", "properties": { "area_m2": 8100.0000001676381, "area_km2": 0.008100000000167638, "relative_position": "后方", "distance_m": 5943.9499465819708, "elevation": 184.6 }, "geometry": { "type": "Polygon", "coordinates": [ [ [ 118.555055898883339, 31.46542324068319 ], [ 118.555069319079166, 31.466234971938583 ], [ 118.556016352708269, 31.466223465353305 ], [ 118.556002924347609, 31.465411734462101 ], [ 118.555055898883339, 31.46542324068319 ] ] ] } },
{ "type": "Feature", "properties": { "area_m2": 8100.0000000104774, "area_km2": 0.0081000000000104773, "relative_position": "后方", "distance_m": 5920.3747634056563, "elevation": 196.6 }, "geometry": { "type": "Polygon", "coordinates": [ [ [ 118.554108872876867, 31.465434739904605 ], [ 118.55412228490782, 31.466246471523974 ], [ 118.555069319079166, 31.466234971938583 ], [ 118.555055898883339, 31.46542324068319 ], [ 118.554108872876867, 31.465434739904605 ] ] ] } },
{ "type": "Feature", "properties": { "area_m2": 8099.9999999685679, "area_km2": 0.0080999999999685681, "relative_position": "后方", "distance_m": 5908.7269583861298, "elevation": 84.4 }, "geometry": { "type": "Polygon", "coordinates": [ [ [ 118.556963385794745, 31.466211951768141 ], [ 118.556976822863163, 31.46702368218677 ], [ 118.557923863571858, 31.467012161237093 ], [ 118.557910418338309, 31.466200431183111 ], [ 118.556963385794745, 31.466211951768141 ] ] ] } },
{ "type": "Feature", "properties": { "area_m2": 8099.9999999685679, "area_km2": 0.0080999999999685681, "relative_position": "后方", "distance_m": 5882.2678989288679, "elevation": 132.0 }, "geometry": { "type": "Polygon", "coordinates": [ [ [ 118.556016352708269, 31.466223465353305 ], [ 118.556029781611514, 31.467035196136347 ], [ 118.556976822863163, 31.46702368218677 ], [ 118.556963385794745, 31.466211951768141 ], [ 118.556016352708269, 31.466223465353305 ] ] ] } },
{ "type": "Feature", "properties": { "area_m2": 8100.0000001100125, "area_km2": 0.0081000000001100123, "relative_position": "后方", "distance_m": 5985.7222799481069, "elevation": 229.0 }, "geometry": { "type": "Polygon", "coordinates": [ [ [ 118.55314844300392, 31.464634500035064 ], [ 118.553161846328436, 31.465446232126329 ], [ 118.554108872876867, 31.465434739904605 ], [ 118.554095461387789, 31.464623008177085 ], [ 118.55314844300392, 31.464634500035064 ] ] ] } },
{ "type": "Feature", "properties": { "area_m2": 8099.9999998952262, "area_km2": 0.0080999999998952257, "relative_position": "后方", "distance_m": 5965.0182452738363, "elevation": 240.6 }, "geometry": { "type": "Polygon", "coordinates": [ [ [ 118.552201424078504, 31.464645984893568 ], [ 118.552214819238458, 31.465457717348329 ], [ 118.553161846328436, 31.465446232126329 ], [ 118.55314844300392, 31.464634500035064 ], [ 118.552201424078504, 31.464645984893568 ] ] ] } },
{ "type": "Feature", "properties": { "area_m2": 8099.9999999371357, "area_km2": 0.0080999999999371349, "relative_position": "后方", "distance_m": 5945.5994352839989, "elevation": 248.8 }, "geometry": { "type": "Polygon", "coordinates": [ [ [ 118.551254404611825, 31.464657462752552 ], [ 118.551267791607216, 31.465469195570627 ], [ 118.552214819238458, 31.465457717348329 ], [ 118.552201424078504, 31.464645984893568 ], [ 118.551254404611825, 31.464657462752552 ] ] ] } },
{ "type": "Feature", "properties": { "area_m2": 8099.9999999895226, "area_km2": 0.0080999999999895218, "relative_position": "后方", "distance_m": 5898.0736009235934, "elevation": 207.4 }, "geometry": { "type": "Polygon", "coordinates": [ [ [ 118.553161846328436, 31.465446232126329 ], [ 118.553175250194556, 31.466257964109428 ], [ 118.55412228490782, 31.466246471523974 ], [ 118.554108872876867, 31.465434739904605 ], [ 118.553161846328436, 31.465446232126329 ] ] ] } },
{ "type": "Feature", "properties": { "area_m2": 8100.0000000523869, "area_km2": 0.0081000000000523865, "relative_position": "后方", "distance_m": 5877.0609637392254, "elevation": 213.8 }, "geometry": { "type": "Polygon", "coordinates": [ [ [ 118.552214819238458, 31.465457717348329 ], [ 118.55222821493966, 31.46626944969497 ], [ 118.553175250194556, 31.466257964109428 ], [ 118.553161846328436, 31.465446232126329 ], [ 118.552214819238458, 31.465457717348329 ] ] ] } },
{ "type": "Feature", "properties": { "area_m2": 8099.9999999633292, "area_km2": 0.0080999999999633292, "relative_position": "后方", "distance_m": 5857.3507205737051, "elevation": 222.8 }, "geometry": { "type": "Polygon", "coordinates": [ [ [ 118.551267791607216, 31.465469195570627 ], [ 118.551281179143501, 31.466280928280565 ], [ 118.55222821493966, 31.46626944969497 ], [ 118.552214819238458, 31.465457717348329 ], [ 118.551267791607216, 31.465469195570627 ] ] ] } },
{ "type": "Feature", "properties": { "area_m2": 8099.9999999476131, "area_km2": 0.0080999999999476126, "relative_position": "后方", "distance_m": 5810.5051880799865, "elevation": 171.8 }, "geometry": { "type": "Polygon", "coordinates": [ [ [ 118.553175250194556, 31.466257964109428 ], [ 118.553188654602266, 31.467069695984392 ], [ 118.554135697480746, 31.467058203035172 ], [ 118.55412228490782, 31.466246471523974 ], [ 118.553175250194556, 31.466257964109428 ] ] ] } },
{ "type": "Feature", "properties": { "area_m2": 8100.0000000419095, "area_km2": 0.0081000000000419087, "relative_position": "后方", "distance_m": 5789.1748834773452, "elevation": 173.6 }, "geometry": { "type": "Polygon", "coordinates": [ [ [ 118.55222821493966, 31.46626944969497 ], [ 118.552241611182168, 31.467081181933459 ], [ 118.553188654602266, 31.467069695984392 ], [ 118.553175250194556, 31.466257964109428 ], [ 118.55222821493966, 31.46626944969497 ] ] ] } },
{ "type": "Feature", "properties": { "area_m2": 8100.0000000052387, "area_km2": 0.0081000000000052384, "relative_position": "后方", "distance_m": 5769.1645532965149, "elevation": 185.8 }, "geometry": { "type": "Polygon", "coordinates": [ [ [ 118.551281179143501, 31.466280928280565 ], [ 118.551294567220765, 31.467092660882361 ], [ 118.552241611182168, 31.467081181933459 ], [ 118.55222821493966, 31.46626944969497 ], [ 118.551281179143501, 31.466280928280565 ] ] ] } },
{ "type": "Feature", "properties": { "area_m2": 8100.0000000104774, "area_km2": 0.0081000000000104773, "relative_position": "后方", "distance_m": 5723.0207253591179, "elevation": 123.8 }, "geometry": { "type": "Polygon", "coordinates": [ [ [ 118.553188654602266, 31.467069695984392 ], [ 118.553202059551609, 31.467881427751191 ], [ 118.554149110595617, 31.467869934438216 ], [ 118.554135697480746, 31.467058203035172 ], [ 118.553188654602266, 31.467069695984392 ] ] ] } },
{ "type": "Feature", "properties": { "area_m2": 8099.9999999371357, "area_km2": 0.0080999999999371349, "relative_position": "后方", "distance_m": 6410.1861419265942, "elevation": 80.6 }, "geometry": { "type": "Polygon", "coordinates": [ [ [ 118.572129408825006, 31.466838506990324 ], [ 118.572142977081285, 31.467650231439872 ], [ 118.573090017223194, 31.467638598122431 ], [ 118.573076440801799, 31.466826874041065 ], [ 118.572129408825006, 31.466838506990324 ] ] ] } },
{ "type": "Feature", "properties": { "area_m2": 8099.9999999947613, "area_km2": 0.0080999999999947607, "relative_position": "后方", "distance_m": 6365.555478866846, "elevation": 87.4 }, "geometry": { "type": "Polygon", "coordinates": [ [ [ 118.571182376300015, 31.466850132939708 ], [ 118.571195936391121, 31.467661857757228 ], [ 118.572142977081285, 31.467650231439872 ], [ 118.572129408825006, 31.466838506990324 ], [ 118.571182376300015, 31.466850132939708 ] ] ] } },
{ "type": "Feature", "properties": { "area_m2": 8100.0000000995351, "area_km2": 0.0081000000000995345, "relative_position": "后方", "distance_m": 6321.8861848996821, "elevation": 78.8 }, "geometry": { "type": "Polygon", "coordinates": [ [ [ 118.570235343227139, 31.466861751889216 ], [ 118.570248895153043, 31.467673477074488 ], [ 118.571195936391121, 31.467661857757228 ], [ 118.571182376300015, 31.466850132939708 ], [ 118.570235343227139, 31.466861751889216 ] ] ] } },
{ "type": "Feature", "properties": { "area_m2": 8099.9999999528518, "area_km2": 0.0080999999999528515, "relative_position": "后方", "distance_m": 6332.2776592582104, "elevation": 89.6 }, "geometry": { "type": "Polygon", "coordinates": [ [ [ 118.572142977081285, 31.467650231439872 ], [ 118.572156545885761, 31.468461955781152 ], [ 118.573103594193171, 31.468450322095517 ], [ 118.573090017223194, 31.467638598122431 ], [ 118.572142977081285, 31.467650231439872 ] ] ] } },
{ "type": "Feature", "properties": { "area_m2": 8099.9999998847488, "area_km2": 0.008099999999884748, "relative_position": "后方", "distance_m": 6287.094122446284, "elevation": 112.4 }, "geometry": { "type": "Polygon", "coordinates": [ [ [ 118.571195936391121, 31.467661857757228 ], [ 118.571209497030111, 31.46847358246648 ], [ 118.572156545885761, 31.468461955781152 ], [ 118.572142977081285, 31.467650231439872 ], [ 118.571195936391121, 31.467661857757228 ] ] ] } },
{ "type": "Feature", "properties": { "area_m2": 8100.000000068103, "area_km2": 0.0081000000000681031, "relative_position": "后方", "distance_m": 6242.8761683246512, "elevation": 103.6 }, "geometry": { "type": "Polygon", "coordinates": [ [ [ 118.570248895153043, 31.467673477074488 ], [ 118.570262447626533, 31.468485202151491 ], [ 118.571209497030111, 31.46847358246648 ], [ 118.571195936391121, 31.467661857757228 ], [ 118.570248895153043, 31.467673477074488 ] ] ] } },
{ "type": "Feature", "properties": { "area_m2": 8099.9999999685679, "area_km2": 0.0080999999999685681, "relative_position": "后方", "distance_m": 6199.6444588113372, "elevation": 90.2 }, "geometry": { "type": "Polygon", "coordinates": [ [ [ 118.569301853367392, 31.467685089391615 ], [ 118.569315397675354, 31.468496814836147 ], [ 118.570262447626533, 31.468485202151491 ], [ 118.570248895153043, 31.467673477074488 ], [ 118.569301853367392, 31.467685089391615 ] ] ] } },
{ "type": "Feature", "properties": { "area_m2": 8099.9999998271232, "area_km2": 0.008099999999827124, "relative_position": "后方", "distance_m": 6157.4197687362475, "elevation": 84.4 }, "geometry": { "type": "Polygon", "coordinates": [ [ [ 118.56835481103451, 31.467696694708611 ], [ 118.568368347176914, 31.468508420520457 ], [ 118.569315397675354, 31.468496814836147 ], [ 118.569301853367392, 31.467685089391615 ], [ 118.56835481103451, 31.467696694708611 ] ] ] } },
{ "type": "Feature", "properties": { "area_m2": 8099.9999999371357, "area_km2": 0.0080999999999371349, "relative_position": "后方", "distance_m": 6116.2229559893531, "elevation": 87.0 }, "geometry": { "type": "Polygon", "coordinates": [ [ [ 118.567407768154695, 31.467708293025474 ], [ 118.567421296131528, 31.468520019204401 ], [ 118.568368347176914, 31.468508420520457 ], [ 118.56835481103451, 31.467696694708611 ], [ 118.567407768154695, 31.467708293025474 ] ] ] } },
{ "type": "Feature", "properties": { "area_m2": 8100.0, "area_km2": 0.0081, "relative_position": "后方", "distance_m": 6076.0749294659963, "elevation": 89.4 }, "geometry": { "type": "Polygon", "coordinates": [ [ [ 118.566460724728287, 31.467719884342163 ], [ 118.566474244539549, 31.468531610887961 ], [ 118.567421296131528, 31.468520019204401 ], [ 118.567407768154695, 31.467708293025474 ], [ 118.566460724728287, 31.467719884342163 ] ] ] } },
{ "type": "Feature", "properties": { "area_m2": 8100.0000000576256, "area_km2": 0.0081000000000576253, "relative_position": "后方", "distance_m": 5701.3632966292071, "elevation": 137.8 }, "geometry": { "type": "Polygon", "coordinates": [ [ [ 118.552241611182168, 31.467081181933459 ], [ 118.552255007965925, 31.467892914063803 ], [ 118.553202059551609, 31.467881427751191 ], [ 118.553188654602266, 31.467069695984392 ], [ 118.552241611182168, 31.467081181933459 ] ] ] } },
{ "type": "Feature", "properties": { "area_m2": 8100.0000000104774, "area_km2": 0.0081000000000104773, "relative_position": "后方", "distance_m": 5681.0438456592692, "elevation": 166.2 }, "geometry": { "type": "Polygon", "coordinates": [ [ [ 118.551294567220765, 31.467092660882361 ], [ 118.551307955838979, 31.467904393376017 ], [ 118.552255007965925, 31.467892914063803 ], [ 118.552241611182168, 31.467081181933459 ], [ 118.551294567220765, 31.467092660882361 ] ] ] } },
{ "type": "Feature", "properties": { "area_m2": 8099.9999999842839, "area_km2": 0.0080999999999842847, "relative_position": "后方", "distance_m": 5635.6241218021587, "elevation": 92.6 }, "geometry": { "type": "Polygon", "coordinates": [ [ [ 118.553202059551609, 31.467881427751191 ], [ 118.553215465042584, 31.468693159409845 ], [ 118.554162524252462, 31.468681665733104 ], [ 118.554149110595617, 31.467869934438216 ], [ 118.553202059551609, 31.467881427751191 ] ] ] } },
{ "type": "Feature", "properties": { "area_m2": 8100.0000001728768, "area_km2": 0.0081000000001728769, "relative_position": "后方", "distance_m": 5613.6296984531864, "elevation": 121.8 }, "geometry": { "type": "Polygon", "coordinates": [ [ [ 118.552255007965925, 31.467892914063803 ], [ 118.552268405291031, 31.468704646086 ], [ 118.553215465042584, 31.468693159409845 ], [ 118.553202059551609, 31.467881427751191 ], [ 118.552255007965925, 31.467892914063803 ] ] ] } },
{ "type": "Feature", "properties": { "area_m2": 8099.999999916181, "area_km2": 0.0080999999999161812, "relative_position": "后方", "distance_m": 5592.9916911629498, "elevation": 161.4 }, "geometry": { "type": "Polygon", "coordinates": [ [ [ 118.551307955838979, 31.467904393376017 ], [ 118.551321344998158, 31.468716125761539 ], [ 118.552268405291031, 31.468704646086 ], [ 118.552255007965925, 31.467892914063803 ], [ 118.551307955838979, 31.467904393376017 ] ] ] } },
{ "type": "Feature", "properties": { "area_m2": 8099.9999999842839, "area_km2": 0.0080999999999842847, "relative_position": "后方", "distance_m": 5573.7251687066246, "elevation": 201.6 }, "geometry": { "type": "Polygon", "coordinates": [ [ [ 118.550360903171025, 31.467915865687846 ], [ 118.550374284164306, 31.468727598436466 ], [ 118.551321344998158, 31.468716125761539 ], [ 118.551307955838979, 31.467904393376017 ], [ 118.550360903171025, 31.467915865687846 ] ] ] } },
{ "type": "Feature", "properties": { "area_m2": 8100.0000000576256, "area_km2": 0.0081000000000576253, "relative_position": "后方", "distance_m": 5548.319528697657, "elevation": 87.6 }, "geometry": { "type": "Polygon", "coordinates": [ [ [ 118.553215465042584, 31.468693159409845 ], [ 118.553228871075191, 31.469504890960348 ], [ 118.55417593845128, 31.469493396919834 ], [ 118.554162524252462, 31.468681665733104 ], [ 118.553215465042584, 31.468693159409845 ] ] ] } },
{ "type": "Feature", "properties": { "area_m2": 8099.9999999476131, "area_km2": 0.0080999999999476126, "relative_position": "后方", "distance_m": 5525.9778029656345, "elevation": 129.4 }, "geometry": { "type": "Polygon", "coordinates": [ [ [ 118.552268405291031, 31.468704646086 ], [ 118.55228180315747, 31.469516378000041 ], [ 118.553228871075191, 31.469504890960348 ], [ 118.553215465042584, 31.468693159409845 ], [ 118.552268405291031, 31.468704646086 ] ] ] } },
{ "type": "Feature", "properties": { "area_m2": 8100.0000000052387, "area_km2": 0.0081000000000052384, "relative_position": "后方", "distance_m": 5505.0113787548607, "elevation": 183.2 }, "geometry": { "type": "Polygon", "coordinates": [ [ [ 118.551321344998158, 31.468716125761539 ], [ 118.551334734698372, 31.469527858038919 ], [ 118.55228180315747, 31.469516378000041 ], [ 118.552268405291031, 31.468704646086 ], [ 118.551321344998158, 31.468716125761539 ] ] ] } },
{ "type": "Feature", "properties": { "area_m2": 8100.0000000157161, "area_km2": 0.0081000000000157162, "relative_position": "后方", "distance_m": 5485.4360275573763, "elevation": 221.6 }, "geometry": { "type": "Polygon", "coordinates": [ [ [ 118.550374284164306, 31.468727598436466 ], [ 118.550387665698238, 31.469539331076945 ], [ 118.551334734698372, 31.469527858038919 ], [ 118.551321344998158, 31.468716125761539 ], [ 118.550374284164306, 31.468727598436466 ] ] ] } },
{ "type": "Feature", "properties": { "area_m2": 8099.9999999790452, "area_km2": 0.0080999999999790458, "relative_position": "后方", "distance_m": 6036.9966148590538, "elevation": 91.8 }, "geometry": { "type": "Polygon", "coordinates": [ [ [ 118.565513680755643, 31.467731468658695 ], [ 118.565527192401277, 31.468543195571129 ], [ 118.566474244539549, 31.468531610887961 ], [ 118.566460724728287, 31.467719884342163 ], [ 118.565513680755643, 31.467731468658695 ] ] ] } },
{ "type": "Feature", "properties": { "area_m2": 8099.9999998847488, "area_km2": 0.008099999999884748, "relative_position": "后方", "distance_m": 5999.00891826316, "elevation": 81.0 }, "geometry": { "type": "Polygon", "coordinates": [ [ [ 118.56456663623706, 31.467743045975023 ], [ 118.564580139717052, 31.468554773253874 ], [ 118.565527192401277, 31.468543195571129 ], [ 118.565513680755643, 31.467731468658695 ], [ 118.56456663623706, 31.467743045975023 ] ] ] } },
{ "type": "Feature", "properties": { "area_m2": 8099.9999998690328, "area_km2": 0.0080999999998690331, "relative_position": "后方", "distance_m": 5962.1326876564081, "elevation": 81.0 }, "geometry": { "type": "Polygon", "coordinates": [ [ [ 118.563619591172866, 31.467754616291153 ], [ 118.563633086487243, 31.468566343936207 ], [ 118.564580139717052, 31.468554773253874 ], [ 118.56456663623706, 31.467743045975023 ], [ 118.563619591172866, 31.467754616291153 ] ] ] } },
{ "type": "Feature", "properties": { "area_m2": 8099.9999999842839, "area_km2": 0.0080999999999842847, "relative_position": "后方", "distance_m": 5926.3886723023625, "elevation": 85.6 }, "geometry": { "type": "Polygon", "coordinates": [ [ [ 118.562672545563402, 31.467766179607064 ], [ 118.562686032712122, 31.468577907618101 ], [ 118.563633086487243, 31.468566343936207 ], [ 118.563619591172866, 31.467754616291153 ], [ 118.562672545563402, 31.467766179607064 ] ] ] } },
{ "type": "Feature", "properties": { "area_m2": 8099.9999999790452, "area_km2": 0.0080999999999790458, "relative_position": "后方", "distance_m": 5891.7974801704695, "elevation": 79.6 }, "geometry": { "type": "Polygon", "coordinates": [ [ [ 118.561725499409022, 31.467777735922745 ], [ 118.561738978392029, 31.468589464299544 ], [ 118.562686032712122, 31.468577907618101 ], [ 118.562672545563402, 31.467766179607064 ], [ 118.561725499409022, 31.467777735922745 ] ] ] } },
{ "type": "Feature", "properties": { "area_m2": 8100.0000002566958, "area_km2": 0.0081000000002566953, "relative_position": "后方", "distance_m": 6254.7015562145261, "elevation": 105.8 }, "geometry": { "type": "Polygon", "coordinates": [ [ [ 118.572156545885761, 31.468461955781152 ], [ 118.572170115238507, 31.469273680014165 ], [ 118.573117171711729, 31.469262045960328 ], [ 118.573103594193171, 31.468450322095517 ], [ 118.572156545885761, 31.468461955781152 ] ] ] } },
{ "type": "Feature", "properties": { "area_m2": 8099.9999999580905, "area_km2": 0.0080999999999580904, "relative_position": "后方", "distance_m": 6208.9536705810569, "elevation": 126.2 }, "geometry": { "type": "Polygon", "coordinates": [ [ [ 118.571209497030111, 31.46847358246648 ], [ 118.571223058217029, 31.469285307067473 ], [ 118.572170115238507, 31.469273680014165 ], [ 118.572156545885761, 31.468461955781152 ], [ 118.571209497030111, 31.46847358246648 ] ] ] } },
{ "type": "Feature", "properties": { "area_m2": 8099.9999999580905, "area_km2": 0.0080999999999580904, "relative_position": "后方", "distance_m": 6164.175371096112, "elevation": 125.6 }, "geometry": { "type": "Polygon", "coordinates": [ [ [ 118.570262447626533, 31.468485202151491 ], [ 118.57027600064761, 31.469296927120233 ], [ 118.571223058217029, 31.469285307067473 ], [ 118.571209497030111, 31.46847358246648 ], [ 118.570262447626533, 31.468485202151491 ] ] ] } },
{ "type": "Feature", "properties": { "area_m2": 8099.9999999895226, "area_km2": 0.0080999999999895218, "relative_position": "后方", "distance_m": 6120.3879403182127, "elevation": 127.4 }, "geometry": { "type": "Polygon", "coordinates": [ [ [ 118.569315397675354, 31.468496814836147 ], [ 118.569328942530575, 31.469308540172431 ], [ 118.57027600064761, 31.469296927120233 ], [ 118.570262447626533, 31.468485202151491 ], [ 118.569315397675354, 31.468496814836147 ] ] ] } },
{ "type": "Feature", "properties": { "area_m2": 8099.9999999790452, "area_km2": 0.0080999999999790458, "relative_position": "后方", "distance_m": 6077.612796366996, "elevation": 129.0 }, "geometry": { "type": "Polygon", "coordinates": [ [ [ 118.568368347176914, 31.468508420520457 ], [ 118.568381883866266, 31.469320146224046 ], [ 118.569328942530575, 31.469308540172431 ], [ 118.569315397675354, 31.468496814836147 ], [ 118.568368347176914, 31.468508420520457 ] ] ] } },
{ "type": "Feature", "properties": { "area_m2": 8100.0000000785803, "area_km2": 0.0081000000000785808, "relative_position": "后方", "distance_m": 6136.6377001590836, "elevation": 100.0 }, "geometry": { "type": "Polygon", "coordinates": [ [ [ 118.546479263890362, 31.462279542512256 ], [ 118.546492608444851, 31.46309127746779 ], [ 118.5474396142844, 31.463079835330852 ], [ 118.54742626156623, 31.462268100737486 ], [ 118.546479263890362, 31.462279542512256 ] ] ] } },
{ "type": "Feature", "properties": { "area_m2": 8099.999999916181, "area_km2": 0.0080999999999161812, "relative_position": "后方", "distance_m": 6125.6720484592852, "elevation": 118.2 }, "geometry": { "type": "Polygon", "coordinates": [ [ [ 118.54553226567532, 31.462290977288088 ], [ 118.545545602066099, 31.463102712605583 ], [ 118.546492608444851, 31.46309127746779 ], [ 118.546479263890362, 31.462279542512256 ], [ 118.54553226567532, 31.462290977288088 ] ] ] } },
{ "type": "Feature", "properties": { "area_m2": 8099.9999998952262, "area_km2": 0.0080999999998952257, "relative_position": "后方", "distance_m": 6116.0062514919955, "elevation": 156.4 }, "geometry": { "type": "Polygon", "coordinates": [ [ [ 118.544585266921402, 31.462302405065 ], [ 118.544598595148457, 31.463114140744221 ], [ 118.545545602066099, 31.463102712605583 ], [ 118.54553226567532, 31.462290977288088 ], [ 118.544585266921402, 31.462302405065 ] ] ] } },
{ "type": "Feature", "properties": { "area_m2": 8100.0000001047738, "area_km2": 0.0081000000001047734, "relative_position": "后方", "distance_m": 6047.1352246162414, "elevation": 103.4 }, "geometry": { "type": "Polygon", "coordinates": [ [ [ 118.546492608444851, 31.46309127746779 ], [ 118.546505953538542, 31.463903012315225 ], [ 118.5474529675421, 31.463891569816123 ], [ 118.5474396142844, 31.463079835330852 ], [ 118.546492608444851, 31.46309127746779 ] ] ] } },
{ "type": "Feature", "properties": { "area_m2": 8099.9999998218846, "area_km2": 0.0080999999998218851, "relative_position": "后方", "distance_m": 6036.0071316662761, "elevation": 117.4 }, "geometry": { "type": "Polygon", "coordinates": [ [ [ 118.545545602066099, 31.463102712605583 ], [ 118.545558938995768, 31.463914447814972 ], [ 118.546505953538542, 31.463903012315225 ], [ 118.546492608444851, 31.46309127746779 ], [ 118.545545602066099, 31.463102712605583 ] ] ] } },
{ "type": "Feature", "properties": { "area_m2": 8099.9999999266583, "area_km2": 0.0080999999999266589, "relative_position": "后方", "distance_m": 6026.1976735825865, "elevation": 147.6 }, "geometry": { "type": "Polygon", "coordinates": [ [ [ 118.544598595148457, 31.463114140744221 ], [ 118.544611923914061, 31.463925876315344 ], [ 118.545558938995768, 31.463914447814972 ], [ 118.545545602066099, 31.463102712605583 ], [ 118.544598595148457, 31.463114140744221 ] ] ] } },
{ "type": "Feature", "properties": { "area_m2": 8100.0000000261934, "area_km2": 0.0081000000000261939, "relative_position": "后方", "distance_m": 5957.6559142125643, "elevation": 104.8 }, "geometry": { "type": "Polygon", "coordinates": [ [ [ 118.546505953538542, 31.463903012315225 ], [ 118.546519299171479, 31.464714747054558 ], [ 118.547466321339385, 31.464703304193268 ], [ 118.5474529675421, 31.463891569816123 ], [ 118.546505953538542, 31.463903012315225 ] ] ] } },
{ "type": "Feature", "properties": { "area_m2": 8099.9999999580905, "area_km2": 0.0080999999999580904, "relative_position": "后方", "distance_m": 5946.3605299926094, "elevation": 122.8 }, "geometry": { "type": "Polygon", "coordinates": [ [ [ 118.545558938995768, 31.463914447814972 ], [ 118.545572276464327, 31.464726182916269 ], [ 118.546519299171479, 31.464714747054558 ], [ 118.546505953538542, 31.463903012315225 ], [ 118.545558938995768, 31.463914447814972 ] ] ] } },
{ "type": "Feature", "properties": { "area_m2": 8100.0000000209548, "area_km2": 0.008100000000020955, "relative_position": "后方", "distance_m": 5936.4030986878452, "elevation": 149.6 }, "geometry": { "type": "Polygon", "coordinates": [ [ [ 118.544611923914061, 31.463925876315344 ], [ 118.544625253218257, 31.464737611778382 ], [ 118.545572276464327, 31.464726182916269 ], [ 118.545558938995768, 31.463914447814972 ], [ 118.544611923914061, 31.463925876315344 ] ] ] } },
{ "type": "Feature", "properties": { "area_m2": 8100.0000000052387, "area_km2": 0.0081000000000052384, "relative_position": "后方", "distance_m": 5868.2008280947502, "elevation": 114.4 }, "geometry": { "type": "Polygon", "coordinates": [ [ [ 118.546519299171479, 31.464714747054558 ], [ 118.546532645343689, 31.465526481685796 ], [ 118.547479675676257, 31.465515038462311 ], [ 118.547466321339385, 31.464703304193268 ], [ 118.546519299171479, 31.464714747054558 ] ] ] } },
{ "type": "Feature", "properties": { "area_m2": 8099.9999999738066, "area_km2": 0.008099999999973807, "relative_position": "后方", "distance_m": 6088.3547115961946, "elevation": 163.4 }, "geometry": { "type": "Polygon", "coordinates": [ [ [ 118.54933362434447, 31.463056930059633 ], [ 118.549346993930172, 31.463868663819877 ], [ 118.550294006314033, 31.463857200322764 ], [ 118.550280628564394, 31.463045466925376 ], [ 118.54933362434447, 31.463056930059633 ] ] ] } },
{ "type": "Feature", "properties": { "area_m2": 8099.9999998271232, "area_km2": 0.008099999999827124, "relative_position": "后方", "distance_m": 6073.3174576092115, "elevation": 125.4 }, "geometry": { "type": "Polygon", "coordinates": [ [ [ 118.548386619584377, 31.463068386194795 ], [ 118.548399981006099, 31.463880120317661 ], [ 118.549346993930172, 31.463868663819877 ], [ 118.54933362434447, 31.463056930059633 ], [ 118.548386619584377, 31.463068386194795 ] ] ] } },
{ "type": "Feature", "properties": { "area_m2": 8100.0000000995351, "area_km2": 0.0081000000000995345, "relative_position": "后方", "distance_m": 6059.5746863265931, "elevation": 99.2 }, "geometry": { "type": "Polygon", "coordinates": [ [ [ 118.5474396142844, 31.463079835330852 ], [ 118.5474529675421, 31.463891569816123 ], [ 118.548399981006099, 31.463880120317661 ], [ 118.548386619584377, 31.463068386194795 ], [ 118.5474396142844, 31.463079835330852 ] ] ] } },
{ "type": "Feature", "properties": { "area_m2": 8100.0000000523869, "area_km2": 0.0081000000000523865, "relative_position": "后方", "distance_m": 6016.0528425630919, "elevation": 230.6 }, "geometry": { "type": "Polygon", "coordinates": [ [ [ 118.550294006314033, 31.463857200322764 ], [ 118.550307384604253, 31.464668933612032 ], [ 118.551254404611825, 31.464657462752552 ], [ 118.551241018157356, 31.463845729826357 ], [ 118.550294006314033, 31.463857200322764 ] ] ] } },
{ "type": "Feature", "properties": { "area_m2": 8099.9999999633292, "area_km2": 0.0080999999999633292, "relative_position": "后方", "distance_m": 5999.4897262011191, "elevation": 183.2 }, "geometry": { "type": "Polygon", "coordinates": [ [ [ 118.549346993930172, 31.463868663819877 ], [ 118.549360364056099, 31.464680397471987 ], [ 118.550307384604253, 31.464668933612032 ], [ 118.550294006314033, 31.463857200322764 ], [ 118.549346993930172, 31.463868663819877 ] ] ] } },
{ "type": "Feature", "properties": { "area_m2": 8099.9999999947613, "area_km2": 0.0080999999999947607, "relative_position": "后方", "distance_m": 5984.2293337540614, "elevation": 139.2 }, "geometry": { "type": "Polygon", "coordinates": [ [ [ 118.548399981006099, 31.463880120317661 ], [ 118.548413342967706, 31.464691854332408 ], [ 118.549360364056099, 31.464680397471987 ], [ 118.549346993930172, 31.463868663819877 ], [ 118.548399981006099, 31.463880120317661 ] ] ] } },
{ "type": "Feature", "properties": { "area_m2": 8100.0000000471482, "area_km2": 0.0081000000000471476, "relative_position": "后方", "distance_m": 5970.2816560715773, "elevation": 105.6 }, "geometry": { "type": "Polygon", "coordinates": [ [ [ 118.5474529675421, 31.463891569816123 ], [ 118.547466321339385, 31.464703304193268 ], [ 118.548413342967706, 31.464691854332408 ], [ 118.548399981006099, 31.463880120317661 ], [ 118.5474529675421, 31.463891569816123 ] ] ] } },
{ "type": "Feature", "properties": { "area_m2": 8100.0000001047738, "area_km2": 0.0081000000001047734, "relative_position": "后方", "distance_m": 5927.4784827660233, "elevation": 231.8 }, "geometry": { "type": "Polygon", "coordinates": [ [ [ 118.550307384604253, 31.464668933612032 ], [ 118.550320763435025, 31.465480666793187 ], [ 118.551267791607216, 31.465469195570627 ], [ 118.551254404611825, 31.464657462752552 ], [ 118.550307384604253, 31.464668933612032 ] ] ] } },
{ "type": "Feature", "properties": { "area_m2": 8100.0000000157161, "area_km2": 0.0081000000000157162, "relative_position": "后方", "distance_m": 5910.6673260038087, "elevation": 194.6 }, "geometry": { "type": "Polygon", "coordinates": [ [ [ 118.549360364056099, 31.464680397471987 ], [ 118.549373734722266, 31.465492131015999 ], [ 118.550320763435025, 31.465480666793187 ], [ 118.550307384604253, 31.464668933612032 ], [ 118.549360364056099, 31.464680397471987 ] ] ] } },
{ "type": "Feature", "properties": { "area_m2": 8100.0000001309672, "area_km2": 0.0081000000001309677, "relative_position": "后方", "distance_m": 5895.1771716977291, "elevation": 156.2 }, "geometry": { "type": "Polygon", "coordinates": [ [ [ 118.548413342967706, 31.464691854332408 ], [ 118.548426705469225, 31.465503588239045 ], [ 118.549373734722266, 31.465492131015999 ], [ 118.549360364056099, 31.464680397471987 ], [ 118.548413342967706, 31.464691854332408 ] ] ] } },
{ "type": "Feature", "properties": { "area_m2": 8099.9999999790452, "area_km2": 0.0080999999999790458, "relative_position": "后方", "distance_m": 5881.0184594593793, "elevation": 126.6 }, "geometry": { "type": "Polygon", "coordinates": [ [ [ 118.547466321339385, 31.464703304193268 ], [ 118.547479675676257, 31.465515038462311 ], [ 118.548426705469225, 31.465503588239045 ], [ 118.548413342967706, 31.464691854332408 ], [ 118.547466321339385, 31.464703304193268 ] ] ] } },
{ "type": "Feature", "properties": { "area_m2": 8100.0000000209548, "area_km2": 0.008100000000020955, "relative_position": "后方", "distance_m": 5838.95606205494, "elevation": 223.6 }, "geometry": { "type": "Polygon", "coordinates": [ [ [ 118.550320763435025, 31.465480666793187 ], [ 118.550334142806392, 31.466292399866209 ], [ 118.551281179143501, 31.466280928280565 ], [ 118.551267791607216, 31.465469195570627 ], [ 118.550320763435025, 31.465480666793187 ] ] ] } },
{ "type": "Feature", "properties": { "area_m2": 8099.9999997590203, "area_km2": 0.0080999999997590204, "relative_position": "后方", "distance_m": 5821.8894595929514, "elevation": 199.4 }, "geometry": { "type": "Polygon", "coordinates": [ [ [ 118.549373734722266, 31.465492131015999 ], [ 118.549387105928702, 31.46630386445187 ], [ 118.550334142806392, 31.466292399866209 ], [ 118.550320763435025, 31.465480666793187 ], [ 118.549373734722266, 31.465492131015999 ] ] ] } },
{ "type": "Feature", "properties": { "area_m2": 8099.9999999842839, "area_km2": 0.0080999999999842847, "relative_position": "后方", "distance_m": 5806.1626256013506, "elevation": 163.0 }, "geometry": { "type": "Polygon", "coordinates": [ [ [ 118.548426705469225, 31.465503588239045 ], [ 118.5484400685107, 31.466315322037559 ], [ 118.549387105928702, 31.46630386445187 ], [ 118.549373734722266, 31.465492131015999 ], [ 118.548426705469225, 31.465503588239045 ] ] ] } },
{ "type": "Feature", "properties": { "area_m2": 8100.0000000628643, "area_km2": 0.0081000000000628642, "relative_position": "后方", "distance_m": 5791.7864753451913, "elevation": 134.4 }, "geometry": { "type": "Polygon", "coordinates": [ [ [ 118.547479675676257, 31.465515038462311 ], [ 118.547493030552729, 31.466326772623248 ], [ 118.5484400685107, 31.466315322037559 ], [ 118.548426705469225, 31.465503588239045 ], [ 118.547479675676257, 31.465515038462311 ] ] ] } },
{ "type": "Feature", "properties": { "area_m2": 8100.0000000261934, "area_km2": 0.0081000000000261939, "relative_position": "后方", "distance_m": 5750.4879785252015, "elevation": 208.8 }, "geometry": { "type": "Polygon", "coordinates": [ [ [ 118.550334142806392, 31.466292399866209 ], [ 118.550347522718383, 31.467104132831089 ], [ 118.551294567220765, 31.467092660882361 ], [ 118.551281179143501, 31.466280928280565 ], [ 118.550334142806392, 31.466292399866209 ] ] ] } },
{ "type": "Feature", "properties": { "area_m2": 8099.9999999004649, "area_km2": 0.0080999999999004646, "relative_position": "后方", "distance_m": 5733.1581952439983, "elevation": 197.8 }, "geometry": { "type": "Polygon", "coordinates": [ [ [ 118.549387105928702, 31.46630386445187 ], [ 118.549400477675391, 31.467115597779628 ], [ 118.550347522718383, 31.467104132831089 ], [ 118.550334142806392, 31.466292399866209 ], [ 118.549387105928702, 31.46630386445187 ] ] ] } },
{ "type": "Feature", "properties": { "area_m2": 8100.0000000052387, "area_km2": 0.0081000000000052384, "relative_position": "后方", "distance_m": 5717.1874519229914, "elevation": 155.0 }, "geometry": { "type": "Polygon", "coordinates": [ [ [ 118.5484400685107, 31.466315322037559 ], [ 118.548453432092117, 31.467127055727971 ], [ 118.549400477675391, 31.467115597779628 ], [ 118.549387105928702, 31.46630386445187 ], [ 118.5484400685107, 31.466315322037559 ] ] ] } },
{ "type": "Feature", "properties": { "area_m2": 8100.0000000995351, "area_km2": 0.0081000000000995345, "relative_position": "后方", "distance_m": 5702.5871683902851, "elevation": 121.8 }, "geometry": { "type": "Polygon", "coordinates": [ [ [ 118.547493030552729, 31.466326772623248 ], [ 118.547506385968831, 31.467138506676076 ], [ 118.548453432092117, 31.467127055727971 ], [ 118.5484400685107, 31.466315322037559 ], [ 118.547493030552729, 31.466326772623248 ] ] ] } },
{ "type": "Feature", "properties": { "area_m2": 8100.0000001676381, "area_km2": 0.008100000000167638, "relative_position": "后方", "distance_m": 5662.0767786326251, "elevation": 198.2 }, "geometry": { "type": "Polygon", "coordinates": [ [ [ 118.550347522718383, 31.467104132831089 ], [ 118.550360903171025, 31.467915865687846 ], [ 118.551307955838979, 31.467904393376017 ], [ 118.551294567220765, 31.467092660882361 ], [ 118.550347522718383, 31.467104132831089 ] ] ] } },
{ "type": "Feature", "properties": { "area_m2": 8100.0000000576256, "area_km2": 0.0081000000000576253, "relative_position": "后方", "distance_m": 5856.7330839363549, "elevation": 120.8 }, "geometry": { "type": "Polygon", "coordinates": [ [ [ 118.545572276464327, 31.464726182916269 ], [ 118.545585614471818, 31.465537917909476 ], [ 118.546532645343689, 31.465526481685796 ], [ 118.546519299171479, 31.464714747054558 ], [ 118.545572276464327, 31.464726182916269 ] ] ] } },
{ "type": "Feature", "properties": { "area_m2": 8099.9999998952262, "area_km2": 0.0080999999998952257, "relative_position": "后方", "distance_m": 5846.623171467033, "elevation": 153.2 }, "geometry": { "type": "Polygon", "coordinates": [ [ [ 118.544625253218257, 31.464737611778382 ], [ 118.544638583061044, 31.465549347133337 ], [ 118.545585614471818, 31.465537917909476 ], [ 118.545572276464327, 31.464726182916269 ], [ 118.544625253218257, 31.464737611778382 ] ] ] } },
{ "type": "Feature", "properties": { "area_m2": 8100.000000083819, "area_km2": 0.0081000000000838197, "relative_position": "后方", "distance_m": 5778.7710906989778, "elevation": 115.2 }, "geometry": { "type": "Polygon", "coordinates": [ [ [ 118.546532645343689, 31.465526481685796 ], [ 118.546545992055144, 31.466338216208928 ], [ 118.547493030552729, 31.466326772623248 ], [ 118.547479675676257, 31.465515038462311 ], [ 118.546532645343689, 31.465526481685796 ] ] ] } },
{ "type": "Feature", "properties": { "area_m2": 8100.0000000314321, "area_km2": 0.0081000000000314328, "relative_position": "后方", "distance_m": 5767.1256860568674, "elevation": 115.8 }, "geometry": { "type": "Polygon", "coordinates": [ [ [ 118.545585614471818, 31.465537917909476 ], [ 118.545598953018285, 31.466349652794587 ], [ 118.546545992055144, 31.466338216208928 ], [ 118.546532645343689, 31.465526481685796 ], [ 118.545585614471818, 31.465537917909476 ] ] ] } },
{ "type": "Feature", "properties": { "area_m2": 8099.9999999528518, "area_km2": 0.0080999999999528515, "relative_position": "后方", "distance_m": 5756.8585766861024, "elevation": 146.2 }, "geometry": { "type": "Polygon", "coordinates": [ [ [ 118.544638583061044, 31.465549347133337 ], [ 118.544651913442422, 31.466361082380196 ], [ 118.545598953018285, 31.466349652794587 ], [ 118.545585614471818, 31.465537917909476 ], [ 118.544638583061044, 31.465549347133337 ] ] ] } },
{ "type": "Feature", "properties": { "area_m2": 8100.0000000157161, "area_km2": 0.0081000000000157162, "relative_position": "后方", "distance_m": 5689.3678968304839, "elevation": 105.8 }, "geometry": { "type": "Polygon", "coordinates": [ [ [ 118.546545992055144, 31.466338216208928 ], [ 118.546559339305915, 31.467149950623948 ], [ 118.547506385968831, 31.467138506676076 ], [ 118.547493030552729, 31.466326772623248 ], [ 118.546545992055144, 31.466338216208928 ] ] ] } },
{ "type": "Feature", "properties": { "area_m2": 8099.9999999371357, "area_km2": 0.0080999999999371349, "relative_position": "后方", "distance_m": 5677.5392850535982, "elevation": 109.2 }, "geometry": { "type": "Polygon", "coordinates": [ [ [ 118.545598953018285, 31.466349652794587 ], [ 118.545612292103669, 31.467161387571583 ], [ 118.546559339305915, 31.467149950623948 ], [ 118.546545992055144, 31.466338216208928 ], [ 118.545598953018285, 31.466349652794587 ] ] ] } },
{ "type": "Feature", "properties": { "area_m2": 8100.0000000104774, "area_km2": 0.0081000000000104773, "relative_position": "后方", "distance_m": 5667.1100423759708, "elevation": 140.4 }, "geometry": { "type": "Polygon", "coordinates": [ [ [ 118.544651913442422, 31.466361082380196 ], [ 118.544665244362449, 31.467172817518957 ], [ 118.545612292103669, 31.467161387571583 ], [ 118.545598953018285, 31.466349652794587 ], [ 118.544651913442422, 31.466361082380196 ] ] ] } },
{ "type": "Feature", "properties": { "area_m2": 8099.9999999057036, "area_km2": 0.0080999999999057035, "relative_position": "后方", "distance_m": 5658.0879083297214, "elevation": 184.4 }, "geometry": { "type": "Polygon", "coordinates": [ [ [ 118.54370487332794, 31.466372504965758 ], [ 118.543718196082594, 31.467184240466057 ], [ 118.544665244362449, 31.467172817518957 ], [ 118.544651913442422, 31.466361082380196 ], [ 118.54370487332794, 31.466372504965758 ] ] ] } },
{ "type": "Feature", "properties": { "area_m2": 8099.999999916181, "area_km2": 0.0080999999999161812, "relative_position": "后方", "distance_m": 5599.9925172283774, "elevation": 94.4 }, "geometry": { "type": "Polygon", "coordinates": [ [ [ 118.546559339305915, 31.467149950623948 ], [ 118.546572687096003, 31.467961684930867 ], [ 118.547519741924575, 31.46795024062078 ], [ 118.547506385968831, 31.467138506676076 ], [ 118.546559339305915, 31.467149950623948 ] ] ] } },
{ "type": "Feature", "properties": { "area_m2": 8100.0000000890577, "area_km2": 0.0081000000000890585, "relative_position": "后方", "distance_m": 5837.8781464278709, "elevation": 194.0 }, "geometry": { "type": "Polygon", "coordinates": [ [ [ 118.543678229433553, 31.464749033640889 ], [ 118.543691551111621, 31.465560769357364 ], [ 118.544638583061044, 31.465549347133337 ], [ 118.544625253218257, 31.464737611778382 ], [ 118.543678229433553, 31.464749033640889 ] ] ] } },
{ "type": "Feature", "properties": { "area_m2": 8100.0000000419095, "area_km2": 0.0081000000000419087, "relative_position": "后方", "distance_m": 5830.5041516490828, "elevation": 228.6 }, "geometry": { "type": "Polygon", "coordinates": [ [ [ 118.542731205110599, 31.464760448503764 ], [ 118.542744518623905, 31.46557218458155 ], [ 118.543691551111621, 31.465560769357364 ], [ 118.543678229433553, 31.464749033640889 ], [ 118.542731205110599, 31.464760448503764 ] ] ] } },
{ "type": "Feature", "properties": { "area_m2": 8100.0000000104774, "area_km2": 0.0081000000000104773, "relative_position": "后方", "distance_m": 5824.5063957735892, "elevation": 239.8 }, "geometry": { "type": "Polygon", "coordinates": [ [ [ 118.541784180249735, 31.464771856367008 ], [ 118.541797485598252, 31.465583592805871 ], [ 118.542744518623905, 31.46557218458155 ], [ 118.542731205110599, 31.464760448503764 ], [ 118.541784180249735, 31.464771856367008 ] ] ] } },
{ "type": "Feature", "properties": { "area_m2": 8100.0000000261934, "area_km2": 0.0081000000000261939, "relative_position": "后方", "distance_m": 5747.9771497456213, "elevation": 192.6 }, "geometry": { "type": "Polygon", "coordinates": [ [ [ 118.543691551111621, 31.465560769357364 ], [ 118.54370487332794, 31.466372504965758 ], [ 118.544651913442422, 31.466361082380196 ], [ 118.544638583061044, 31.465549347133337 ], [ 118.543691551111621, 31.465560769357364 ] ] ] } },
{ "type": "Feature", "properties": { "area_m2": 8100.0000000890577, "area_km2": 0.0081000000000890585, "relative_position": "后方", "distance_m": 5740.4878382050938, "elevation": 226.4 }, "geometry": { "type": "Polygon", "coordinates": [ [ [ 118.542744518623905, 31.46557218458155 ], [ 118.542757832675164, 31.466383920551241 ], [ 118.54370487332794, 31.466372504965758 ], [ 118.543691551111621, 31.465560769357364 ], [ 118.542744518623905, 31.46557218458155 ] ] ] } },
{ "type": "Feature", "properties": { "area_m2": 8099.9999999842839, "area_km2": 0.0080999999999842847, "relative_position": "后方", "distance_m": 5734.3960978812629, "elevation": 239.0 }, "geometry": { "type": "Polygon", "coordinates": [ [ [ 118.541797485598252, 31.465583592805871 ], [ 118.541810791484409, 31.46639532913667 ], [ 118.542757832675164, 31.466383920551241 ], [ 118.542744518623905, 31.46557218458155 ], [ 118.541797485598252, 31.465583592805871 ] ] ] } },
{ "type": "Feature", "properties": { "area_m2": 8100.0000000471482, "area_km2": 0.0081000000000471476, "relative_position": "后方", "distance_m": 5650.4796245096377, "elevation": 217.8 }, "geometry": { "type": "Polygon", "coordinates": [ [ [ 118.542757832675164, 31.466383920551241 ], [ 118.542771147264389, 31.467195656412873 ], [ 118.543718196082594, 31.467184240466057 ], [ 118.54370487332794, 31.466372504965758 ], [ 118.542757832675164, 31.466383920551241 ] ] ] } },
{ "type": "Feature", "properties": { "area_m2": 8099.9999999004649, "area_km2": 0.0080999999999004646, "relative_position": "后方", "distance_m": 5644.2909097562406, "elevation": 233.2 }, "geometry": { "type": "Polygon", "coordinates": [ [ [ 118.541810791484409, 31.46639532913667 ], [ 118.541824097908204, 31.467207065359375 ], [ 118.542771147264389, 31.467195656412873 ], [ 118.542757832675164, 31.466383920551241 ], [ 118.541810791484409, 31.46639532913667 ] ] ] } },
{ "type": "Feature", "properties": { "area_m2": 8100.0000001781154, "area_km2": 0.0081000000001781158, "relative_position": "后方", "distance_m": 5560.4799033427062, "elevation": 203.8 }, "geometry": { "type": "Polygon", "coordinates": [ [ [ 118.542771147264389, 31.467195656412873 ], [ 118.542784462391637, 31.468007392166403 ], [ 118.543731519375569, 31.467995975858265 ], [ 118.543718196082594, 31.467184240466057 ], [ 118.542771147264389, 31.467195656412873 ] ] ] } },
{ "type": "Feature", "properties": { "area_m2": 8100.0000000419095, "area_km2": 0.0081000000000419087, "relative_position": "后方", "distance_m": 5554.1910795256435, "elevation": 228.6 }, "geometry": { "type": "Polygon", "coordinates": [ [ [ 118.541824097908204, 31.467207065359375 ], [ 118.541837404869668, 31.468018801473999 ], [ 118.542784462391637, 31.468007392166403 ], [ 118.542771147264389, 31.467195656412873 ], [ 118.541824097908204, 31.467207065359375 ] ] ] } },
{ "type": "Feature", "properties": { "area_m2": 8100.0000000157161, "area_km2": 0.0081000000000157162, "relative_position": "后方", "distance_m": 5644.4757301656018, "elevation": 190.6 }, "geometry": { "type": "Polygon", "coordinates": [ [ [ 118.549400477675391, 31.467115597779628 ], [ 118.54941384996242, 31.467927330999256 ], [ 118.550360903171025, 31.467915865687846 ], [ 118.550347522718383, 31.467104132831089 ], [ 118.549400477675391, 31.467115597779628 ] ] ] } },
{ "type": "Feature", "properties": { "area_m2": 8099.9999999685679, "area_km2": 0.0080999999999685681, "relative_position": "后方", "distance_m": 5628.2535173878596, "elevation": 147.6 }, "geometry": { "type": "Polygon", "coordinates": [ [ [ 118.548453432092117, 31.467127055727971 ], [ 118.548466796213489, 31.467938789310242 ], [ 118.54941384996242, 31.467927330999256 ], [ 118.549400477675391, 31.467115597779628 ], [ 118.548453432092117, 31.467127055727971 ] ] ] } },
{ "type": "Feature", "properties": { "area_m2": 8100.0000000576256, "area_km2": 0.0081000000000576253, "relative_position": "后方", "distance_m": 5613.4220957989455, "elevation": 114.8 }, "geometry": { "type": "Polygon", "coordinates": [ [ [ 118.547506385968831, 31.467138506676076 ], [ 118.547519741924575, 31.46795024062078 ], [ 118.548466796213489, 31.467938789310242 ], [ 118.548453432092117, 31.467127055727971 ], [ 118.547506385968831, 31.467138506676076 ] ] ] } },
{ "type": "Feature", "properties": { "area_m2": 8099.9999999423744, "area_km2": 0.0080999999999423738, "relative_position": "后方", "distance_m": 5555.8444006003492, "elevation": 198.0 }, "geometry": { "type": "Polygon", "coordinates": [ [ [ 118.54941384996242, 31.467927330999256 ], [ 118.549427222789774, 31.46873906411075 ], [ 118.550374284164306, 31.468727598436466 ], [ 118.550360903171025, 31.467915865687846 ], [ 118.54941384996242, 31.467927330999256 ] ] ] } },
{ "type": "Feature", "properties": { "area_m2": 8100.0000000733417, "area_km2": 0.0081000000000733419, "relative_position": "后方", "distance_m": 5539.3628077103485, "elevation": 155.4 }, "geometry": { "type": "Polygon", "coordinates": [ [ [ 118.548466796213489, 31.467938789310242 ], [ 118.548480160874874, 31.468750522784379 ], [ 118.549427222789774, 31.46873906411075 ], [ 118.54941384996242, 31.467927330999256 ], [ 118.548466796213489, 31.467938789310242 ] ] ] } },
{ "type": "Feature", "properties": { "area_m2": 8099.9999998271232, "area_km2": 0.008099999999827124, "relative_position": "后方", "distance_m": 5524.2929146936494, "elevation": 124.6 }, "geometry": { "type": "Polygon", "coordinates": [ [ [ 118.547519741924575, 31.46795024062078 ], [ 118.54753309841999, 31.468761974457365 ], [ 118.548480160874874, 31.468750522784379 ], [ 118.548466796213489, 31.467938789310242 ], [ 118.547519741924575, 31.46795024062078 ] ] ] } },
{ "type": "Feature", "properties": { "area_m2": 8099.9999999214197, "area_km2": 0.0080999999999214201, "relative_position": "后方", "distance_m": 5467.2666928983281, "elevation": 208.8 }, "geometry": { "type": "Polygon", "coordinates": [ [ [ 118.549427222789774, 31.46873906411075 ], [ 118.549440596157453, 31.469550797114124 ], [ 118.550387665698238, 31.469539331076945 ], [ 118.550374284164306, 31.468727598436466 ], [ 118.549427222789774, 31.46873906411075 ] ] ] } },
{ "type": "Feature", "properties": { "area_m2": 8100.0000000314321, "area_km2": 0.0081000000000314328, "relative_position": "后方", "distance_m": 5450.5174371402991, "elevation": 162.0 }, "geometry": { "type": "Polygon", "coordinates": [ [ [ 118.548480160874874, 31.468750522784379 ], [ 118.548493526076285, 31.469562256150418 ], [ 118.549440596157453, 31.469550797114124 ], [ 118.549427222789774, 31.46873906411075 ], [ 118.548480160874874, 31.468750522784379 ] ] ] } },
{ "type": "Feature", "properties": { "area_m2": 8100.0000000419095, "area_km2": 0.0081000000000419087, "relative_position": "后方", "distance_m": 5435.2013902027766, "elevation": 121.0 }, "geometry": { "type": "Polygon", "coordinates": [ [ [ 118.54753309841999, 31.468761974457365 ], [ 118.547546455455077, 31.469573708185834 ], [ 118.548493526076285, 31.469562256150418 ], [ 118.548480160874874, 31.468750522784379 ], [ 118.54753309841999, 31.468761974457365 ] ] ] } },
{ "type": "Feature", "properties": { "area_m2": 8100.0, "area_km2": 0.0081, "relative_position": "后方", "distance_m": 5378.7452556325597, "elevation": 198.0 }, "geometry": { "type": "Polygon", "coordinates": [ [ [ 118.549440596157453, 31.469550797114124 ], [ 118.5494539700655, 31.470362530009357 ], [ 118.550401047772908, 31.470351063609282 ], [ 118.550387665698238, 31.469539331076945 ], [ 118.549440596157453, 31.469550797114124 ] ] ] } },
{ "type": "Feature", "properties": { "area_m2": 8100.0000000419095, "area_km2": 0.0081000000000419087, "relative_position": "后方", "distance_m": 5587.9748902432011, "elevation": 96.2 }, "geometry": { "type": "Polygon", "coordinates": [ [ [ 118.545612292103669, 31.467161387571583 ], [ 118.545625631728086, 31.467973122240487 ], [ 118.546572687096003, 31.467961684930867 ], [ 118.546559339305915, 31.467149950623948 ], [ 118.545612292103669, 31.467161387571583 ] ] ] } },
{ "type": "Feature", "properties": { "area_m2": 8100.0000001414446, "area_km2": 0.0081000000001414454, "relative_position": "后方", "distance_m": 5577.3783432941891, "elevation": 122.4 }, "geometry": { "type": "Polygon", "coordinates": [ [ [ 118.544665244362449, 31.467172817518957 ], [ 118.544678575821166, 31.467984552549616 ], [ 118.545625631728086, 31.467973122240487 ], [ 118.545612292103669, 31.467161387571583 ], [ 118.544665244362449, 31.467172817518957 ] ] ] } },
{ "type": "Feature", "properties": { "area_m2": 8099.9999999790452, "area_km2": 0.0080999999999790458, "relative_position": "后方", "distance_m": 5568.2109909287983, "elevation": 164.0 }, "geometry": { "type": "Polygon", "coordinates": [ [ [ 118.543718196082594, 31.467184240466057 ], [ 118.543731519375569, 31.467995975858265 ], [ 118.544678575821166, 31.467984552549616 ], [ 118.544665244362449, 31.467172817518957 ], [ 118.543718196082594, 31.467184240466057 ] ] ] } },
{ "type": "Feature", "properties": { "area_m2": 8099.9999998166459, "area_km2": 0.0080999999998166462, "relative_position": "后方", "distance_m": 5510.6463046634944, "elevation": 89.4 }, "geometry": { "type": "Polygon", "coordinates": [ [ [ 118.546572687096003, 31.467961684930867 ], [ 118.54658603542542, 31.468773419129658 ], [ 118.54753309841999, 31.468761974457365 ], [ 118.547519741924575, 31.46795024062078 ], [ 118.546572687096003, 31.467961684930867 ] ] ] } },
{ "type": "Feature", "properties": { "area_m2": 8099.9999999057036, "area_km2": 0.0080999999999057035, "relative_position": "后方", "distance_m": 5487.6643047182533, "elevation": 105.4 }, "geometry": { "type": "Polygon", "coordinates": [ [ [ 118.544678575821166, 31.467984552549616 ], [ 118.544691907818532, 31.468796287472188 ], [ 118.545638971891464, 31.468784856801282 ], [ 118.545625631728086, 31.467973122240487 ], [ 118.544678575821166, 31.467984552549616 ] ] ] } },
{ "type": "Feature", "properties": { "area_m2": 8099.9999999214197, "area_km2": 0.0080999999999214201, "relative_position": "后方", "distance_m": 5478.3470035360642, "elevation": 145.2 }, "geometry": { "type": "Polygon", "coordinates": [ [ [ 118.543731519375569, 31.467995975858265 ], [ 118.543744843206881, 31.468807711142382 ], [ 118.544691907818532, 31.468796287472188 ], [ 118.544678575821166, 31.467984552549616 ], [ 118.543731519375569, 31.467995975858265 ] ] ] } },
{ "type": "Feature", "properties": { "area_m2": 8100.0000000523869, "area_km2": 0.0081000000000523865, "relative_position": "后方", "distance_m": 5421.3307006228824, "elevation": 83.2 }, "geometry": { "type": "Polygon", "coordinates": [ [ [ 118.54658603542542, 31.468773419129658 ], [ 118.546599384294169, 31.469585153220361 ], [ 118.547546455455077, 31.469573708185834 ], [ 118.54753309841999, 31.468761974457365 ], [ 118.54658603542542, 31.468773419129658 ] ] ] } },
{ "type": "Feature", "properties": { "area_m2": 8100.0000000104774, "area_km2": 0.0081000000000104773, "relative_position": "后方", "distance_m": 5397.9688066258677, "elevation": 93.8 }, "geometry": { "type": "Polygon", "coordinates": [ [ [ 118.544691907818532, 31.468796287472188 ], [ 118.544705240354574, 31.469608022286661 ], [ 118.545652312593916, 31.469596591253978 ], [ 118.545638971891464, 31.468784856801282 ], [ 118.544691907818532, 31.468796287472188 ] ] ] } },
{ "type": "Feature", "properties": { "area_m2": 8099.9999999371357, "area_km2": 0.0080999999999371349, "relative_position": "后方", "distance_m": 5388.4965924749249, "elevation": 133.4 }, "geometry": { "type": "Polygon", "coordinates": [ [ [ 118.543744843206881, 31.468807711142382 ], [ 118.543758167576556, 31.469619446318411 ], [ 118.544705240354574, 31.469608022286661 ], [ 118.544691907818532, 31.468796287472188 ], [ 118.543744843206881, 31.468807711142382 ] ] ] } },
{ "type": "Feature", "properties": { "area_m2": 8099.9999999790452, "area_km2": 0.0080999999999790458, "relative_position": "后方", "distance_m": 5308.292788282899, "elevation": 87.8 }, "geometry": { "type": "Polygon", "coordinates": [ [ [ 118.544705240354574, 31.469608022286661 ], [ 118.544718573429364, 31.470419756993028 ], [ 118.545665653835371, 31.470408325598559 ], [ 118.545652312593916, 31.469596591253978 ], [ 118.544705240354574, 31.469608022286661 ] ] ] } },
{ "type": "Feature", "properties": { "area_m2": 8099.9999998847488, "area_km2": 0.008099999999884748, "relative_position": "后方", "distance_m": 5438.4115600474743, "elevation": 146.4 }, "geometry": { "type": "Polygon", "coordinates": [ [ [ 118.55228180315747, 31.469516378000041 ], [ 118.552295201565258, 31.470328109805948 ], [ 118.553242277649517, 31.470316622402692 ], [ 118.553228871075191, 31.469504890960348 ], [ 118.55228180315747, 31.469516378000041 ] ] ] } },
{ "type": "Feature", "properties": { "area_m2": 8100.0000001676381, "area_km2": 0.008100000000167638, "relative_position": "后方", "distance_m": 5417.1064082622015, "elevation": 205.6 }, "geometry": { "type": "Polygon", "coordinates": [ [ [ 118.551334734698372, 31.469527858038919 ], [ 118.55134812493958, 31.470339590208152 ], [ 118.552295201565258, 31.470328109805948 ], [ 118.55228180315747, 31.469516378000041 ], [ 118.551334734698372, 31.469527858038919 ] ] ] } },
{ "type": "Feature", "properties": { "area_m2": 8099.9999999842839, "area_km2": 0.0080999999999842847, "relative_position": "后方", "distance_m": 5397.2124202562927, "elevation": 229.6 }, "geometry": { "type": "Polygon", "coordinates": [ [ [ 118.550387665698238, 31.469539331076945 ], [ 118.550401047772908, 31.470351063609282 ], [ 118.55134812493958, 31.470339590208152 ], [ 118.551334734698372, 31.469527858038919 ], [ 118.550387665698238, 31.469539331076945 ] ] ] } },
{ "type": "Feature", "properties": { "area_m2": 8099.9999999004649, "area_km2": 0.0080999999999004646, "relative_position": "后方", "distance_m": 5350.9351741505343, "elevation": 145.4 }, "geometry": { "type": "Polygon", "coordinates": [ [ [ 118.552295201565258, 31.470328109805948 ], [ 118.552308600514394, 31.471139841503692 ], [ 118.553255684765531, 31.471128353736873 ], [ 118.553242277649517, 31.470316622402692 ], [ 118.552295201565258, 31.470328109805948 ] ] ] } },
{ "type": "Feature", "properties": { "area_m2": 8100.000000083819, "area_km2": 0.0081000000000838197, "relative_position": "后方", "distance_m": 5329.280507340487, "elevation": 193.6 }, "geometry": { "type": "Polygon", "coordinates": [ [ [ 118.55134812493958, 31.470339590208152 ], [ 118.551361515721851, 31.471151322269236 ], [ 118.552308600514394, 31.471139841503692 ], [ 118.552295201565258, 31.470328109805948 ], [ 118.55134812493958, 31.470339590208152 ] ] ] } },
{ "type": "Feature", "properties": { "area_m2": 8099.9999998847488, "area_km2": 0.008099999999884748, "relative_position": "后方", "distance_m": 5309.0576132562728, "elevation": 193.0 }, "geometry": { "type": "Polygon", "coordinates": [ [ [ 118.550401047772908, 31.470351063609282 ], [ 118.550414430388244, 31.471162796033489 ], [ 118.551361515721851, 31.471151322269236 ], [ 118.55134812493958, 31.470339590208152 ], [ 118.550401047772908, 31.470351063609282 ] ] ] } },
{ "type": "Feature", "properties": { "area_m2": 8100.0, "area_km2": 0.0081, "relative_position": "后方", "distance_m": 5263.5531247593062, "elevation": 127.2 }, "geometry": { "type": "Polygon", "coordinates": [ [ [ 118.552308600514394, 31.471139841503692 ], [ 118.552322000004935, 31.471951573093282 ], [ 118.553269092423278, 31.471940084962903 ], [ 118.553255684765531, 31.471128353736873 ], [ 118.552308600514394, 31.471139841503692 ] ] ] } },
{ "type": "Feature", "properties": { "area_m2": 8100.000000083819, "area_km2": 0.0081000000000838197, "relative_position": "后方", "distance_m": 5241.5376500062375, "elevation": 154.2 }, "geometry": { "type": "Polygon", "coordinates": [ [ [ 118.551361515721851, 31.471151322269236 ], [ 118.551374907045187, 31.471963054222176 ], [ 118.552322000004935, 31.471951573093282 ], [ 118.552308600514394, 31.471139841503692 ], [ 118.551361515721851, 31.471151322269236 ] ] ] } },
{ "type": "Feature", "properties": { "area_m2": 8100.0000000523869, "area_km2": 0.0081000000000523865, "relative_position": "后方", "distance_m": 5220.9750909942977, "elevation": 143.4 }, "geometry": { "type": "Polygon", "coordinates": [ [ [ 118.550414430388244, 31.471162796033489 ], [ 118.550427813544346, 31.471974528349559 ], [ 118.551374907045187, 31.471963054222176 ], [ 118.551361515721851, 31.471151322269236 ], [ 118.550414430388244, 31.471162796033489 ] ] ] } },
{ "type": "Feature", "properties": { "area_m2": 8099.9999999842839, "area_km2": 0.0080999999999842847, "relative_position": "后方", "distance_m": 5176.2701888389811, "elevation": 95.8 }, "geometry": { "type": "Polygon", "coordinates": [ [ [ 118.552322000004935, 31.471951573093282 ], [ 118.552335400036881, 31.472763304574716 ], [ 118.553282500622771, 31.472751816080766 ], [ 118.553269092423278, 31.471940084962903 ], [ 118.552322000004935, 31.471951573093282 ] ] ] } },
{ "type": "Feature", "properties": { "area_m2": 8099.999999916181, "area_km2": 0.0080999999999161812, "relative_position": "后方", "distance_m": 5361.7196589472087, "elevation": 153.0 }, "geometry": { "type": "Polygon", "coordinates": [ [ [ 118.548493526076285, 31.469562256150418 ], [ 118.548506891817709, 31.470373989408319 ], [ 118.5494539700655, 31.470362530009357 ], [ 118.549440596157453, 31.469550797114124 ], [ 118.548493526076285, 31.469562256150418 ] ] ] } },
{ "type": "Feature", "properties": { "area_m2": 8100.0000000523869, "area_km2": 0.0081000000000523865, "relative_position": "后方", "distance_m": 5346.1494043456487, "elevation": 111.4 }, "geometry": { "type": "Polygon", "coordinates": [ [ [ 118.547546455455077, 31.469573708185834 ], [ 118.547559813029878, 31.47038544180619 ], [ 118.548506891817709, 31.470373989408319 ], [ 118.548493526076285, 31.469562256150418 ], [ 118.547546455455077, 31.469573708185834 ] ] ] } },
{ "type": "Feature", "properties": { "area_m2": 8099.9999999895226, "area_km2": 0.0080999999999895218, "relative_position": "后方", "distance_m": 5290.2829129119391, "elevation": 154.0 }, "geometry": { "type": "Polygon", "coordinates": [ [ [ 118.5494539700655, 31.470362530009357 ], [ 118.549467344513928, 31.471174262796449 ], [ 118.550414430388244, 31.471162796033489 ], [ 118.550401047772908, 31.470351063609282 ], [ 118.5494539700655, 31.470362530009357 ] ] ] } },
{ "type": "Feature", "properties": { "area_m2": 8099.9999999685679, "area_km2": 0.0080999999999685681, "relative_position": "后方", "distance_m": 5272.9718769390074, "elevation": 124.8 }, "geometry": { "type": "Polygon", "coordinates": [ [ [ 118.548506891817709, 31.470373989408319 ], [ 118.548520258099188, 31.471185722558101 ], [ 118.549467344513928, 31.471174262796449 ], [ 118.5494539700655, 31.470362530009357 ], [ 118.548506891817709, 31.470373989408319 ] ] ] } },
{ "type": "Feature", "properties": { "area_m2": 8100.0000000157161, "area_km2": 0.0081000000000157162, "relative_position": "后方", "distance_m": 5257.1389657967238, "elevation": 92.8 }, "geometry": { "type": "Polygon", "coordinates": [ [ [ 118.547559813029878, 31.47038544180619 ], [ 118.547573171144407, 31.47119717531843 ], [ 118.548520258099188, 31.471185722558101 ], [ 118.548506891817709, 31.470373989408319 ], [ 118.547559813029878, 31.47038544180619 ] ] ] } },
{ "type": "Feature", "properties": { "area_m2": 8100.0000000942964, "area_km2": 0.0081000000000942957, "relative_position": "后方", "distance_m": 5201.8826789932937, "elevation": 119.4 }, "geometry": { "type": "Polygon", "coordinates": [ [ [ 118.549467344513928, 31.471174262796449 ], [ 118.549480719502753, 31.471985995475425 ], [ 118.550427813544346, 31.471974528349559 ], [ 118.550414430388244, 31.471162796033489 ], [ 118.549467344513928, 31.471174262796449 ] ] ] } },
{ "type": "Feature", "properties": { "area_m2": 8100.0000001152512, "area_km2": 0.0081000000001152511, "relative_position": "后方", "distance_m": 5184.2766581171136, "elevation": 89.4 }, "geometry": { "type": "Polygon", "coordinates": [ [ [ 118.548520258099188, 31.471185722558101 ], [ 118.548533624920736, 31.471997455599755 ], [ 118.549480719502753, 31.471985995475425 ], [ 118.549467344513928, 31.471174262796449 ], [ 118.548520258099188, 31.471185722558101 ] ] ] } },
{ "type": "Feature", "properties": { "area_m2": 8100.0000000052387, "area_km2": 0.0081000000000052384, "relative_position": "后方", "distance_m": 5113.5477743819038, "elevation": 89.2 }, "geometry": { "type": "Polygon", "coordinates": [ [ [ 118.549480719502753, 31.471985995475425 ], [ 118.549494095032017, 31.472797728046256 ], [ 118.55044119724117, 31.472786260557477 ], [ 118.550427813544346, 31.471974528349559 ], [ 118.549480719502753, 31.471985995475425 ] ] ] } },
{ "type": "Feature", "properties": { "area_m2": 8099.9999999423744, "area_km2": 0.0080999999999423738, "relative_position": "后方", "distance_m": 4585.121479376452, "elevation": 79.6 }, "geometry": { "type": "Polygon", "coordinates": [ [ [ 118.549560980785202, 31.476856389278282 ], [ 118.549574359557383, 31.477668121200249 ], [ 118.550521510778992, 31.477656651533891 ], [ 118.550508123837261, 31.476844919974877 ], [ 118.549560980785202, 31.476856389278282 ] ] ] } },
{ "type": "Feature", "properties": { "area_m2": 8100.0000001309672, "area_km2": 0.0081000000001309677, "relative_position": "后方", "distance_m": 4497.355615740963, "elevation": 86.8 }, "geometry": { "type": "Polygon", "coordinates": [ [ [ 118.549574359557383, 31.477668121200249 ], [ 118.549587738870102, 31.478479853014072 ], [ 118.550534898261617, 31.478468382984762 ], [ 118.550521510778992, 31.477656651533891 ], [ 118.549574359557383, 31.477668121200249 ] ] ] } },
{ "type": "Feature", "properties": { "area_m2": 8099.9999999947613, "area_km2": 0.0080999999999947607, "relative_position": "后方", "distance_m": 5153.8820770161265, "elevation": 106.0 }, "geometry": { "type": "Polygon", "coordinates": [ [ [ 118.551374907045187, 31.471963054222176 ], [ 118.551388298909572, 31.472774786066967 ], [ 118.552335400036881, 31.472763304574716 ], [ 118.552322000004935, 31.471951573093282 ], [ 118.551374907045187, 31.471963054222176 ] ] ] } },
{ "type": "Feature", "properties": { "area_m2": 8099.9999999004649, "area_km2": 0.0080999999999004646, "relative_position": "后方", "distance_m": 5132.9685741164139, "elevation": 104.6 }, "geometry": { "type": "Polygon", "coordinates": [ [ [ 118.550427813544346, 31.471974528349559 ], [ 118.55044119724117, 31.472786260557477 ], [ 118.551388298909572, 31.472774786066967 ], [ 118.551374907045187, 31.471963054222176 ], [ 118.550427813544346, 31.471974528349559 ] ] ] } },
{ "type": "Feature", "properties": { "area_m2": 8099.9999999423744, "area_km2": 0.0080999999999423738, "relative_position": "后方", "distance_m": 4915.0688282955834, "elevation": 86.0 }, "geometry": { "type": "Polygon", "coordinates": [ [ [ 118.552362201725089, 31.474386767213119 ], [ 118.552375603381378, 31.475198498370077 ], [ 118.553322728471812, 31.475187008785369 ], [ 118.55330931864701, 31.474375277991992 ], [ 118.552362201725089, 31.474386767213119 ] ] ] } },
{ "type": "Feature", "properties": { "area_m2": 8099.9999999423744, "area_km2": 0.0080999999999423738, "relative_position": "后方", "distance_m": 4828.2369806693523, "elevation": 115.2 }, "geometry": { "type": "Polygon", "coordinates": [ [ [ 118.552375603381378, 31.475198498370077 ], [ 118.552389005579158, 31.476010229418872 ], [ 118.553336138838446, 31.475998739470565 ], [ 118.553322728471812, 31.475187008785369 ], [ 118.552375603381378, 31.475198498370077 ] ] ] } },
{ "type": "Feature", "properties": { "area_m2": 8100.0000000523869, "area_km2": 0.0081000000000523865, "relative_position": "后方", "distance_m": 4804.228097987796, "elevation": 88.8 }, "geometry": { "type": "Polygon", "coordinates": [ [ [ 118.55142847774944, 31.475209980952414 ], [ 118.551441871778366, 31.476021712364595 ], [ 118.552389005579158, 31.476010229418872 ], [ 118.552375603381378, 31.475198498370077 ], [ 118.55142847774944, 31.475209980952414 ] ] ] } },
{ "type": "Feature", "properties": { "area_m2": 8100.0000001466833, "area_km2": 0.0081000000001466826, "relative_position": "后方", "distance_m": 4741.5335469242245, "elevation": 146.2 }, "geometry": { "type": "Polygon", "coordinates": [ [ [ 118.552389005579158, 31.476010229418872 ], [ 118.552402408318429, 31.476821960359519 ], [ 118.553349549746912, 31.476810470047599 ], [ 118.553336138838446, 31.475998739470565 ], [ 118.552389005579158, 31.476010229418872 ] ] ] } },
{ "type": "Feature", "properties": { "area_m2": 8100.0000000785803, "area_km2": 0.0081000000000785808, "relative_position": "后方", "distance_m": 4717.0835943388875, "elevation": 107.2 }, "geometry": { "type": "Polygon", "coordinates": [ [ [ 118.551441871778366, 31.476021712364595 ], [ 118.551455266348441, 31.47683344366861 ], [ 118.552402408318429, 31.476821960359519 ], [ 118.552389005579158, 31.476010229418872 ], [ 118.551441871778366, 31.476021712364595 ] ] ] } },
{ "type": "Feature", "properties": { "area_m2": 8100.0000000052387, "area_km2": 0.0081000000000052384, "relative_position": "后方", "distance_m": 4654.9657019128445, "elevation": 176.8 }, "geometry": { "type": "Polygon", "coordinates": [ [ [ 118.552402408318429, 31.476821960359519 ], [ 118.552415811599246, 31.477633691191972 ], [ 118.553362961197223, 31.477622200516453 ], [ 118.553349549746912, 31.476810470047599 ], [ 118.552402408318429, 31.476821960359519 ] ] ] } },
{ "type": "Feature", "properties": { "area_m2": 8099.9999999266583, "area_km2": 0.0080999999999266589, "relative_position": "后方", "distance_m": 4630.0588477978472, "elevation": 134.2 }, "geometry": { "type": "Polygon", "coordinates": [ [ [ 118.551455266348441, 31.47683344366861 ], [ 118.551468661459737, 31.477645174864463 ], [ 118.552415811599246, 31.477633691191972 ], [ 118.552402408318429, 31.476821960359519 ], [ 118.551455266348441, 31.47683344366861 ] ] ] } },
{ "type": "Feature", "properties": { "area_m2": 8099.9999998952262, "area_km2": 0.0080999999998952257, "relative_position": "后方", "distance_m": 4606.7692251388298, "elevation": 102.4 }, "geometry": { "type": "Polygon", "coordinates": [ [ [ 118.550508123837261, 31.476844919974877 ], [ 118.550521510778992, 31.477656651533891 ], [ 118.551468661459737, 31.477645174864463 ], [ 118.551455266348441, 31.47683344366861 ], [ 118.550508123837261, 31.476844919974877 ] ] ] } },
{ "type": "Feature", "properties": { "area_m2": 8100.0000000942964, "area_km2": 0.0081000000000942957, "relative_position": "后方", "distance_m": 5857.0671379297055, "elevation": 161.6 }, "geometry": { "type": "Polygon", "coordinates": [ [ [ 118.555069319079166, 31.466234971938583 ], [ 118.555082739817266, 31.467046703085824 ], [ 118.556029781611514, 31.467035196136347 ], [ 118.556016352708269, 31.466223465353305 ], [ 118.555069319079166, 31.466234971938583 ] ] ] } },
{ "type": "Feature", "properties": { "area_m2": 8099.9999999790452, "area_km2": 0.0080999999999790458, "relative_position": "后方", "distance_m": 5833.1409853434834, "elevation": 164.2 }, "geometry": { "type": "Polygon", "coordinates": [ [ [ 118.55412228490782, 31.466246471523974 ], [ 118.554135697480746, 31.467058203035172 ], [ 118.555082739817266, 31.467046703085824 ], [ 118.555069319079166, 31.466234971938583 ], [ 118.55412228490782, 31.466246471523974 ] ] ] } },
{ "type": "Feature", "properties": { "area_m2": 8099.9999999423744, "area_km2": 0.0080999999999423738, "relative_position": "后方", "distance_m": 5822.7177697147026, "elevation": 69.0 }, "geometry": { "type": "Polygon", "coordinates": [ [ [ 118.556976822863163, 31.46702368218677 ], [ 118.556990260474493, 31.467835412497202 ], [ 118.557937309348631, 31.467823891182885 ], [ 118.557923863571858, 31.467012161237093 ], [ 118.556976822863163, 31.46702368218677 ] ] ] } },
{ "type": "Feature", "properties": { "area_m2": 8099.9999999947613, "area_km2": 0.0080999999999947607, "relative_position": "后方", "distance_m": 5795.8662446555109, "elevation": 104.0 }, "geometry": { "type": "Polygon", "coordinates": [ [ [ 118.556029781611514, 31.467035196136347 ], [ 118.556043211057386, 31.46784692681122 ], [ 118.556990260474493, 31.467835412497202 ], [ 118.556976822863163, 31.46702368218677 ], [ 118.556029781611514, 31.467035196136347 ] ] ] } },
{ "type": "Feature", "properties": { "area_m2": 8100.0000000471482, "area_km2": 0.0081000000000471476, "relative_position": "后方", "distance_m": 5770.2883187589559, "elevation": 110.8 }, "geometry": { "type": "Polygon", "coordinates": [ [ [ 118.555082739817266, 31.467046703085824 ], [ 118.555096161097637, 31.467858434124881 ], [ 118.556043211057386, 31.46784692681122 ], [ 118.556029781611514, 31.467035196136347 ], [ 118.555082739817266, 31.467046703085824 ] ] ] } },
{ "type": "Feature", "properties": { "area_m2": 8099.9999998428393, "area_km2": 0.0080999999998428388, "relative_position": "后方", "distance_m": 5746.001001448496, "elevation": 109.6 }, "geometry": { "type": "Polygon", "coordinates": [ [ [ 118.554135697480746, 31.467058203035172 ], [ 118.554149110595617, 31.467869934438216 ], [ 118.555096161097637, 31.467858434124881 ], [ 118.555082739817266, 31.467046703085824 ], [ 118.554135697480746, 31.467058203035172 ] ] ] } },
{ "type": "Feature", "properties": { "area_m2": 8100.0000001152512, "area_km2": 0.0081000000001152511, "relative_position": "后方", "distance_m": 5461.1113582842236, "elevation": 101.8 }, "geometry": { "type": "Polygon", "coordinates": [ [ [ 118.553228871075191, 31.469504890960348 ], [ 118.553242277649517, 31.470316622402692 ], [ 118.5541893531921, 31.470305127998401 ], [ 118.55417593845128, 31.469493396919834 ], [ 118.553228871075191, 31.469504890960348 ] ] ] } },
{ "type": "Feature", "properties": { "area_m2": 8100.0000000576256, "area_km2": 0.0081000000000576253, "relative_position": "后方", "distance_m": 5541.0576831833723, "elevation": 74.2 }, "geometry": { "type": "Polygon", "coordinates": [ [ [ 118.558924722767969, 31.470247550961933 ], [ 118.558938178884802, 31.471059280110094 ], [ 118.559885259336994, 31.471047743334768 ], [ 118.559871795053439, 31.47023601455172 ], [ 118.558924722767969, 31.470247550961933 ] ] ] } },
{ "type": "Feature", "properties": { "area_m2": 8100.0000000052387, "area_km2": 0.0081000000000052384, "relative_position": "后方", "distance_m": 5374.0043041655936, "elevation": 104.8 }, "geometry": { "type": "Polygon", "coordinates": [ [ [ 118.553242277649517, 31.470316622402692 ], [ 118.553255684765531, 31.471128353736873 ], [ 118.554202768474966, 31.471116858968802 ], [ 118.5541893531921, 31.470305127998401 ], [ 118.553242277649517, 31.470316622402692 ] ] ] } },
{ "type": "Feature", "properties": { "area_m2": 8099.9999999109423, "area_km2": 0.0080999999999109423, "relative_position": "后方", "distance_m": 5425.0849764490977, "elevation": 79.6 }, "geometry": { "type": "Polygon", "coordinates": [ [ [ 118.557991097888916, 31.471070809884232 ], [ 118.55800454638235, 31.471882539289101 ], [ 118.558951635545313, 31.47187100915005 ], [ 118.558938178884802, 31.471059280110094 ], [ 118.557991097888916, 31.471070809884232 ] ] ] } },
{ "type": "Feature", "properties": { "area_m2": 8099.9999999580905, "area_km2": 0.0080999999999580904, "relative_position": "后方", "distance_m": 6035.8714622996577, "elevation": 127.4 }, "geometry": { "type": "Polygon", "coordinates": [ [ [ 118.567421296131528, 31.468520019204401 ], [ 118.567434824654995, 31.469331745275081 ], [ 118.568381883866266, 31.469320146224046 ], [ 118.568368347176914, 31.468508420520457 ], [ 118.567421296131528, 31.468520019204401 ] ] ] } },
{ "type": "Feature", "properties": { "area_m2": 8099.9999999633292, "area_km2": 0.0080999999999633292, "relative_position": "后方", "distance_m": 5995.1855331188299, "elevation": 126.6 }, "geometry": { "type": "Polygon", "coordinates": [ [ [ 118.566474244539549, 31.468531610887961 ], [ 118.566487764897076, 31.469343337325519 ], [ 118.567434824654995, 31.469331745275081 ], [ 118.567421296131528, 31.468520019204401 ], [ 118.566474244539549, 31.468531610887961 ] ] ] } },
{ "type": "Feature", "properties": { "area_m2": 8099.999999916181, "area_km2": 0.0080999999999161812, "relative_position": "后方", "distance_m": 5955.5766404186379, "elevation": 127.4 }, "geometry": { "type": "Polygon", "coordinates": [ [ [ 118.565527192401277, 31.468543195571129 ], [ 118.565540704592891, 31.469354922375334 ], [ 118.566487764897076, 31.469343337325519 ], [ 118.566474244539549, 31.468531610887961 ], [ 118.565527192401277, 31.468543195571129 ] ] ] } },
{ "type": "Feature", "properties": { "area_m2": 8100.0000000261934, "area_km2": 0.0081000000000261939, "relative_position": "后方", "distance_m": 5917.06641467175, "elevation": 116.8 }, "geometry": { "type": "Polygon", "coordinates": [ [ [ 118.564580139717052, 31.468554773253874 ], [ 118.564593643742711, 31.469366500424513 ], [ 118.565540704592891, 31.469354922375334 ], [ 118.565527192401277, 31.468543195571129 ], [ 118.564580139717052, 31.468554773253874 ] ] ] } },
{ "type": "Feature", "properties": { "area_m2": 8100.0000000628643, "area_km2": 0.0081000000000628642, "relative_position": "后方", "distance_m": 5879.6764451501022, "elevation": 119.2 }, "geometry": { "type": "Polygon", "coordinates": [ [ [ 118.563633086487243, 31.468566343936207 ], [ 118.563646582346891, 31.469378071473052 ], [ 118.564593643742711, 31.469366500424513 ], [ 118.564580139717052, 31.468554773253874 ], [ 118.563633086487243, 31.468566343936207 ] ] ] } },
{ "type": "Feature", "properties": { "area_m2": 8099.999999931897, "area_km2": 0.0080999999999318978, "relative_position": "后方", "distance_m": 5843.4282375980429, "elevation": 129.2 }, "geometry": { "type": "Polygon", "coordinates": [ [ [ 118.562686032712122, 31.468577907618101 ], [ 118.562699520405786, 31.469389635520926 ], [ 118.563646582346891, 31.469378071473052 ], [ 118.563633086487243, 31.468566343936207 ], [ 118.562686032712122, 31.468577907618101 ] ] ] } },
{ "type": "Feature", "properties": { "area_m2": 8100.0000000209548, "area_km2": 0.008100000000020955, "relative_position": "后方", "distance_m": 5808.3431696561565, "elevation": 113.6 }, "geometry": { "type": "Polygon", "coordinates": [ [ [ 118.561738978392029, 31.468589464299544 ], [ 118.561752457919681, 31.469401192568132 ], [ 118.562699520405786, 31.469389635520926 ], [ 118.562686032712122, 31.468577907618101 ], [ 118.561738978392029, 31.468589464299544 ] ] ] } },
{ "type": "Feature", "properties": { "area_m2": 8099.9999998376006, "area_km2": 0.0080999999998376, "relative_position": "后方", "distance_m": 5774.4424441878009, "elevation": 82.2 }, "geometry": { "type": "Polygon", "coordinates": [ [ [ 118.560791923527333, 31.468601013980521 ], [ 118.560805394888945, 31.469412742614644 ], [ 118.561752457919681, 31.469401192568132 ], [ 118.561738978392029, 31.468589464299544 ], [ 118.560791923527333, 31.468601013980521 ] ] ] } },
{ "type": "Feature", "properties": { "area_m2": 8100.0000000419095, "area_km2": 0.0081000000000419087, "relative_position": "后方", "distance_m": 6131.1463924037816, "elevation": 133.0 }, "geometry": { "type": "Polygon", "coordinates": [ [ [ 118.571223058217029, 31.469285307067473 ], [ 118.571236619951918, 31.470097031560183 ], [ 118.572183685139549, 31.470085404138885 ], [ 118.572170115238507, 31.469273680014165 ], [ 118.571223058217029, 31.469285307067473 ] ] ] } },
{ "type": "Feature", "properties": { "area_m2": 8100.0000000052387, "area_km2": 0.0081000000000052384, "relative_position": "后方", "distance_m": 6085.7957890784573, "elevation": 142.8 }, "geometry": { "type": "Polygon", "coordinates": [ [ [ 118.57027600064761, 31.469296927120233 ], [ 118.57028955421633, 31.470108651980706 ], [ 118.571236619951918, 31.470097031560183 ], [ 118.571223058217029, 31.469285307067473 ], [ 118.57027600064761, 31.469296927120233 ] ] ] } },
{ "type": "Feature", "properties": { "area_m2": 8100.0000000157161, "area_km2": 0.0081000000000157162, "relative_position": "后方", "distance_m": 6041.44046547175, "elevation": 147.0 }, "geometry": { "type": "Polygon", "coordinates": [ [ [ 118.569328942530575, 31.469308540172431 ], [ 118.569342487933113, 31.47012026540045 ], [ 118.57028955421633, 31.470108651980706 ], [ 118.57027600064761, 31.469296927120233 ], [ 118.569328942530575, 31.469308540172431 ] ] ] } },
{ "type": "Feature", "properties": { "area_m2": 8100.0000000628643, "area_km2": 0.0081000000000628642, "relative_position": "后方", "distance_m": 5998.1025029274306, "elevation": 149.4 }, "geometry": { "type": "Polygon", "coordinates": [ [ [ 118.568381883866266, 31.469320146224046 ], [ 118.568395421102579, 31.470131871819394 ], [ 118.569342487933113, 31.47012026540045 ], [ 118.569328942530575, 31.469308540172431 ], [ 118.568381883866266, 31.469320146224046 ] ] ] } },
{ "type": "Feature", "properties": { "area_m2": 8100.0000001100125, "area_km2": 0.0081000000001100123, "relative_position": "后方", "distance_m": 5955.8041115984388, "elevation": 128.6 }, "geometry": { "type": "Polygon", "coordinates": [ [ [ 118.567434824654995, 31.469331745275081 ], [ 118.567448353725069, 31.470143471237527 ], [ 118.568395421102579, 31.470131871819394 ], [ 118.568381883866266, 31.469320146224046 ], [ 118.567434824654995, 31.469331745275081 ] ] ] } },
{ "type": "Feature", "properties": { "area_m2": 8100.0000001623994, "area_km2": 0.0081000000001623992, "relative_position": "后方", "distance_m": 5914.5675965547625, "elevation": 122.0 }, "geometry": { "type": "Polygon", "coordinates": [ [ [ 118.566487764897076, 31.469343337325519 ], [ 118.566501285800911, 31.470155063654836 ], [ 118.567448353725069, 31.470143471237527 ], [ 118.567434824654995, 31.469331745275081 ], [ 118.566487764897076, 31.469343337325519 ] ] ] } },
{ "type": "Feature", "properties": { "area_m2": 8099.9999999738066, "area_km2": 0.008099999999973807, "relative_position": "后方", "distance_m": 5874.4153212945212, "elevation": 121.0 }, "geometry": { "type": "Polygon", "coordinates": [ [ [ 118.565540704592891, 31.469354922375334 ], [ 118.565554217330444, 31.470166649071306 ], [ 118.566501285800911, 31.470155063654836 ], [ 118.566487764897076, 31.469343337325519 ], [ 118.565540704592891, 31.469354922375334 ] ] ] } },
{ "type": "Feature", "properties": { "area_m2": 8100.0000000471482, "area_km2": 0.0081000000000471476, "relative_position": "后方", "distance_m": 5835.3696686906915, "elevation": 126.4 }, "geometry": { "type": "Polygon", "coordinates": [ [ [ 118.564593643742711, 31.469366500424513 ], [ 118.564607148313968, 31.470178227486926 ], [ 118.565554217330444, 31.470166649071306 ], [ 118.565540704592891, 31.469354922375334 ], [ 118.564593643742711, 31.469366500424513 ] ] ] } },
{ "type": "Feature", "properties": { "area_m2": 8100.0000001414446, "area_km2": 0.0081000000001414454, "relative_position": "后方", "distance_m": 5797.4529993707101, "elevation": 146.6 }, "geometry": { "type": "Polygon", "coordinates": [ [ [ 118.563646582346891, 31.469378071473052 ], [ 118.563660078751852, 31.470189798901671 ], [ 118.564607148313968, 31.470178227486926 ], [ 118.564593643742711, 31.469366500424513 ], [ 118.563646582346891, 31.469378071473052 ] ] ] } },
{ "type": "Feature", "properties": { "area_m2": 8099.9999998428393, "area_km2": 0.0080999999998428388, "relative_position": "后方", "distance_m": 5760.6876075597693, "elevation": 158.2 }, "geometry": { "type": "Polygon", "coordinates": [ [ [ 118.562699520405786, 31.469389635520926 ], [ 118.562713008644437, 31.470201363315546 ], [ 118.563660078751852, 31.470189798901671 ], [ 118.563646582346891, 31.469378071473052 ], [ 118.562699520405786, 31.469389635520926 ] ] ] } },
{ "type": "Feature", "properties": { "area_m2": 8100.0000001100125, "area_km2": 0.0081000000001100123, "relative_position": "后方", "distance_m": 5725.095674500476, "elevation": 140.2 }, "geometry": { "type": "Polygon", "coordinates": [ [ [ 118.561752457919681, 31.469401192568132 ], [ 118.561765937991979, 31.470212920728514 ], [ 118.562713008644437, 31.470201363315546 ], [ 118.562699520405786, 31.469389635520926 ], [ 118.561752457919681, 31.469401192568132 ] ] ] } },
{ "type": "Feature", "properties": { "area_m2": 8099.9999999580905, "area_km2": 0.0080999999999580904, "relative_position": "后方", "distance_m": 5690.6992194942204, "elevation": 109.2 }, "geometry": { "type": "Polygon", "coordinates": [ [ [ 118.560805394888945, 31.469412742614644 ], [ 118.560818866794875, 31.470224471140583 ], [ 118.561765937991979, 31.470212920728514 ], [ 118.561752457919681, 31.469401192568132 ], [ 118.560805394888945, 31.469412742614644 ] ] ] } },
{ "type": "Feature", "properties": { "area_m2": 8099.9999999790452, "area_km2": 0.0080999999999790458, "relative_position": "后方", "distance_m": 5657.5200487099637, "elevation": 66.6 }, "geometry": { "type": "Polygon", "coordinates": [ [ [ 118.559858331313876, 31.469424285660466 ], [ 118.559871795053439, 31.47023601455172 ], [ 118.560818866794875, 31.470224471140583 ], [ 118.560805394888945, 31.469412742614644 ], [ 118.559858331313876, 31.469424285660466 ] ] ] } },
{ "type": "Feature", "properties": { "area_m2": 8099.9999999528518, "area_km2": 0.0080999999999528515, "relative_position": "后方", "distance_m": 6007.7499938881974, "elevation": 138.4 }, "geometry": { "type": "Polygon", "coordinates": [ [ [ 118.57028955421633, 31.470108651980706 ], [ 118.570303108332681, 31.470920376732899 ], [ 118.571250182234749, 31.47090875594461 ], [ 118.571236619951918, 31.470097031560183 ], [ 118.57028955421633, 31.470108651980706 ] ] ] } },
{ "type": "Feature", "properties": { "area_m2": 8099.9999999528518, "area_km2": 0.0080999999999528515, "relative_position": "后方", "distance_m": 5962.8143089518735, "elevation": 147.6 }, "geometry": { "type": "Polygon", "coordinates": [ [ [ 118.569342487933113, 31.47012026540045 ], [ 118.56935603388294, 31.470931990520196 ], [ 118.570303108332681, 31.470920376732899 ], [ 118.57028955421633, 31.470108651980706 ], [ 118.569342487933113, 31.47012026540045 ] ] ] } },
{ "type": "Feature", "properties": { "area_m2": 8099.9999999633292, "area_km2": 0.0080999999999633292, "relative_position": "后方", "distance_m": 5918.9008440265861, "elevation": 132.2 }, "geometry": { "type": "Polygon", "coordinates": [ [ [ 118.568395421102579, 31.470131871819394 ], [ 118.568408958885854, 31.470943597306466 ], [ 118.56935603388294, 31.470931990520196 ], [ 118.569342487933113, 31.47012026540045 ], [ 118.568395421102579, 31.470131871819394 ] ] ] } },
{ "type": "Feature", "properties": { "area_m2": 8100.0000000628643, "area_km2": 0.0081000000000628642, "relative_position": "后方", "distance_m": 5876.0325186446444, "elevation": 109.2 }, "geometry": { "type": "Polygon", "coordinates": [ [ [ 118.567448353725069, 31.470143471237527 ], [ 118.567461883341778, 31.470955197091701 ], [ 118.568408958885854, 31.470943597306466 ], [ 118.568395421102579, 31.470131871819394 ], [ 118.567448353725069, 31.470143471237527 ] ] ] } },
{ "type": "Feature", "properties": { "area_m2": 8099.9999999895226, "area_km2": 0.0080999999999895218, "relative_position": "后方", "distance_m": 5834.2323724200905, "elevation": 92.2 }, "geometry": { "type": "Polygon", "coordinates": [ [ [ 118.566501285800911, 31.470155063654836 ], [ 118.566514807251053, 31.470966789875906 ], [ 118.567461883341778, 31.470955197091701 ], [ 118.567448353725069, 31.470143471237527 ], [ 118.566501285800911, 31.470155063654836 ] ] ] } },
{ "type": "Feature", "properties": { "area_m2": 8099.9999999580905, "area_km2": 0.0080999999999580904, "relative_position": "后方", "distance_m": 5793.5235274451834, "elevation": 91.4 }, "geometry": { "type": "Polygon", "coordinates": [ [ [ 118.565554217330444, 31.470166649071306 ], [ 118.565567730614006, 31.47097837565903 ], [ 118.566514807251053, 31.470966789875906 ], [ 118.566501285800911, 31.470155063654836 ], [ 118.565554217330444, 31.470166649071306 ] ] ] } },
{ "type": "Feature", "properties": { "area_m2": 8100.0000000209548, "area_km2": 0.008100000000020955, "relative_position": "后方", "distance_m": 5753.9291479129679, "elevation": 109.8 }, "geometry": { "type": "Polygon", "coordinates": [ [ [ 118.564607148313968, 31.470178227486926 ], [ 118.564620653430921, 31.470989954441084 ], [ 118.565567730614006, 31.47097837565903 ], [ 118.565554217330444, 31.470166649071306 ], [ 118.564607148313968, 31.470178227486926 ] ] ] } },
{ "type": "Feature", "properties": { "area_m2": 8100.0000000157161, "area_km2": 0.0081000000000157162, "relative_position": "后方", "distance_m": 5715.4723969033448, "elevation": 136.4 }, "geometry": { "type": "Polygon", "coordinates": [ [ [ 118.563660078751852, 31.470189798901671 ], [ 118.563673575702154, 31.471001526222057 ], [ 118.564620653430921, 31.470989954441084 ], [ 118.564607148313968, 31.470178227486926 ], [ 118.563660078751852, 31.470189798901671 ] ] ] } },
{ "type": "Feature", "properties": { "area_m2": 8099.9999999109423, "area_km2": 0.0080999999999109423, "relative_position": "后方", "distance_m": 5678.1763904253139, "elevation": 151.4 }, "geometry": { "type": "Polygon", "coordinates": [ [ [ 118.562713008644437, 31.470201363315546 ], [ 118.562726497428059, 31.471013091001929 ], [ 118.563673575702154, 31.471001526222057 ], [ 118.563660078751852, 31.470189798901671 ], [ 118.562713008644437, 31.470201363315546 ] ] ] } },
{ "type": "Feature", "properties": { "area_m2": 8100.0000001571607, "area_km2": 0.0081000000001571603, "relative_position": "后方", "distance_m": 5642.0641487151006, "elevation": 152.4 }, "geometry": { "type": "Polygon", "coordinates": [ [ [ 118.561765937991979, 31.470212920728514 ], [ 118.56177941860895, 31.471024648780681 ], [ 118.562726497428059, 31.471013091001929 ], [ 118.562713008644437, 31.470201363315546 ], [ 118.561765937991979, 31.470212920728514 ] ] ] } },
{ "type": "Feature", "properties": { "area_m2": 8100.0000000261934, "area_km2": 0.0081000000000261939, "relative_position": "后方", "distance_m": 5607.1585449305212, "elevation": 137.4 }, "geometry": { "type": "Polygon", "coordinates": [ [ [ 118.560818866794875, 31.470224471140583 ], [ 118.560832339245152, 31.471036199558295 ], [ 118.56177941860895, 31.471024648780681 ], [ 118.561765937991979, 31.470212920728514 ], [ 118.560818866794875, 31.470224471140583 ] ] ] } },
{ "type": "Feature", "properties": { "area_m2": 8099.9999999633292, "area_km2": 0.0080999999999633292, "relative_position": "后方", "distance_m": 5573.4822513458021, "elevation": 112.6 }, "geometry": { "type": "Polygon", "coordinates": [ [ [ 118.559871795053439, 31.47023601455172 ], [ 118.559885259336994, 31.471047743334768 ], [ 118.560832339245152, 31.471036199558295 ], [ 118.560818866794875, 31.470224471140583 ], [ 118.559871795053439, 31.47023601455172 ] ] ] } },
{ "type": "Feature", "properties": { "area_m2": 8100.0000000261934, "area_km2": 0.0081000000000261939, "relative_position": "后方", "distance_m": 5884.5223501468608, "elevation": 110.0 }, "geometry": { "type": "Polygon", "coordinates": [ [ [ 118.56935603388294, 31.470931990520196 ], [ 118.569369580380069, 31.47174371553168 ], [ 118.57031666299666, 31.471732101376841 ], [ 118.570303108332681, 31.470920376732899 ], [ 118.56935603388294, 31.470931990520196 ] ] ] } },
{ "type": "Feature", "properties": { "area_m2": 8099.9999999947613, "area_km2": 0.0080999999999947607, "relative_position": "后方", "distance_m": 5840.020376140882, "elevation": 90.4 }, "geometry": { "type": "Polygon", "coordinates": [ [ [ 118.568408958885854, 31.470943597306466 ], [ 118.568422497216133, 31.471755322685286 ], [ 118.569369580380069, 31.47174371553168 ], [ 118.56935603388294, 31.470931990520196 ], [ 118.568408958885854, 31.470943597306466 ] ] ] } },
{ "type": "Feature", "properties": { "area_m2": 8100.0000000576256, "area_km2": 0.0081000000000576253, "relative_position": "后方", "distance_m": 5796.5688934531163, "elevation": 73.0 }, "geometry": { "type": "Polygon", "coordinates": [ [ [ 118.567461883341778, 31.470955197091701 ], [ 118.567475413505178, 31.471766922837634 ], [ 118.568422497216133, 31.471755322685286 ], [ 118.568408958885854, 31.470943597306466 ], [ 118.567461883341778, 31.470955197091701 ] ] ] } },
{ "type": "Feature", "properties": { "area_m2": 8100.0000002147863, "area_km2": 0.0081000000002147861, "relative_position": "后方", "distance_m": 5672.7558872322043, "elevation": 88.0 }, "geometry": { "type": "Polygon", "coordinates": [ [ [ 118.564620653430921, 31.470989954441084 ], [ 118.564634159093515, 31.47180168128703 ], [ 118.56558124444355, 31.47179010213852 ], [ 118.565567730614006, 31.47097837565903 ], [ 118.564620653430921, 31.470989954441084 ] ] ] } },
{ "type": "Feature", "properties": { "area_m2": 8100.0000001676381, "area_km2": 0.008100000000167638, "relative_position": "后方", "distance_m": 5633.7452385650095, "elevation": 107.2 }, "geometry": { "type": "Polygon", "coordinates": [ [ [ 118.563673575702154, 31.471001526222057 ], [ 118.563687073197798, 31.471813253434224 ], [ 118.564634159093515, 31.47180168128703 ], [ 118.564620653430921, 31.470989954441084 ], [ 118.563673575702154, 31.471001526222057 ] ] ] } },
{ "type": "Feature", "properties": { "area_m2": 8099.9999998795101, "area_km2": 0.0080999999998795109, "relative_position": "后方", "distance_m": 5595.9047336855374, "elevation": 121.4 }, "geometry": { "type": "Polygon", "coordinates": [ [ [ 118.562726497428059, 31.471013091001929 ], [ 118.562739986756725, 31.471824818580089 ], [ 118.563687073197798, 31.471813253434224 ], [ 118.563673575702154, 31.471001526222057 ], [ 118.562726497428059, 31.471013091001929 ] ] ] } },
{ "type": "Feature", "properties": { "area_m2": 8099.9999998637941, "area_km2": 0.0080999999998637943, "relative_position": "后方", "distance_m": 5559.2582687262829, "elevation": 140.8 }, "geometry": { "type": "Polygon", "coordinates": [ [ [ 118.56177941860895, 31.471024648780681 ], [ 118.561792899770609, 31.471836376724632 ], [ 118.562739986756725, 31.471824818580089 ], [ 118.562726497428059, 31.471013091001929 ], [ 118.56177941860895, 31.471024648780681 ] ] ] } },
{ "type": "Feature", "properties": { "area_m2": 8099.9999999947613, "area_km2": 0.0080999999999947607, "relative_position": "后方", "distance_m": 5523.8296098587352, "elevation": 149.4 }, "geometry": { "type": "Polygon", "coordinates": [ [ [ 118.560832339245152, 31.471036199558295 ], [ 118.560845812239791, 31.471847927867806 ], [ 118.561792899770609, 31.471836376724632 ], [ 118.56177941860895, 31.471024648780681 ], [ 118.560832339245152, 31.471036199558295 ] ] ] } },
{ "type": "Feature", "properties": { "area_m2": 8100.0000001047738, "area_km2": 0.0081000000001047734, "relative_position": "后方", "distance_m": 5489.642336752343, "elevation": 133.2 }, "geometry": { "type": "Polygon", "coordinates": [ [ [ 118.559885259336994, 31.471047743334768 ], [ 118.559898724164569, 31.471859472009626 ], [ 118.560845812239791, 31.471847927867806 ], [ 118.560832339245152, 31.471036199558295 ], [ 118.559885259336994, 31.471047743334768 ] ] ] } },
{ "type": "Feature", "properties": { "area_m2": 8100.0000000366708, "area_km2": 0.0081000000000366716, "relative_position": "后方", "distance_m": 5456.7197833920236, "elevation": 109.8 }, "geometry": { "type": "Polygon", "coordinates": [ [ [ 118.558938178884802, 31.471059280110094 ], [ 118.558951635545313, 31.47187100915005 ], [ 118.559898724164569, 31.471859472009626 ], [ 118.559885259336994, 31.471047743334768 ], [ 118.558938178884802, 31.471059280110094 ] ] ] } },
{ "type": "Feature", "properties": { "area_m2": 8099.9999999266583, "area_km2": 0.0080999999999266589, "relative_position": "后方", "distance_m": 5552.2827155614796, "elevation": 79.0 }, "geometry": { "type": "Polygon", "coordinates": [ [ [ 118.563687073197798, 31.471813253434224 ], [ 118.563700571238826, 31.472624980538161 ], [ 118.56464766530182, 31.472613408024731 ], [ 118.564634159093515, 31.47180168128703 ], [ 118.563687073197798, 31.471813253434224 ] ] ] } },
{ "type": "Feature", "properties": { "area_m2": 8099.9999999685679, "area_km2": 0.0080999999999685681, "relative_position": "后方", "distance_m": 5513.8833600951448, "elevation": 88.6 }, "geometry": { "type": "Polygon", "coordinates": [ [ [ 118.562739986756725, 31.471824818580089 ], [ 118.562753476630419, 31.472636546050037 ], [ 118.563700571238826, 31.472624980538161 ], [ 118.563687073197798, 31.471813253434224 ], [ 118.562739986756725, 31.471824818580089 ] ] ] } },
{ "type": "Feature", "properties": { "area_m2": 8100.0000000052387, "area_km2": 0.0081000000000052384, "relative_position": "后方", "distance_m": 5476.6882690650318, "elevation": 110.4 }, "geometry": { "type": "Polygon", "coordinates": [ [ [ 118.561792899770609, 31.471836376724632 ], [ 118.56180638147697, 31.472648104560367 ], [ 118.562753476630419, 31.472636546050037 ], [ 118.562739986756725, 31.471824818580089 ], [ 118.561792899770609, 31.471836376724632 ] ] ] } },
{ "type": "Feature", "properties": { "area_m2": 8100.0000000523869, "area_km2": 0.0081000000000523865, "relative_position": "后方", "distance_m": 5440.7221425821399, "elevation": 130.0 }, "geometry": { "type": "Polygon", "coordinates": [ [ [ 118.560845812239791, 31.471847927867806 ], [ 118.56085928577879, 31.472659656069116 ], [ 118.56180638147697, 31.472648104560367 ], [ 118.561792899770609, 31.471836376724632 ], [ 118.560845812239791, 31.471847927867806 ] ] ] } },
{ "type": "Feature", "properties": { "area_m2": 8099.9999999790452, "area_km2": 0.0080999999999790458, "relative_position": "后方", "distance_m": 5406.009511043665, "elevation": 136.6 }, "geometry": { "type": "Polygon", "coordinates": [ [ [ 118.559898724164569, 31.471859472009626 ], [ 118.559912189536206, 31.472671200576272 ], [ 118.56085928577879, 31.472659656069116 ], [ 118.560845812239791, 31.471847927867806 ], [ 118.559898724164569, 31.471859472009626 ] ] ] } },
{ "type": "Feature", "properties": { "area_m2": 8100.0000000942964, "area_km2": 0.0081000000000942957, "relative_position": "后方", "distance_m": 5372.5746727796168, "elevation": 128.8 }, "geometry": { "type": "Polygon", "coordinates": [ [ [ 118.558951635545313, 31.47187100915005 ], [ 118.55896509274956, 31.472682738081829 ], [ 118.559912189536206, 31.472671200576272 ], [ 118.559898724164569, 31.471859472009626 ], [ 118.558951635545313, 31.47187100915005 ] ] ] } },
{ "type": "Feature", "properties": { "area_m2": 8100.0000000261934, "area_km2": 0.0081000000000261939, "relative_position": "后方", "distance_m": 5394.3649808262398, "elevation": 93.4 }, "geometry": { "type": "Polygon", "coordinates": [ [ [ 118.56180638147697, 31.472648104560367 ], [ 118.561819863728047, 31.473459832287876 ], [ 118.562766967049171, 31.473448273411762 ], [ 118.562753476630419, 31.472636546050037 ], [ 118.56180638147697, 31.472648104560367 ] ] ] } },
{ "type": "Feature", "properties": { "area_m2": 8100.0000000576256, "area_km2": 0.0081000000000576253, "relative_position": "后方", "distance_m": 5287.0033636416165, "elevation": 89.2 }, "geometry": { "type": "Polygon", "coordinates": [ [ [ 118.553255684765531, 31.471128353736873 ], [ 118.553269092423278, 31.471940084962903 ], [ 118.554216184299889, 31.471928589831045 ], [ 118.554202768474966, 31.471116858968802 ], [ 118.553255684765531, 31.471128353736873 ] ] ] } },
{ "type": "Feature", "properties": { "area_m2": 8099.9999999685679, "area_km2": 0.0080999999999685681, "relative_position": "后方", "distance_m": 5340.4416289262663, "elevation": 124.2 }, "geometry": { "type": "Polygon", "coordinates": [ [ [ 118.55800454638235, 31.471882539289101 ], [ 118.558017995419192, 31.472694268585776 ], [ 118.55896509274956, 31.472682738081829 ], [ 118.558951635545313, 31.47187100915005 ], [ 118.55800454638235, 31.471882539289101 ] ] ] } },
{ "type": "Feature", "properties": { "area_m2": 8100.0000000261934, "area_km2": 0.0081000000000261939, "relative_position": "后方", "distance_m": 5309.6340157801051, "elevation": 97.8 }, "geometry": { "type": "Polygon", "coordinates": [ [ [ 118.557057456675992, 31.471894062426728 ], [ 118.557070897545401, 31.472705792088089 ], [ 118.558017995419192, 31.472694268585776 ], [ 118.55800454638235, 31.471882539289101 ], [ 118.557057456675992, 31.471894062426728 ] ] ] } },
{ "type": "Feature", "properties": { "area_m2": 8100.0000001100125, "area_km2": 0.0081000000001100123, "relative_position": "后方", "distance_m": 5280.1750348987543, "elevation": 64.8 }, "geometry": { "type": "Polygon", "coordinates": [ [ [ 118.55611036642658, 31.471905578562936 ], [ 118.556123799128528, 31.472717308588759 ], [ 118.557070897545401, 31.472705792088089 ], [ 118.557057456675992, 31.471894062426728 ], [ 118.55611036642658, 31.471905578562936 ] ] ] } },
{ "type": "Feature", "properties": { "area_m2": 8099.9999999109423, "area_km2": 0.0080999999999109423, "relative_position": "后方", "distance_m": 5255.9855265611159, "elevation": 158.2 }, "geometry": { "type": "Polygon", "coordinates": [ [ [ 118.558017995419192, 31.472694268585776 ], [ 118.558031444999429, 31.47350599777425 ], [ 118.558978550497542, 31.473494466905397 ], [ 118.55896509274956, 31.472682738081829 ], [ 118.558017995419192, 31.472694268585776 ] ] ] } },
{ "type": "Feature", "properties": { "area_m2": 8100.0, "area_km2": 0.0081, "relative_position": "后方", "distance_m": 5224.6801259561489, "elevation": 145.4 }, "geometry": { "type": "Polygon", "coordinates": [ [ [ 118.557070897545401, 31.472705792088089 ], [ 118.557084338957864, 31.473517521641249 ], [ 118.558031444999429, 31.47350599777425 ], [ 118.558017995419192, 31.472694268585776 ], [ 118.557070897545401, 31.472705792088089 ] ] ] } },
{ "type": "Feature", "properties": { "area_m2": 8099.9999999633292, "area_km2": 0.0080999999999633292, "relative_position": "后方", "distance_m": 5194.7395899944313, "elevation": 117.0 }, "geometry": { "type": "Polygon", "coordinates": [ [ [ 118.556123799128528, 31.472717308588759 ], [ 118.556137232373231, 31.473529038506388 ], [ 118.557084338957864, 31.473517521641249 ], [ 118.557070897545401, 31.472705792088089 ], [ 118.556123799128528, 31.472717308588759 ] ] ] } },
{ "type": "Feature", "properties": { "area_m2": 8099.9999999528518, "area_km2": 0.0080999999999528515, "relative_position": "后方", "distance_m": 5166.1876504022721, "elevation": 71.8 }, "geometry": { "type": "Polygon", "coordinates": [ [ [ 118.555176700168929, 31.472728818087766 ], [ 118.555190125245815, 31.473540548369648 ], [ 118.556137232373231, 31.473529038506388 ], [ 118.556123799128528, 31.472717308588759 ], [ 118.555176700168929, 31.472728818087766 ] ] ] } },
{ "type": "Feature", "properties": { "area_m2": 8099.9999999685679, "area_km2": 0.0080999999999685681, "relative_position": "后方", "distance_m": 5171.7258421019596, "elevation": 178.8 }, "geometry": { "type": "Polygon", "coordinates": [ [ [ 118.558031444999429, 31.47350599777425 ], [ 118.558044895123075, 31.474317726854526 ], [ 118.558992008789289, 31.474306195620759 ], [ 118.558978550497542, 31.473494466905397 ], [ 118.558031444999429, 31.47350599777425 ] ] ] } },
{ "type": "Feature", "properties": { "area_m2": 8100.0000000471482, "area_km2": 0.0081000000000471476, "relative_position": "后方", "distance_m": 5139.9074629754186, "elevation": 181.2 }, "geometry": { "type": "Polygon", "coordinates": [ [ [ 118.557084338957864, 31.473517521641249 ], [ 118.557097780913423, 31.474329251086218 ], [ 118.558044895123075, 31.474317726854526 ], [ 118.558031444999429, 31.47350599777425 ], [ 118.557084338957864, 31.473517521641249 ] ] ] } },
{ "type": "Feature", "properties": { "area_m2": 8099.9999999476131, "area_km2": 0.0080999999999476126, "relative_position": "后方", "distance_m": 5357.8464483342377, "elevation": 117.6 }, "geometry": { "type": "Polygon", "coordinates": [ [ [ 118.56085928577879, 31.472659656069116 ], [ 118.560872759862193, 31.47347138416221 ], [ 118.561819863728047, 31.473459832287876 ], [ 118.56180638147697, 31.472648104560367 ], [ 118.56085928577879, 31.472659656069116 ] ] ] } },
{ "type": "Feature", "properties": { "area_m2": 8099.9999999895226, "area_km2": 0.0080999999999895218, "relative_position": "后方", "distance_m": 5322.5935354879903, "elevation": 139.6 }, "geometry": { "type": "Polygon", "coordinates": [ [ [ 118.559912189536206, 31.472671200576272 ], [ 118.559925655451906, 31.473482929034709 ], [ 118.560872759862193, 31.47347138416221 ], [ 118.56085928577879, 31.472659656069116 ], [ 118.559912189536206, 31.472671200576272 ] ] ] } },
{ "type": "Feature", "properties": { "area_m2": 8100.0000000104774, "area_km2": 0.0081000000000104773, "relative_position": "后方", "distance_m": 5288.6315529207113, "elevation": 149.2 }, "geometry": { "type": "Polygon", "coordinates": [ [ [ 118.55896509274956, 31.472682738081829 ], [ 118.558978550497542, 31.473494466905397 ], [ 118.559925655451906, 31.473482929034709 ], [ 118.559912189536206, 31.472671200576272 ], [ 118.55896509274956, 31.472682738081829 ] ] ] } },
{ "type": "Feature", "properties": { "area_m2": 8099.9999998795101, "area_km2": 0.0080999999998795109, "relative_position": "后方", "distance_m": 5390.1995279608673, "elevation": 83.4 }, "geometry": { "type": "Polygon", "coordinates": [ [ [ 118.563714069825224, 31.473436707533867 ], [ 118.56372756895702, 31.47424843442132 ], [ 118.564674679355605, 31.47423686117541 ], [ 118.564661172055864, 31.473425134654196 ], [ 118.563714069825224, 31.473436707533867 ] ] ] } },
{ "type": "Feature", "properties": { "area_m2": 8099.9999998742715, "area_km2": 0.008099999999874272, "relative_position": "后方", "distance_m": 5350.6374650266534, "elevation": 99.2 }, "geometry": { "type": "Polygon", "coordinates": [ [ [ 118.562766967049171, 31.473448273411762 ], [ 118.562780458013009, 31.47426000066524 ], [ 118.56372756895702, 31.47424843442132 ], [ 118.563714069825224, 31.473436707533867 ], [ 118.562766967049171, 31.473448273411762 ] ] ] } },
{ "type": "Feature", "properties": { "area_m2": 8100.0000001152512, "area_km2": 0.0081000000001152511, "relative_position": "后方", "distance_m": 5312.2998730992849, "elevation": 97.0 }, "geometry": { "type": "Polygon", "coordinates": [ [ [ 118.561819863728047, 31.473459832287876 ], [ 118.561833346523869, 31.474271559907169 ], [ 118.562780458013009, 31.47426000066524 ], [ 118.562766967049171, 31.473448273411762 ], [ 118.561819863728047, 31.473459832287876 ] ] ] } },
{ "type": "Feature", "properties": { "area_m2": 8099.9999998742715, "area_km2": 0.008099999999874272, "relative_position": "后方", "distance_m": 5275.213450276201, "elevation": 109.6 }, "geometry": { "type": "Polygon", "coordinates": [ [ [ 118.560872759862193, 31.47347138416221 ], [ 118.560886234489999, 31.474283112147063 ], [ 118.561833346523869, 31.474271559907169 ], [ 118.561819863728047, 31.473459832287876 ], [ 118.560872759862193, 31.47347138416221 ] ] ] } },
{ "type": "Feature", "properties": { "area_m2": 8099.9999999476131, "area_km2": 0.0080999999999476126, "relative_position": "后方", "distance_m": 5239.4047668405237, "elevation": 138.0 }, "geometry": { "type": "Polygon", "coordinates": [ [ [ 118.559925655451906, 31.473482929034709 ], [ 118.559939121911697, 31.474294657384931 ], [ 118.560886234489999, 31.474283112147063 ], [ 118.560872759862193, 31.47347138416221 ], [ 118.559925655451906, 31.473482929034709 ] ] ] } },
{ "type": "Feature", "properties": { "area_m2": 8099.9999999109423, "area_km2": 0.0080999999999109423, "relative_position": "后方", "distance_m": 5204.9001961735858, "elevation": 158.2 }, "geometry": { "type": "Polygon", "coordinates": [ [ [ 118.558978550497542, 31.473494466905397 ], [ 118.558992008789289, 31.474306195620759 ], [ 118.559939121911697, 31.474294657384931 ], [ 118.559925655451906, 31.473482929034709 ], [ 118.558978550497542, 31.473494466905397 ] ] ] } },
{ "type": "Feature", "properties": { "area_m2": 8100.000000068103, "area_km2": 0.0081000000000681031, "relative_position": "后方", "distance_m": 5309.6045611783711, "elevation": 101.6 }, "geometry": { "type": "Polygon", "coordinates": [ [ [ 118.56372756895702, 31.47424843442132 ], [ 118.563741068634243, 31.47506016120056 ], [ 118.564688187201128, 31.4750485875884 ], [ 118.564674679355605, 31.47423686117541 ], [ 118.56372756895702, 31.47424843442132 ] ] ] } },
{ "type": "Feature", "properties": { "area_m2": 8099.9999998899875, "area_km2": 0.0080999999998899869, "relative_position": "后方", "distance_m": 5109.4703927353657, "elevation": 153.2 }, "geometry": { "type": "Polygon", "coordinates": [ [ [ 118.556137232373231, 31.473529038506388 ], [ 118.55615066616069, 31.47434076831583 ], [ 118.557097780913423, 31.474329251086218 ], [ 118.557084338957864, 31.473517521641249 ], [ 118.556137232373231, 31.473529038506388 ] ] ] } },
{ "type": "Feature", "properties": { "area_m2": 8100.0000000523869, "area_km2": 0.0081000000000523865, "relative_position": "后方", "distance_m": 5080.439459399372, "elevation": 113.4 }, "geometry": { "type": "Polygon", "coordinates": [ [ [ 118.555190125245815, 31.473540548369648 ], [ 118.555203550865144, 31.474352278543339 ], [ 118.55615066616069, 31.47434076831583 ], [ 118.556137232373231, 31.473529038506388 ], [ 118.555190125245815, 31.473540548369648 ] ] ] } },
{ "type": "Feature", "properties": { "area_m2": 8100.0000000785803, "area_km2": 0.0081000000000785808, "relative_position": "后方", "distance_m": 5052.8389013474462, "elevation": 78.4 }, "geometry": { "type": "Polygon", "coordinates": [ [ [ 118.554243017575956, 31.473552051231007 ], [ 118.554256435027128, 31.474363781768727 ], [ 118.555203550865144, 31.474352278543339 ], [ 118.555190125245815, 31.473540548369648 ], [ 118.554243017575956, 31.473552051231007 ] ] ] } },
{ "type": "Feature", "properties": { "area_m2": 8099.9999999895226, "area_km2": 0.0080999999999895218, "relative_position": "后方", "distance_m": 5087.6723338953243, "elevation": 169.4 }, "geometry": { "type": "Polygon", "coordinates": [ [ [ 118.558044895123075, 31.474317726854526 ], [ 118.558058345790201, 31.475129455826611 ], [ 118.559005467624786, 31.475117924227927 ], [ 118.558992008789289, 31.474306195620759 ], [ 118.558044895123075, 31.474317726854526 ] ] ] } },
{ "type": "Feature", "properties": { "area_m2": 8100.0000001204899, "area_km2": 0.00810000000012049, "relative_position": "后方", "distance_m": 5055.3251431986109, "elevation": 188.4 }, "geometry": { "type": "Polygon", "coordinates": [ [ [ 118.557097780913423, 31.474329251086218 ], [ 118.557111223412122, 31.475140980423003 ], [ 118.558058345790201, 31.475129455826611 ], [ 118.558044895123075, 31.474317726854526 ], [ 118.557097780913423, 31.474329251086218 ] ] ] } },
{ "type": "Feature", "properties": { "area_m2": 8099.9999998637941, "area_km2": 0.0080999999998637943, "relative_position": "后方", "distance_m": 5024.3759067279116, "elevation": 182.6 }, "geometry": { "type": "Polygon", "coordinates": [ [ [ 118.55615066616069, 31.47434076831583 ], [ 118.556164100490918, 31.475152498017088 ], [ 118.557111223412122, 31.475140980423003 ], [ 118.557097780913423, 31.474329251086218 ], [ 118.55615066616069, 31.47434076831583 ] ] ] } },
{ "type": "Feature", "properties": { "area_m2": 8099.9999999109423, "area_km2": 0.0080999999999109423, "relative_position": "后方", "distance_m": 4994.8506122726067, "elevation": 151.0 }, "geometry": { "type": "Polygon", "coordinates": [ [ [ 118.555203550865144, 31.474352278543339 ], [ 118.55521697702693, 31.475164008608861 ], [ 118.556164100490918, 31.475152498017088 ], [ 118.55615066616069, 31.47434076831583 ], [ 118.555203550865144, 31.474352278543339 ] ] ] } },
{ "type": "Feature", "properties": { "area_m2": 8099.9999999895226, "area_km2": 0.0080999999999895218, "relative_position": "后方", "distance_m": 4966.774655624281, "elevation": 124.6 }, "geometry": { "type": "Polygon", "coordinates": [ [ [ 118.554256435027128, 31.474363781768727 ], [ 118.554269853020458, 31.475175512198287 ], [ 118.55521697702693, 31.475164008608861 ], [ 118.555203550865144, 31.474352278543339 ], [ 118.554256435027128, 31.474363781768727 ] ] ] } },
{ "type": "Feature", "properties": { "area_m2": 8099.9999999685679, "area_km2": 0.0080999999999685681, "relative_position": "后方", "distance_m": 4940.1727490501289, "elevation": 102.4 }, "geometry": { "type": "Polygon", "coordinates": [ [ [ 118.55330931864701, 31.474375277991992 ], [ 118.553322728471812, 31.475187008785369 ], [ 118.554269853020458, 31.475175512198287 ], [ 118.554256435027128, 31.474363781768727 ], [ 118.55330931864701, 31.474375277991992 ] ] ] } },
{ "type": "Feature", "properties": { "area_m2": 8100.0000000785803, "area_km2": 0.0081000000000785808, "relative_position": "后方", "distance_m": 5003.8353912630946, "elevation": 149.4 }, "geometry": { "type": "Polygon", "coordinates": [ [ [ 118.558058345790201, 31.475129455826611 ], [ 118.55807179700075, 31.475941184690505 ], [ 118.559018927004104, 31.475929652726883 ], [ 118.559005467624786, 31.475117924227927 ], [ 118.558058345790201, 31.475129455826611 ] ] ] } },
{ "type": "Feature", "properties": { "area_m2": 8100.000000068103, "area_km2": 0.0081000000000681031, "relative_position": "后方", "distance_m": 5269.4376287119167, "elevation": 116.0 }, "geometry": { "type": "Polygon", "coordinates": [ [ [ 118.562780458013009, 31.47426000066524 ], [ 118.562793949521904, 31.475071727810501 ], [ 118.563741068634243, 31.47506016120056 ], [ 118.56372756895702, 31.47424843442132 ], [ 118.562780458013009, 31.47426000066524 ] ] ] } },
{ "type": "Feature", "properties": { "area_m2": 8100.0000000576256, "area_km2": 0.0081000000000576253, "relative_position": "后方", "distance_m": 5230.5050976415887, "elevation": 116.0 }, "geometry": { "type": "Polygon", "coordinates": [ [ [ 118.561833346523869, 31.474271559907169 ], [ 118.561846829864479, 31.475083287418233 ], [ 118.562793949521904, 31.475071727810501 ], [ 118.562780458013009, 31.47426000066524 ], [ 118.561833346523869, 31.474271559907169 ] ] ] } },
{ "type": "Feature", "properties": { "area_m2": 8099.9999999580905, "area_km2": 0.0080999999999580904, "relative_position": "后方", "distance_m": 5192.8347338138728, "elevation": 109.0 }, "geometry": { "type": "Polygon", "coordinates": [ [ [ 118.560886234489999, 31.474283112147063 ], [ 118.560899709662252, 31.475094840023718 ], [ 118.561846829864479, 31.475083287418233 ], [ 118.561833346523869, 31.474271559907169 ], [ 118.560886234489999, 31.474283112147063 ] ] ] } },
{ "type": "Feature", "properties": { "area_m2": 8099.9999998742715, "area_km2": 0.008099999999874272, "relative_position": "后方", "distance_m": 5156.4542010595833, "elevation": 118.8 }, "geometry": { "type": "Polygon", "coordinates": [ [ [ 118.559939121911697, 31.474294657384931 ], [ 118.559952588915593, 31.475106385626951 ], [ 118.560899709662252, 31.475094840023718 ], [ 118.560886234489999, 31.474283112147063 ], [ 118.559939121911697, 31.474294657384931 ] ] ] } },
{ "type": "Feature", "properties": { "area_m2": 8099.9999999895226, "area_km2": 0.0080999999999895218, "relative_position": "后方", "distance_m": 5121.3909885018056, "elevation": 149.4 }, "geometry": { "type": "Polygon", "coordinates": [ [ [ 118.558992008789289, 31.474306195620759 ], [ 118.559005467624786, 31.475117924227927 ], [ 118.559952588915593, 31.475106385626951 ], [ 118.559939121911697, 31.474294657384931 ], [ 118.558992008789289, 31.474306195620759 ] ] ] } },
{ "type": "Feature", "properties": { "area_m2": 8099.9999999895226, "area_km2": 0.0080999999999895218, "relative_position": "后方", "distance_m": 5229.3257178441509, "elevation": 83.0 }, "geometry": { "type": "Polygon", "coordinates": [ [ [ 118.563741068634243, 31.47506016120056 ], [ 118.563754568856922, 31.475871887871563 ], [ 118.564701695592419, 31.475860313893143 ], [ 118.564688187201128, 31.4750485875884 ], [ 118.563741068634243, 31.47506016120056 ] ] ] } },
{ "type": "Feature", "properties": { "area_m2": 8100.0000001466833, "area_km2": 0.0081000000001466826, "relative_position": "后方", "distance_m": 5188.5375387841377, "elevation": 106.8 }, "geometry": { "type": "Polygon", "coordinates": [ [ [ 118.562793949521904, 31.475071727810501 ], [ 118.562807441575956, 31.475883454847544 ], [ 118.563754568856922, 31.475871887871563 ], [ 118.563741068634243, 31.47506016120056 ], [ 118.562793949521904, 31.475071727810501 ] ] ] } },
{ "type": "Feature", "properties": { "area_m2": 8099.9999999476131, "area_km2": 0.0080999999999476126, "relative_position": "后方", "distance_m": 5148.9935370182866, "elevation": 121.4 }, "geometry": { "type": "Polygon", "coordinates": [ [ [ 118.561846829864479, 31.475083287418233 ], [ 118.561860313749861, 31.475895014821084 ], [ 118.562807441575956, 31.475883454847544 ], [ 118.562793949521904, 31.475071727810501 ], [ 118.561846829864479, 31.475083287418233 ] ] ] } },
{ "type": "Feature", "properties": { "area_m2": 8100.0000000523869, "area_km2": 0.0081000000000523865, "relative_position": "后方", "distance_m": 5110.7225944992142, "elevation": 104.6 }, "geometry": { "type": "Polygon", "coordinates": [ [ [ 118.560899709662252, 31.475094840023718 ], [ 118.560913185378965, 31.475906567792165 ], [ 118.561860313749861, 31.475895014821084 ], [ 118.561846829864479, 31.475083287418233 ], [ 118.560899709662252, 31.475094840023718 ] ] ] } },
{ "type": "Feature", "properties": { "area_m2": 8099.999999931897, "area_km2": 0.0080999999999318978, "relative_position": "后方", "distance_m": 5073.7535206482589, "elevation": 104.0 }, "geometry": { "type": "Polygon", "coordinates": [ [ [ 118.559952588915593, 31.475106385626951 ], [ 118.559966056463594, 31.475918113760763 ], [ 118.560913185378965, 31.475906567792165 ], [ 118.560899709662252, 31.475094840023718 ], [ 118.559952588915593, 31.475106385626951 ] ] ] } },
{ "type": "Feature", "properties": { "area_m2": 8100.0000001152512, "area_km2": 0.0081000000001152511, "relative_position": "后方", "distance_m": 4970.9428822798154, "elevation": 184.6 }, "geometry": { "type": "Polygon", "coordinates": [ [ [ 118.557111223412122, 31.475140980423003 ], [ 118.557124666453944, 31.475952709651601 ], [ 118.55807179700075, 31.475941184690505 ], [ 118.558058345790201, 31.475129455826611 ], [ 118.557111223412122, 31.475140980423003 ] ] ] } },
{ "type": "Feature", "properties": { "area_m2": 8099.9999999947613, "area_km2": 0.0080999999999947607, "relative_position": "后方", "distance_m": 4939.4651608502281, "elevation": 199.8 }, "geometry": { "type": "Polygon", "coordinates": [ [ [ 118.556164100490918, 31.475152498017088 ], [ 118.556177535363972, 31.47596422761017 ], [ 118.557124666453944, 31.475952709651601 ], [ 118.557111223412122, 31.475140980423003 ], [ 118.556164100490918, 31.475152498017088 ] ] ] } },
{ "type": "Feature", "properties": { "area_m2": 8099.9999999476131, "area_km2": 0.0080999999999476126, "relative_position": "后方", "distance_m": 4909.4294421893701, "elevation": 191.6 }, "geometry": { "type": "Polygon", "coordinates": [ [ [ 118.55521697702693, 31.475164008608861 ], [ 118.555230403731187, 31.475975738566198 ], [ 118.556177535363972, 31.47596422761017 ], [ 118.556164100490918, 31.475152498017088 ], [ 118.55521697702693, 31.475164008608861 ] ] ] } },
{ "type": "Feature", "properties": { "area_m2": 8099.9999999842839, "area_km2": 0.0080999999999842847, "relative_position": "后方", "distance_m": 4880.8623492683482, "elevation": 172.8 }, "geometry": { "type": "Polygon", "coordinates": [ [ [ 118.554269853020458, 31.475175512198287 ], [ 118.554283271555903, 31.475987242519665 ], [ 118.555230403731187, 31.475975738566198 ], [ 118.55521697702693, 31.475164008608861 ], [ 118.554269853020458, 31.475175512198287 ] ] ] } },
{ "type": "Feature", "properties": { "area_m2": 8100.000000083819, "area_km2": 0.0081000000000838197, "relative_position": "后方", "distance_m": 4853.7898146837097, "elevation": 144.0 }, "geometry": { "type": "Polygon", "coordinates": [ [ [ 118.553322728471812, 31.475187008785369 ], [ 118.553336138838446, 31.475998739470565 ], [ 118.554283271555903, 31.475987242519665 ], [ 118.554269853020458, 31.475175512198287 ], [ 118.553322728471812, 31.475187008785369 ] ] ] } },
{ "type": "Feature", "properties": { "area_m2": 8100.0000001466833, "area_km2": 0.0081000000001466826, "relative_position": "后方", "distance_m": 4920.2260839324354, "elevation": 126.0 }, "geometry": { "type": "Polygon", "coordinates": [ [ [ 118.55807179700075, 31.475941184690505 ], [ 118.558085248754807, 31.476752913446191 ], [ 118.559032386927214, 31.476741381117634 ], [ 118.559018927004104, 31.475929652726883 ], [ 118.55807179700075, 31.475941184690505 ] ] ] } },
{ "type": "Feature", "properties": { "area_m2": 8099.9999999266583, "area_km2": 0.0080999999999266589, "relative_position": "后方", "distance_m": 4886.7710431363394, "elevation": 167.0 }, "geometry": { "type": "Polygon", "coordinates": [ [ [ 118.557124666453944, 31.475952709651601 ], [ 118.557138110038935, 31.476764438771994 ], [ 118.558085248754807, 31.476752913446191 ], [ 118.55807179700075, 31.475941184690505 ], [ 118.557124666453944, 31.475952709651601 ] ] ] } },
{ "type": "Feature", "properties": { "area_m2": 8100.0000001990702, "area_km2": 0.0081000000001990695, "relative_position": "后方", "distance_m": 4854.7477954528631, "elevation": 193.4 }, "geometry": { "type": "Polygon", "coordinates": [ [ [ 118.556177535363972, 31.47596422761017 ], [ 118.556190970779838, 31.476775957095068 ], [ 118.557138110038935, 31.476764438771994 ], [ 118.557124666453944, 31.475952709651601 ], [ 118.556177535363972, 31.47596422761017 ] ] ] } },
{ "type": "Feature", "properties": { "area_m2": 8099.9999999633292, "area_km2": 0.0080999999999633292, "relative_position": "后方", "distance_m": 4824.1848556196019, "elevation": 201.2 }, "geometry": { "type": "Polygon", "coordinates": [ [ [ 118.555230403731187, 31.475975738566198 ], [ 118.555243830977943, 31.476787468415356 ], [ 118.556190970779838, 31.476775957095068 ], [ 118.556177535363972, 31.47596422761017 ], [ 118.555230403731187, 31.475975738566198 ] ] ] } },
{ "type": "Feature", "properties": { "area_m2": 8099.9999999476131, "area_km2": 0.0080999999999476126, "relative_position": "后方", "distance_m": 4795.1101483739385, "elevation": 204.0 }, "geometry": { "type": "Polygon", "coordinates": [ [ [ 118.554283271555903, 31.475987242519665 ], [ 118.554296690633521, 31.476798972732873 ], [ 118.555243830977943, 31.476787468415356 ], [ 118.555230403731187, 31.475975738566198 ], [ 118.554283271555903, 31.475987242519665 ] ] ] } },
{ "type": "Feature", "properties": { "area_m2": 8099.9999999947613, "area_km2": 0.0080999999999947607, "relative_position": "后方", "distance_m": 5038.1149759903819, "elevation": 124.8 }, "geometry": { "type": "Polygon", "coordinates": [ [ [ 118.559005467624786, 31.475117924227927 ], [ 118.559018927004104, 31.475929652726883 ], [ 118.559966056463594, 31.475918113760763 ], [ 118.559952588915593, 31.475106385626951 ], [ 118.559005467624786, 31.475117924227927 ] ] ] } },
{ "type": "Feature", "properties": { "area_m2": 8100.0000000890577, "area_km2": 0.0081000000000890585, "relative_position": "后方", "distance_m": 5107.9514368697119, "elevation": 85.2 }, "geometry": { "type": "Polygon", "coordinates": [ [ [ 118.562807441575956, 31.475883454847544 ], [ 118.562820934175122, 31.476695181776346 ], [ 118.563768069625056, 31.476683614434318 ], [ 118.563754568856922, 31.475871887871563 ], [ 118.562807441575956, 31.475883454847544 ] ] ] } },
{ "type": "Feature", "properties": { "area_m2": 8100.0000000576256, "area_km2": 0.0081000000000576253, "relative_position": "后方", "distance_m": 5067.7788565615474, "elevation": 110.8 }, "geometry": { "type": "Polygon", "coordinates": [ [ [ 118.561860313749861, 31.475895014821084 ], [ 118.561873798180045, 31.476706742115706 ], [ 118.562820934175122, 31.476695181776346 ], [ 118.562807441575956, 31.475883454847544 ], [ 118.561860313749861, 31.475895014821084 ] ] ] } },
{ "type": "Feature", "properties": { "area_m2": 8100.0000000890577, "area_km2": 0.0081000000000890585, "relative_position": "后方", "distance_m": 5028.8900898129759, "elevation": 99.8 }, "geometry": { "type": "Polygon", "coordinates": [ [ [ 118.560913185378965, 31.475906567792165 ], [ 118.560926661640153, 31.476718295452386 ], [ 118.561873798180045, 31.476706742115706 ], [ 118.561860313749861, 31.475895014821084 ], [ 118.560913185378965, 31.475906567792165 ] ] ] } },
{ "type": "Feature", "properties": { "area_m2": 8100.000000083819, "area_km2": 0.0081000000000838197, "relative_position": "后方", "distance_m": 4991.3151459922465, "elevation": 91.6 }, "geometry": { "type": "Polygon", "coordinates": [ [ [ 118.559966056463594, 31.475918113760763 ], [ 118.559979524555757, 31.476729841786366 ], [ 118.560926661640153, 31.476718295452386 ], [ 118.560913185378965, 31.475906567792165 ], [ 118.559966056463594, 31.475918113760763 ] ] ] } },
{ "type": "Feature", "properties": { "area_m2": 8099.9999998690328, "area_km2": 0.0080999999998690331, "relative_position": "后方", "distance_m": 4955.0839153839679, "elevation": 102.4 }, "geometry": { "type": "Polygon", "coordinates": [ [ [ 118.559018927004104, 31.475929652726883 ], [ 118.559032386927214, 31.476741381117634 ], [ 118.559979524555757, 31.476729841786366 ], [ 118.559966056463594, 31.475918113760763 ], [ 118.559018927004104, 31.475929652726883 ] ] ] } },
{ "type": "Feature", "properties": { "area_m2": 8099.999999848078, "area_km2": 0.0080999999998480777, "relative_position": "后方", "distance_m": 4986.8755603542495, "elevation": 89.4 }, "geometry": { "type": "Polygon", "coordinates": [ [ [ 118.561873798180045, 31.476706742115706 ], [ 118.561887283155073, 31.477518469302098 ], [ 118.562834427319444, 31.477506908596911 ], [ 118.562820934175122, 31.476695181776346 ], [ 118.561873798180045, 31.476706742115706 ] ] ] } },
{ "type": "Feature", "properties": { "area_m2": 8099.9999999580905, "area_km2": 0.0080999999999580904, "relative_position": "后方", "distance_m": 4947.3510951825629, "elevation": 85.6 }, "geometry": { "type": "Polygon", "coordinates": [ [ [ 118.560926661640153, 31.476718295452386 ], [ 118.560940138445829, 31.477530023004373 ], [ 118.561887283155073, 31.477518469302098 ], [ 118.561873798180045, 31.476706742115706 ], [ 118.560926661640153, 31.476718295452386 ] ] ] } },
{ "type": "Feature", "properties": { "area_m2": 8100.0000000157161, "area_km2": 0.0081000000000157162, "relative_position": "后方", "distance_m": 4767.5509032333366, "elevation": 184.2 }, "geometry": { "type": "Polygon", "coordinates": [ [ [ 118.553336138838446, 31.475998739470565 ], [ 118.553349549746912, 31.476810470047599 ], [ 118.554296690633521, 31.476798972732873 ], [ 118.554283271555903, 31.475987242519665 ], [ 118.553336138838446, 31.475998739470565 ] ] ] } },
{ "type": "Feature", "properties": { "area_m2": 8100.0000000314321, "area_km2": 0.0081000000000314328, "relative_position": "后方", "distance_m": 4836.8562159036519, "elevation": 101.8 }, "geometry": { "type": "Polygon", "coordinates": [ [ [ 118.558085248754807, 31.476752913446191 ], [ 118.558098701052387, 31.477564642093661 ], [ 118.55904584739416, 31.47755310940018 ], [ 118.559032386927214, 31.476741381117634 ], [ 118.558085248754807, 31.476752913446191 ] ] ] } },
{ "type": "Feature", "properties": { "area_m2": 8099.9999998061685, "area_km2": 0.0080999999998061685, "relative_position": "后方", "distance_m": 4802.8206883771563, "elevation": 137.4 }, "geometry": { "type": "Polygon", "coordinates": [ [ [ 118.557138110038935, 31.476764438771994 ], [ 118.557151554167092, 31.477576167784193 ], [ 118.558098701052387, 31.477564642093661 ], [ 118.558085248754807, 31.476752913446191 ], [ 118.557138110038935, 31.476764438771994 ] ] ] } },
{ "type": "Feature", "properties": { "area_m2": 8100.0000000733417, "area_km2": 0.0081000000000733419, "relative_position": "后方", "distance_m": 4770.2341129712795, "elevation": 164.6 }, "geometry": { "type": "Polygon", "coordinates": [ [ [ 118.556190970779838, 31.476775957095068 ], [ 118.556204406738573, 31.47758768647175 ], [ 118.557151554167092, 31.477576167784193 ], [ 118.557138110038935, 31.476764438771994 ], [ 118.556190970779838, 31.476775957095068 ] ] ] } },
{ "type": "Feature", "properties": { "area_m2": 8099.9999999266583, "area_km2": 0.0080999999999266589, "relative_position": "后方", "distance_m": 4739.1263807521982, "elevation": 194.6 }, "geometry": { "type": "Polygon", "coordinates": [ [ [ 118.555243830977943, 31.476787468415356 ], [ 118.555257258767213, 31.477599198156323 ], [ 118.556204406738573, 31.47758768647175 ], [ 118.556190970779838, 31.476775957095068 ], [ 118.555243830977943, 31.476787468415356 ] ] ] } },
{ "type": "Feature", "properties": { "area_m2": 8100.0000000157161, "area_km2": 0.0081000000000157162, "relative_position": "后方", "distance_m": 4709.5267980076405, "elevation": 215.6 }, "geometry": { "type": "Polygon", "coordinates": [ [ [ 118.554296690633521, 31.476798972732873 ], [ 118.554310110253311, 31.477610702837897 ], [ 118.555257258767213, 31.477599198156323 ], [ 118.555243830977943, 31.476787468415356 ], [ 118.554296690633521, 31.476798972732873 ] ] ] } },
{ "type": "Feature", "properties": { "area_m2": 8099.9999999738066, "area_km2": 0.008099999999973807, "relative_position": "后方", "distance_m": 4681.4639733347494, "elevation": 206.4 }, "geometry": { "type": "Polygon", "coordinates": [ [ [ 118.553349549746912, 31.476810470047599 ], [ 118.553362961197223, 31.477622200516453 ], [ 118.554310110253311, 31.477610702837897 ], [ 118.554296690633521, 31.476798972732873 ], [ 118.553349549746912, 31.476810470047599 ] ] ] } },
{ "type": "Feature", "properties": { "area_m2": 8100.0000001204899, "area_km2": 0.00810000000012049, "relative_position": "后方", "distance_m": 4753.7383842194658, "elevation": 81.2 }, "geometry": { "type": "Polygon", "coordinates": [ [ [ 118.558098701052387, 31.477564642093661 ], [ 118.558112153893475, 31.478376370632947 ], [ 118.559059308404983, 31.47836483757451 ], [ 118.55904584739416, 31.47755310940018 ], [ 118.558098701052387, 31.477564642093661 ] ] ] } },
{ "type": "Feature", "properties": { "area_m2": 8100.0000001047738, "area_km2": 0.0081000000001047734, "relative_position": "后方", "distance_m": 4719.1036376311604, "elevation": 112.6 }, "geometry": { "type": "Polygon", "coordinates": [ [ [ 118.557151554167092, 31.477576167784193 ], [ 118.557164998838431, 31.478387896688208 ], [ 118.558112153893475, 31.478376370632947 ], [ 118.558098701052387, 31.477564642093661 ], [ 118.557151554167092, 31.477576167784193 ] ] ] } },
{ "type": "Feature", "properties": { "area_m2": 8100.0000000942964, "area_km2": 0.0081000000000942957, "relative_position": "后方", "distance_m": 4685.9351333880131, "elevation": 143.2 }, "geometry": { "type": "Polygon", "coordinates": [ [ [ 118.556204406738573, 31.47758768647175 ], [ 118.556217843240162, 31.478399415740263 ], [ 118.557164998838431, 31.478387896688208 ], [ 118.557151554167092, 31.477576167784193 ], [ 118.556204406738573, 31.47758768647175 ] ] ] } },
{ "type": "Feature", "properties": { "area_m2": 8100.0000000314321, "area_km2": 0.0081000000000314328, "relative_position": "后方", "distance_m": 4654.2642207283398, "elevation": 180.4 }, "geometry": { "type": "Polygon", "coordinates": [ [ [ 118.555257258767213, 31.477599198156323 ], [ 118.555270687099025, 31.47841092778911 ], [ 118.556217843240162, 31.478399415740263 ], [ 118.556204406738573, 31.47758768647175 ], [ 118.555257258767213, 31.477599198156323 ] ] ] } },
{ "type": "Feature", "properties": { "area_m2": 8100.0, "area_km2": 0.0081, "relative_position": "后方", "distance_m": 4624.1216727761221, "elevation": 205.4 }, "geometry": { "type": "Polygon", "coordinates": [ [ [ 118.554310110253311, 31.477610702837897 ], [ 118.554323530415331, 31.478422432834748 ], [ 118.555270687099025, 31.47841092778911 ], [ 118.555257258767213, 31.477599198156323 ], [ 118.554310110253311, 31.477610702837897 ] ] ] } },
{ "type": "Feature", "properties": { "area_m2": 8099.9999999790452, "area_km2": 0.0080999999999790458, "relative_position": "后方", "distance_m": 4595.5375654060081, "elevation": 215.8 }, "geometry": { "type": "Polygon", "coordinates": [ [ [ 118.553362961197223, 31.477622200516453 ], [ 118.553376373189408, 31.478433930877138 ], [ 118.554323530415331, 31.478422432834748 ], [ 118.554310110253311, 31.477610702837897 ], [ 118.553362961197223, 31.477622200516453 ] ] ] } },
{ "type": "Feature", "properties": { "area_m2": 8099.9999998009298, "area_km2": 0.0080999999998009296, "relative_position": "后方", "distance_m": 4635.6325302790574, "elevation": 91.8 }, "geometry": { "type": "Polygon", "coordinates": [ [ [ 118.557164998838431, 31.478387896688208 ], [ 118.55717844405298, 31.479199625484 ], [ 118.558125607278086, 31.479188099064014 ], [ 118.558112153893475, 31.478376370632947 ], [ 118.557164998838431, 31.478387896688208 ] ] ] } },
{ "type": "Feature", "properties": { "area_m2": 8099.9999999004649, "area_km2": 0.0080999999999004646, "relative_position": "后方", "distance_m": 4601.8626551155376, "elevation": 123.6 }, "geometry": { "type": "Polygon", "coordinates": [ [ [ 118.556217843240162, 31.478399415740263 ], [ 118.556231280284635, 31.479211144900574 ], [ 118.55717844405298, 31.479199625484 ], [ 118.557164998838431, 31.478387896688208 ], [ 118.556217843240162, 31.478399415740263 ] ] ] } },
{ "type": "Feature", "properties": { "area_m2": 8099.9999999266583, "area_km2": 0.0080999999999266589, "relative_position": "后方", "distance_m": 4569.6093121584026, "elevation": 148.4 }, "geometry": { "type": "Polygon", "coordinates": [ [ [ 118.555270687099025, 31.47841092778911 ], [ 118.555284115973393, 31.479222657313706 ], [ 118.556231280284635, 31.479211144900574 ], [ 118.556217843240162, 31.478399415740263 ], [ 118.555270687099025, 31.47841092778911 ] ] ] } },
{ "type": "Feature", "properties": { "area_m2": 8099.9999998952262, "area_km2": 0.0080999999998952257, "relative_position": "后方", "distance_m": 4538.9048325892982, "elevation": 171.4 }, "geometry": { "type": "Polygon", "coordinates": [ [ [ 118.554323530415331, 31.478422432834748 ], [ 118.554336951119566, 31.479234162723397 ], [ 118.555284115973393, 31.479222657313706 ], [ 118.555270687099025, 31.47841092778911 ], [ 118.554323530415331, 31.478422432834748 ] ] ] } },
{ "type": "Feature", "properties": { "area_m2": 8099.9999999423744, "area_km2": 0.0080999999999423738, "relative_position": "后方", "distance_m": 4509.780854210092, "elevation": 197.8 }, "geometry": { "type": "Polygon", "coordinates": [ [ [ 118.553376373189408, 31.478433930877138 ], [ 118.553389785723482, 31.479245661129642 ], [ 118.554336951119566, 31.479234162723397 ], [ 118.554323530415331, 31.478422432834748 ], [ 118.553376373189408, 31.478433930877138 ] ] ] } },
{ "type": "Feature", "properties": { "area_m2": 8100.0000000366708, "area_km2": 0.0081000000000366716, "relative_position": "后方", "distance_m": 4552.4208941828274, "elevation": 75.4 }, "geometry": { "type": "Polygon", "coordinates": [ [ [ 118.55717844405298, 31.479199625484 ], [ 118.557191889810767, 31.480011354171602 ], [ 118.55813906120629, 31.479999827386884 ], [ 118.558125607278086, 31.479188099064014 ], [ 118.55717844405298, 31.479199625484 ] ] ] } },
{ "type": "Feature", "properties": { "area_m2": 8100.0000000733417, "area_km2": 0.0081000000000733419, "relative_position": "后方", "distance_m": 4518.0293218427432, "elevation": 96.4 }, "geometry": { "type": "Polygon", "coordinates": [ [ [ 118.556231280284635, 31.479211144900574 ], [ 118.556244717871991, 31.480022873952688 ], [ 118.557191889810767, 31.480011354171602 ], [ 118.55717844405298, 31.479199625484 ], [ 118.556231280284635, 31.479211144900574 ] ] ] } },
{ "type": "Feature", "properties": { "area_m2": 8100.0000000419095, "area_km2": 0.0081000000000419087, "relative_position": "后方", "distance_m": 4485.1733896013338, "elevation": 111.2 }, "geometry": { "type": "Polygon", "coordinates": [ [ [ 118.555284115973393, 31.479222657313706 ], [ 118.555297545390303, 31.480034386730122 ], [ 118.556244717871991, 31.480022873952688 ], [ 118.556231280284635, 31.479211144900574 ], [ 118.555284115973393, 31.479222657313706 ] ] ] } },
{ "type": "Feature", "properties": { "area_m2": 8099.9999999842839, "area_km2": 0.0080999999999842847, "relative_position": "后方", "distance_m": 4453.8870842133829, "elevation": 136.6 }, "geometry": { "type": "Polygon", "coordinates": [ [ [ 118.554336951119566, 31.479234162723397 ], [ 118.554350372366045, 31.480045892503885 ], [ 118.555297545390303, 31.480034386730122 ], [ 118.555284115973393, 31.479222657313706 ], [ 118.554336951119566, 31.479234162723397 ] ] ] } },
{ "type": "Feature", "properties": { "area_m2": 8100.0000000157161, "area_km2": 0.0081000000000157162, "relative_position": "后方", "distance_m": 4424.2037070269271, "elevation": 160.6 }, "geometry": { "type": "Polygon", "coordinates": [ [ [ 118.553389785723482, 31.479245661129642 ], [ 118.553403198799501, 31.480057391273977 ], [ 118.554350372366045, 31.480045892503885 ], [ 118.554336951119566, 31.479234162723397 ], [ 118.553389785723482, 31.479245661129642 ] ] ] } },
{ "type": "Feature", "properties": { "area_m2": 8099.9999999947613, "area_km2": 0.0080999999999947607, "relative_position": "后方", "distance_m": 4400.9690566077716, "elevation": 81.8 }, "geometry": { "type": "Polygon", "coordinates": [ [ [ 118.555297545390303, 31.480034386730122 ], [ 118.555310975349855, 31.480846116038339 ], [ 118.556258156002301, 31.4808346028966 ], [ 118.556244717871991, 31.480022873952688 ], [ 118.555297545390303, 31.480034386730122 ] ] ] } },
{ "type": "Feature", "properties": { "area_m2": 8100.0000000733417, "area_km2": 0.0081000000000733419, "relative_position": "后方", "distance_m": 4369.0800493104171, "elevation": 100.4 }, "geometry": { "type": "Polygon", "coordinates": [ [ [ 118.554350372366045, 31.480045892503885 ], [ 118.554363794154767, 31.480857622176188 ], [ 118.555310975349855, 31.480846116038339 ], [ 118.555297545390303, 31.480034386730122 ], [ 118.554350372366045, 31.480045892503885 ] ] ] } },
{ "type": "Feature", "properties": { "area_m2": 8100.000000068103, "area_km2": 0.0081000000000681031, "relative_position": "后方", "distance_m": 4338.8167481036298, "elevation": 123.2 }, "geometry": { "type": "Polygon", "coordinates": [ [ [ 118.553403198799501, 31.480057391273977 ], [ 118.553416612417408, 31.480869121310128 ], [ 118.554363794154767, 31.480857622176188 ], [ 118.554350372366045, 31.480045892503885 ], [ 118.553403198799501, 31.480057391273977 ] ] ] } },
{ "type": "Feature", "properties": { "area_m2": 8099.9999999738066, "area_km2": 0.008099999999973807, "relative_position": "后方", "distance_m": 4253.6314301881293, "elevation": 93.0 }, "geometry": { "type": "Polygon", "coordinates": [ [ [ 118.553416612417408, 31.480869121310128 ], [ 118.553430026577303, 31.481680851238103 ], [ 118.55437721648579, 31.481669351740294 ], [ 118.554363794154767, 31.480857622176188 ], [ 118.553416612417408, 31.480869121310128 ] ] ] } },
{ "type": "Feature", "properties": { "area_m2": 8100.0000000419095, "area_km2": 0.0081000000000419087, "relative_position": "后方", "distance_m": 4168.6601139733757, "elevation": 89.4 }, "geometry": { "type": "Polygon", "coordinates": [ [ [ 118.553430026577303, 31.481680851238103 ], [ 118.553443441279143, 31.482492581057897 ], [ 118.554390639359113, 31.482481081196223 ], [ 118.55437721648579, 31.481669351740294 ], [ 118.553430026577303, 31.481680851238103 ] ] ] } },
{ "type": "Feature", "properties": { "area_m2": 8099.9999999738066, "area_km2": 0.008099999999973807, "relative_position": "后方", "distance_m": 4083.9161564952469, "elevation": 90.0 }, "geometry": { "type": "Polygon", "coordinates": [ [ [ 118.553443441279143, 31.482492581057897 ], [ 118.553456856522999, 31.483304310769498 ], [ 118.554404062774751, 31.483292810543951 ], [ 118.554390639359113, 31.482481081196223 ], [ 118.553443441279143, 31.482492581057897 ] ] ] } },
{ "type": "Feature", "properties": { "area_m2": 8099.9999999685679, "area_km2": 0.0080999999999685681, "relative_position": "后方", "distance_m": 3998.0784316070308, "elevation": 127.4 }, "geometry": { "type": "Polygon", "coordinates": [ [ [ 118.550601843788655, 31.482527038616723 ], [ 118.550615234516997, 31.483338769418634 ], [ 118.551562442393788, 31.483327290206852 ], [ 118.551549043493594, 31.482515559768167 ], [ 118.550601843788655, 31.482527038616723 ] ] ] } },
{ "type": "Feature", "properties": { "area_m2": 8100.0000000995351, "area_km2": 0.0081000000000995345, "relative_position": "后方", "distance_m": 3968.3660730952884, "elevation": 91.6 }, "geometry": { "type": "Polygon", "coordinates": [ [ [ 118.552509649729231, 31.483315803990475 ], [ 118.552523057342938, 31.484127533957555 ], [ 118.553470272308843, 31.484116040372921 ], [ 118.553456856522999, 31.483304310769498 ], [ 118.552509649729231, 31.483315803990475 ] ] ] } },
{ "type": "Feature", "properties": { "area_m2": 8100.000000220025, "area_km2": 0.0081000000002200249, "relative_position": "后方", "distance_m": 3939.1223185231165, "elevation": 113.8 }, "geometry": { "type": "Polygon", "coordinates": [ [ [ 118.551562442393788, 31.483327290206852 ], [ 118.551575841835316, 31.484139020537377 ], [ 118.552523057342938, 31.484127533957555 ], [ 118.552509649729231, 31.483315803990475 ], [ 118.551562442393788, 31.483327290206852 ] ] ] } },
{ "type": "Feature", "properties": { "area_m2": 8100.0000000523869, "area_km2": 0.0081000000000523865, "relative_position": "后方", "distance_m": 3911.7232118870829, "elevation": 131.6 }, "geometry": { "type": "Polygon", "coordinates": [ [ [ 118.550615234516997, 31.483338769418634 ], [ 118.550628625786345, 31.484150500112364 ], [ 118.551575841835316, 31.484139020537377 ], [ 118.551562442393788, 31.483327290206852 ], [ 118.550615234516997, 31.483338769418634 ] ] ] } },
{ "type": "Feature", "properties": { "area_m2": 8099.9999999214197, "area_km2": 0.0080999999999214201, "relative_position": "后方", "distance_m": 3883.4481828230601, "elevation": 79.0 }, "geometry": { "type": "Polygon", "coordinates": [ [ [ 118.552523057342938, 31.484127533957555 ], [ 118.552536465498335, 31.484939263816447 ], [ 118.553483688636717, 31.48492776986815 ], [ 118.553470272308843, 31.484116040372921 ], [ 118.552523057342938, 31.484127533957555 ] ] ] } },
{ "type": "Feature", "properties": { "area_m2": 8099.9999999109423, "area_km2": 0.0080999999999109423, "relative_position": "后方", "distance_m": 3853.560324644538, "elevation": 111.8 }, "geometry": { "type": "Polygon", "coordinates": [ [ [ 118.551575841835316, 31.484139020537377 ], [ 118.551589241818235, 31.484950750759712 ], [ 118.552536465498335, 31.484939263816447 ], [ 118.552523057342938, 31.484127533957555 ], [ 118.551575841835316, 31.484139020537377 ] ] ] } },
{ "type": "Feature", "properties": { "area_m2": 8099.9999999738066, "area_km2": 0.008099999999973807, "relative_position": "后方", "distance_m": 3825.5487262147149, "elevation": 126.8 }, "geometry": { "type": "Polygon", "coordinates": [ [ [ 118.550628625786345, 31.484150500112364 ], [ 118.550642017596729, 31.484962230697924 ], [ 118.551589241818235, 31.484950750759712 ], [ 118.551575841835316, 31.484139020537377 ], [ 118.550628625786345, 31.484150500112364 ] ] ] } },
{ "type": "Feature", "properties": { "area_m2": 8099.9999999423744, "area_km2": 0.0080999999999423738, "relative_position": "后方", "distance_m": 3768.2180043925077, "elevation": 94.2 }, "geometry": { "type": "Polygon", "coordinates": [ [ [ 118.551589241818235, 31.484950750759712 ], [ 118.55160264234253, 31.485762480873873 ], [ 118.552549874195464, 31.485750993567162 ], [ 118.552536465498335, 31.484939263816447 ], [ 118.551589241818235, 31.484950750759712 ] ] ] } },
{ "type": "Feature", "properties": { "area_m2": 8100.0000001362059, "area_km2": 0.0081000000001362066, "relative_position": "后方", "distance_m": 3739.567468275332, "elevation": 103.8 }, "geometry": { "type": "Polygon", "coordinates": [ [ [ 118.550642017596729, 31.484962230697924 ], [ 118.550655409948178, 31.485773961175326 ], [ 118.55160264234253, 31.485762480873873 ], [ 118.551589241818235, 31.484950750759712 ], [ 118.550642017596729, 31.484962230697924 ] ] ] } },
{ "type": "Feature", "properties": { "area_m2": 8099.9999999580905, "area_km2": 0.0080999999999580904, "relative_position": "后方", "distance_m": 5298.6604478113422, "elevation": 115.2 }, "geometry": { "type": "Polygon", "coordinates": [ [ [ 118.543758167576556, 31.469619446318411 ], [ 118.543771492484595, 31.470431181386335 ], [ 118.544718573429364, 31.470419756993028 ], [ 118.544705240354574, 31.469608022286661 ], [ 118.543758167576556, 31.469619446318411 ] ] ] } },
{ "type": "Feature", "properties": { "area_m2": 8099.9999999842839, "area_km2": 0.0080999999999842847, "relative_position": "后方", "distance_m": 5218.6372533019339, "elevation": 83.4 }, "geometry": { "type": "Polygon", "coordinates": [ [ [ 118.544718573429364, 31.470419756993028 ], [ 118.544731907042859, 31.471231491591301 ], [ 118.545678995615887, 31.47122005983503 ], [ 118.545665653835371, 31.470408325598559 ], [ 118.544718573429364, 31.470419756993028 ] ] ] } },
{ "type": "Feature", "properties": { "area_m2": 8100.0000001728768, "area_km2": 0.0081000000001728769, "relative_position": "后方", "distance_m": 5208.8393071002019, "elevation": 99.2 }, "geometry": { "type": "Polygon", "coordinates": [ [ [ 118.543771492484595, 31.470431181386335 ], [ 118.543784817931069, 31.471242916346171 ], [ 118.544731907042859, 31.471231491591301 ], [ 118.544718573429364, 31.470419756993028 ], [ 118.543771492484595, 31.470431181386335 ] ] ] } },
{ "type": "Feature", "properties": { "area_m2": 8099.9999999109423, "area_km2": 0.0080999999999109423, "relative_position": "后方", "distance_m": 4132.5116225119145, "elevation": 83.6 }, "geometry": { "type": "Polygon", "coordinates": [ [ [ 118.543931433382227, 31.480171993769446 ], [ 118.54394476529103, 31.480983727431973 ], [ 118.544891952433034, 31.480972298337807 ], [ 118.544878612353244, 31.480160565036918 ], [ 118.543931433382227, 31.480171993769446 ] ] ] } },
{ "type": "Feature", "properties": { "area_m2": 8100.0000000995351, "area_km2": 0.0081000000000995345, "relative_position": "后方", "distance_m": 4042.9842896669325, "elevation": 84.0 }, "geometry": { "type": "Polygon", "coordinates": [ [ [ 118.54394476529103, 31.480983727431973 ], [ 118.543958097738454, 31.481795460986401 ], [ 118.544905293051812, 31.481784031530584 ], [ 118.544891952433034, 31.480972298337807 ], [ 118.54394476529103, 31.480983727431973 ] ] ] } },
{ "type": "Feature", "properties": { "area_m2": 8100.000000083819, "area_km2": 0.0081000000000838197, "relative_position": "后方", "distance_m": 3953.490724391731, "elevation": 84.8 }, "geometry": { "type": "Polygon", "coordinates": [ [ [ 118.543958097738454, 31.481795460986401 ], [ 118.543971430724568, 31.482607194432699 ], [ 118.54491863420958, 31.482595764615226 ], [ 118.544905293051812, 31.481784031530584 ], [ 118.543958097738454, 31.481795460986401 ] ] ] } },
{ "type": "Feature", "properties": { "area_m2": 8100.0000000419095, "area_km2": 0.0081000000000419087, "relative_position": "后方", "distance_m": 3877.2272804857071, "elevation": 85.2 }, "geometry": { "type": "Polygon", "coordinates": [ [ [ 118.54491863420958, 31.482595764615226 ], [ 118.54493197590638, 31.483407497591742 ], [ 118.54587918702434, 31.483396060407905 ], [ 118.545865837155574, 31.482584327793273 ], [ 118.54491863420958, 31.482595764615226 ] ] ] } },
{ "type": "Feature", "properties": { "area_m2": 8099.9999999580905, "area_km2": 0.0080999999999580904, "relative_position": "后方", "distance_m": 3864.0332721213254, "elevation": 112.2 }, "geometry": { "type": "Polygon", "coordinates": [ [ [ 118.543971430724568, 31.482607194432699 ], [ 118.543984764249387, 31.48341892777087 ], [ 118.54493197590638, 31.483407497591742 ], [ 118.54491863420958, 31.482595764615226 ], [ 118.543971430724568, 31.482607194432699 ] ] ] } },
{ "type": "Feature", "properties": { "area_m2": 8100.0000001414446, "area_km2": 0.0081000000001414454, "relative_position": "后方", "distance_m": 3821.3268829052117, "elevation": 109.6 }, "geometry": { "type": "Polygon", "coordinates": [ [ [ 118.546826397602928, 31.483384616219368 ], [ 118.546839756183331, 31.48419634836376 ], [ 118.547786974394512, 31.484184896808223 ], [ 118.547773607641815, 31.483373165026162 ], [ 118.546826397602928, 31.483384616219368 ] ] ] } },
{ "type": "Feature", "properties": { "area_m2": 8099.9999999004649, "area_km2": 0.0080999999999004646, "relative_position": "后方", "distance_m": 3803.6989508283773, "elevation": 109.4 }, "geometry": { "type": "Polygon", "coordinates": [ [ [ 118.54587918702434, 31.483396060407905 ], [ 118.545892537432465, 31.484207792914397 ], [ 118.546839756183331, 31.48419634836376 ], [ 118.546826397602928, 31.483384616219368 ], [ 118.54587918702434, 31.483396060407905 ] ] ] } },
{ "type": "Feature", "properties": { "area_m2": 8100.0000000366708, "area_km2": 0.0081000000000366716, "relative_position": "后方", "distance_m": 4568.5411526467869, "elevation": 193.4 }, "geometry": { "type": "Polygon", "coordinates": [ [ [ 118.552415811599246, 31.477633691191972 ], [ 118.552429215421611, 31.47844542191628 ], [ 118.553376373189408, 31.478433930877138 ], [ 118.553362961197223, 31.477622200516453 ], [ 118.552415811599246, 31.477633691191972 ] ] ] } },
{ "type": "Feature", "properties": { "area_m2": 8100.0, "area_km2": 0.0081, "relative_position": "后方", "distance_m": 4543.1607395701885, "elevation": 150.0 }, "geometry": { "type": "Polygon", "coordinates": [ [ [ 118.551468661459737, 31.477645174864463 ], [ 118.55148205711221, 31.478456905952157 ], [ 118.552429215421611, 31.47844542191628 ], [ 118.552415811599246, 31.477633691191972 ], [ 118.551468661459737, 31.477645174864463 ] ] ] } },
{ "type": "Feature", "properties": { "area_m2": 8100.0000000209548, "area_km2": 0.008100000000020955, "relative_position": "后方", "distance_m": 4519.4235536524102, "elevation": 115.8 }, "geometry": { "type": "Polygon", "coordinates": [ [ [ 118.550521510778992, 31.477656651533891 ], [ 118.550534898261617, 31.478468382984762 ], [ 118.55148205711221, 31.478456905952157 ], [ 118.551468661459737, 31.477645174864463 ], [ 118.550521510778992, 31.477656651533891 ] ] ] } },
{ "type": "Feature", "properties": { "area_m2": 8099.9999999109423, "area_km2": 0.0080999999999109423, "relative_position": "后方", "distance_m": 4482.2681872816293, "elevation": 191.0 }, "geometry": { "type": "Polygon", "coordinates": [ [ [ 118.552429215421611, 31.47844542191628 ], [ 118.552442619785523, 31.479257152532412 ], [ 118.553389785723482, 31.479245661129642 ], [ 118.553376373189408, 31.478433930877138 ], [ 118.552429215421611, 31.47844542191628 ] ] ] } },
{ "type": "Feature", "properties": { "area_m2": 8100.0000001676381, "area_km2": 0.008100000000167638, "relative_position": "后方", "distance_m": 4456.3966771684145, "elevation": 157.0 }, "geometry": { "type": "Polygon", "coordinates": [ [ [ 118.55148205711221, 31.478456905952157 ], [ 118.551495453305947, 31.479268636931693 ], [ 118.552442619785523, 31.479257152532412 ], [ 118.552429215421611, 31.47844542191628 ], [ 118.55148205711221, 31.478456905952157 ] ] ] } },
{ "type": "Feature", "properties": { "area_m2": 8099.999999848078, "area_km2": 0.0080999999998480777, "relative_position": "后方", "distance_m": 4432.1950649161899, "elevation": 118.8 }, "geometry": { "type": "Polygon", "coordinates": [ [ [ 118.550534898261617, 31.478468382984762 ], [ 118.550548286285149, 31.47928011432748 ], [ 118.551495453305947, 31.479268636931693 ], [ 118.55148205711221, 31.478456905952157 ], [ 118.550534898261617, 31.478468382984762 ] ] ] } },
{ "type": "Feature", "properties": { "area_m2": 8099.9999999476131, "area_km2": 0.0080999999999476126, "relative_position": "后方", "distance_m": 4396.155729461505, "elevation": 169.4 }, "geometry": { "type": "Polygon", "coordinates": [ [ [ 118.552442619785523, 31.479257152532412 ], [ 118.552456024691026, 31.480068883040374 ], [ 118.553403198799501, 31.480057391273977 ], [ 118.553389785723482, 31.479245661129642 ], [ 118.552442619785523, 31.479257152532412 ] ] ] } },
{ "type": "Feature", "properties": { "area_m2": 8100.0000000995351, "area_km2": 0.0081000000000995345, "relative_position": "后方", "distance_m": 4369.7746445299381, "elevation": 153.6 }, "geometry": { "type": "Polygon", "coordinates": [ [ [ 118.551495453305947, 31.479268636931693 ], [ 118.551508850040932, 31.480080367803065 ], [ 118.552456024691026, 31.480068883040374 ], [ 118.552442619785523, 31.479257152532412 ], [ 118.551495453305947, 31.479268636931693 ] ] ] } },
{ "type": "Feature", "properties": { "area_m2": 8099.9999999423744, "area_km2": 0.0080999999999423738, "relative_position": "后方", "distance_m": 4345.0908156176438, "elevation": 124.8 }, "geometry": { "type": "Polygon", "coordinates": [ [ [ 118.550548286285149, 31.47928011432748 ], [ 118.55056167484959, 31.480091845562036 ], [ 118.551508850040932, 31.480080367803065 ], [ 118.551495453305947, 31.479268636931693 ], [ 118.550548286285149, 31.47928011432748 ] ] ] } },
{ "type": "Feature", "properties": { "area_m2": 8099.9999999476131, "area_km2": 0.0080999999999476126, "relative_position": "后方", "distance_m": 4310.213398670202, "elevation": 138.6 }, "geometry": { "type": "Polygon", "coordinates": [ [ [ 118.552456024691026, 31.480068883040374 ], [ 118.552469430138103, 31.48088061344016 ], [ 118.553416612417408, 31.480869121310128 ], [ 118.553403198799501, 31.480057391273977 ], [ 118.552456024691026, 31.480068883040374 ] ] ] } },
{ "type": "Feature", "properties": { "area_m2": 8099.9999999371357, "area_km2": 0.0080999999999371349, "relative_position": "后方", "distance_m": 4283.303257822703, "elevation": 137.8 }, "geometry": { "type": "Polygon", "coordinates": [ [ [ 118.551508850040932, 31.480080367803065 ], [ 118.551522247317209, 31.480892098566258 ], [ 118.552469430138103, 31.48088061344016 ], [ 118.552456024691026, 31.480068883040374 ], [ 118.551508850040932, 31.480080367803065 ] ] ] } },
{ "type": "Feature", "properties": { "area_m2": 8099.999999916181, "area_km2": 0.0080999999999161812, "relative_position": "后方", "distance_m": 4258.1184293776514, "elevation": 124.6 }, "geometry": { "type": "Polygon", "coordinates": [ [ [ 118.55056167484959, 31.480091845562036 ], [ 118.550575063954994, 31.480903576688419 ], [ 118.551522247317209, 31.480892098566258 ], [ 118.551508850040932, 31.480080367803065 ], [ 118.55056167484959, 31.480091845562036 ] ] ] } },
{ "type": "Feature", "properties": { "area_m2": 8100.000000083819, "area_km2": 0.0081000000000838197, "relative_position": "后方", "distance_m": 4224.4515773920639, "elevation": 121.6 }, "geometry": { "type": "Polygon", "coordinates": [ [ [ 118.552469430138103, 31.48088061344016 ], [ 118.552482836126828, 31.48169234373178 ], [ 118.553430026577303, 31.481680851238103 ], [ 118.553416612417408, 31.480869121310128 ], [ 118.552469430138103, 31.48088061344016 ] ] ] } },
{ "type": "Feature", "properties": { "area_m2": 8099.9999999057036, "area_km2": 0.0080999999999057035, "relative_position": "后方", "distance_m": 4196.9918276741746, "elevation": 137.2 }, "geometry": { "type": "Polygon", "coordinates": [ [ [ 118.551522247317209, 31.480892098566258 ], [ 118.551535645134749, 31.481703829221296 ], [ 118.552482836126828, 31.48169234373178 ], [ 118.552469430138103, 31.48088061344016 ], [ 118.551522247317209, 31.480892098566258 ] ] ] } },
{ "type": "Feature", "properties": { "area_m2": 8100.0000000209548, "area_km2": 0.008100000000020955, "relative_position": "后方", "distance_m": 4171.2861535960656, "elevation": 123.8 }, "geometry": { "type": "Polygon", "coordinates": [ [ [ 118.550575063954994, 31.480903576688419 ], [ 118.550588453601335, 31.481715307706658 ], [ 118.551535645134749, 31.481703829221296 ], [ 118.551522247317209, 31.480892098566258 ], [ 118.550575063954994, 31.480903576688419 ] ] ] } },
{ "type": "Feature", "properties": { "area_m2": 8099.9999999895226, "area_km2": 0.0080999999999895218, "relative_position": "后方", "distance_m": 4138.8814859107151, "elevation": 123.4 }, "geometry": { "type": "Polygon", "coordinates": [ [ [ 118.552482836126828, 31.48169234373178 ], [ 118.552496242657213, 31.482504073915212 ], [ 118.553443441279143, 31.482492581057897 ], [ 118.553430026577303, 31.481680851238103 ], [ 118.552482836126828, 31.48169234373178 ] ] ] } },
{ "type": "Feature", "properties": { "area_m2": 8099.9999999685679, "area_km2": 0.0080999999999685681, "relative_position": "后方", "distance_m": 4110.8504286843499, "elevation": 132.4 }, "geometry": { "type": "Polygon", "coordinates": [ [ [ 118.551535645134749, 31.481703829221296 ], [ 118.551549043493594, 31.482515559768167 ], [ 118.552496242657213, 31.482504073915212 ], [ 118.552482836126828, 31.48169234373178 ], [ 118.551535645134749, 31.481703829221296 ] ] ] } },
{ "type": "Feature", "properties": { "area_m2": 8100.0000000995351, "area_km2": 0.0081000000000995345, "relative_position": "后方", "distance_m": 4084.6029231089497, "elevation": 126.0 }, "geometry": { "type": "Polygon", "coordinates": [ [ [ 118.550588453601335, 31.481715307706658 ], [ 118.550601843788655, 31.482527038616723 ], [ 118.551549043493594, 31.482515559768167 ], [ 118.551535645134749, 31.481703829221296 ], [ 118.550588453601335, 31.481715307706658 ] ] ] } },
{ "type": "Feature", "properties": { "area_m2": 8099.9999999004649, "area_km2": 0.0080999999999004646, "relative_position": "后方", "distance_m": 4053.5152657831745, "elevation": 110.0 }, "geometry": { "type": "Polygon", "coordinates": [ [ [ 118.552496242657213, 31.482504073915212 ], [ 118.552509649729231, 31.483315803990475 ], [ 118.553456856522999, 31.483304310769498 ], [ 118.553443441279143, 31.482492581057897 ], [ 118.552496242657213, 31.482504073915212 ] ] ] } },
{ "type": "Feature", "properties": { "area_m2": 8100.0000000419095, "area_km2": 0.0081000000000419087, "relative_position": "后方", "distance_m": 4024.8899772132454, "elevation": 116.2 }, "geometry": { "type": "Polygon", "coordinates": [ [ [ 118.551549043493594, 31.482515559768167 ], [ 118.551562442393788, 31.483327290206852 ], [ 118.552509649729231, 31.483315803990475 ], [ 118.552496242657213, 31.482504073915212 ], [ 118.551549043493594, 31.482515559768167 ] ] ] } },
{ "type": "Feature", "properties": { "area_m2": 8100.0000000785803, "area_km2": 0.0081000000000785808, "relative_position": "后方", "distance_m": 4322.1333238888146, "elevation": 94.0 }, "geometry": { "type": "Polygon", "coordinates": [ [ [ 118.549601118723388, 31.479291584719746 ], [ 118.549614499117297, 31.480103316317258 ], [ 118.55056167484959, 31.480091845562036 ], [ 118.550548286285149, 31.47928011432748 ], [ 118.549601118723388, 31.479291584719746 ] ] ] } },
{ "type": "Feature", "properties": { "area_m2": 8100.0000000366708, "area_km2": 0.0081000000000366716, "relative_position": "后方", "distance_m": 4234.689697994967, "elevation": 92.8 }, "geometry": { "type": "Polygon", "coordinates": [ [ [ 118.549614499117297, 31.480103316317258 ], [ 118.549627880051801, 31.480915047806626 ], [ 118.550575063954994, 31.480903576688419 ], [ 118.55056167484959, 31.480091845562036 ], [ 118.549614499117297, 31.480103316317258 ] ] ] } },
{ "type": "Feature", "properties": { "area_m2": 8100.0000000261934, "area_km2": 0.0081000000000261939, "relative_position": "后方", "distance_m": 4147.3671728467452, "elevation": 95.4 }, "geometry": { "type": "Polygon", "coordinates": [ [ [ 118.549627880051801, 31.480915047806626 ], [ 118.549641261526943, 31.481726779187834 ], [ 118.550588453601335, 31.481715307706658 ], [ 118.550575063954994, 31.480903576688419 ], [ 118.549627880051801, 31.480915047806626 ] ] ] } },
{ "type": "Feature", "properties": { "area_m2": 8099.9999999738066, "area_km2": 0.008099999999973807, "relative_position": "后方", "distance_m": 4060.1735612621051, "elevation": 111.2 }, "geometry": { "type": "Polygon", "coordinates": [ [ [ 118.549641261526943, 31.481726779187834 ], [ 118.549654643542738, 31.482538510460888 ], [ 118.550601843788655, 31.482527038616723 ], [ 118.550588453601335, 31.481715307706658 ], [ 118.549641261526943, 31.481726779187834 ] ] ] } },
{ "type": "Feature", "properties": { "area_m2": 8100.0000001781154, "area_km2": 0.0081000000001781158, "relative_position": "后方", "distance_m": 4037.5953471211601, "elevation": 93.6 }, "geometry": { "type": "Polygon", "coordinates": [ [ [ 118.548694068911885, 31.481738243664829 ], [ 118.548707442756125, 31.482549975300639 ], [ 118.549654643542738, 31.482538510460888 ], [ 118.549641261526943, 31.481726779187834 ], [ 118.548694068911885, 31.481738243664829 ] ] ] } },
{ "type": "Feature", "properties": { "area_m2": 8099.9999999109423, "area_km2": 0.0080999999999109423, "relative_position": "后方", "distance_m": 3973.1173498383873, "elevation": 123.8 }, "geometry": { "type": "Polygon", "coordinates": [ [ [ 118.549654643542738, 31.482538510460888 ], [ 118.549668026099184, 31.483350241625782 ], [ 118.550615234516997, 31.483338769418634 ], [ 118.550601843788655, 31.482527038616723 ], [ 118.549654643542738, 31.482538510460888 ] ] ] } },
{ "type": "Feature", "properties": { "area_m2": 8100.0000000261934, "area_km2": 0.0081000000000261939, "relative_position": "后方", "distance_m": 3950.0418143820498, "elevation": 104.8 }, "geometry": { "type": "Polygon", "coordinates": [ [ [ 118.548707442756125, 31.482549975300639 ], [ 118.548720817140691, 31.483361706828301 ], [ 118.549668026099184, 31.483350241625782 ], [ 118.549654643542738, 31.482538510460888 ], [ 118.548707442756125, 31.482549975300639 ] ] ] } },
{ "type": "Feature", "properties": { "area_m2": 8099.9999999790452, "area_km2": 0.0080999999999790458, "relative_position": "后方", "distance_m": 3928.8850505455371, "elevation": 87.8 }, "geometry": { "type": "Polygon", "coordinates": [ [ [ 118.54776024142916, 31.482561433135963 ], [ 118.547773607641815, 31.483373165026162 ], [ 118.548720817140691, 31.483361706828301 ], [ 118.548707442756125, 31.482549975300639 ], [ 118.54776024142916, 31.482561433135963 ] ] ] } },
{ "type": "Feature", "properties": { "area_m2": 8099.9999999214197, "area_km2": 0.0080999999999214201, "relative_position": "后方", "distance_m": 3886.2077716283966, "elevation": 131.4 }, "geometry": { "type": "Polygon", "coordinates": [ [ [ 118.549668026099184, 31.483350241625782 ], [ 118.549681409196339, 31.484161972682511 ], [ 118.550628625786345, 31.484150500112364 ], [ 118.550615234516997, 31.483338769418634 ], [ 118.549668026099184, 31.483350241625782 ] ] ] } },
{ "type": "Feature", "properties": { "area_m2": 8100.0, "area_km2": 0.0081, "relative_position": "后方", "distance_m": 3862.6133290348953, "elevation": 113.2 }, "geometry": { "type": "Polygon", "coordinates": [ [ [ 118.548720817140691, 31.483361706828301 ], [ 118.548734192065623, 31.484173438247797 ], [ 118.549681409196339, 31.484161972682511 ], [ 118.549668026099184, 31.483350241625782 ], [ 118.548720817140691, 31.483361706828301 ] ] ] } },
{ "type": "Feature", "properties": { "area_m2": 8099.9999999633292, "area_km2": 0.0080999999999633292, "relative_position": "后方", "distance_m": 3788.1197000081311, "elevation": 113.8 }, "geometry": { "type": "Polygon", "coordinates": [ [ [ 118.54493197590638, 31.483407497591742 ], [ 118.544945318142226, 31.48421923046012 ], [ 118.545892537432465, 31.484207792914397 ], [ 118.54587918702434, 31.483396060407905 ], [ 118.54493197590638, 31.483407497591742 ] ] ] } },
{ "type": "Feature", "properties": { "area_m2": 8100.0000000890577, "area_km2": 0.0081000000000890585, "relative_position": "后方", "distance_m": 3774.6144996411367, "elevation": 140.4 }, "geometry": { "type": "Polygon", "coordinates": [ [ [ 118.543984764249387, 31.48341892777087 ], [ 118.543998098312898, 31.484230661000925 ], [ 118.544945318142226, 31.48421923046012 ], [ 118.54493197590638, 31.483407497591742 ], [ 118.543984764249387, 31.48341892777087 ] ] ] } },
{ "type": "Feature", "properties": { "area_m2": 8100.0000000366708, "area_km2": 0.0081000000000366716, "relative_position": "后方", "distance_m": 3733.0673495183869, "elevation": 122.2 }, "geometry": { "type": "Polygon", "coordinates": [ [ [ 118.546839756183331, 31.48419634836376 ], [ 118.546853115303477, 31.485008080400004 ], [ 118.547800341687221, 31.484996628482126 ], [ 118.547786974394512, 31.484184896808223 ], [ 118.546839756183331, 31.48419634836376 ] ] ] } },
{ "type": "Feature", "properties": { "area_m2": 8099.9999999685679, "area_km2": 0.0080999999999685681, "relative_position": "后方", "distance_m": 3715.0209183268034, "elevation": 128.4 }, "geometry": { "type": "Polygon", "coordinates": [ [ [ 118.545892537432465, 31.484207792914397 ], [ 118.545905888380005, 31.485019525312751 ], [ 118.546853115303477, 31.485008080400004 ], [ 118.546839756183331, 31.48419634836376 ], [ 118.545892537432465, 31.484207792914397 ] ] ] } },
{ "type": "Feature", "properties": { "area_m2": 8099.9999998795101, "area_km2": 0.0080999999998795109, "relative_position": "后方", "distance_m": 3699.0684772995692, "elevation": 129.0 }, "geometry": { "type": "Polygon", "coordinates": [ [ [ 118.544945318142226, 31.48421923046012 ], [ 118.544958660917118, 31.485030963220368 ], [ 118.545905888380005, 31.485019525312751 ], [ 118.545892537432465, 31.484207792914397 ], [ 118.544945318142226, 31.48421923046012 ] ] ] } },
{ "type": "Feature", "properties": { "area_m2": 8100.0000000366708, "area_km2": 0.0081000000000366716, "relative_position": "后方", "distance_m": 3685.2372216984568, "elevation": 139.0 }, "geometry": { "type": "Polygon", "coordinates": [ [ [ 118.543998098312898, 31.484230661000925 ], [ 118.544011432915127, 31.485042394122836 ], [ 118.544958660917118, 31.485030963220368 ], [ 118.544945318142226, 31.48421923046012 ], [ 118.543998098312898, 31.484230661000925 ] ] ] } },
{ "type": "Feature", "properties": { "area_m2": 8100.0000000052387, "area_km2": 0.0081000000000052384, "relative_position": "后方", "distance_m": 3644.9062773022438, "elevation": 114.2 }, "geometry": { "type": "Polygon", "coordinates": [ [ [ 118.546853115303477, 31.485008080400004 ], [ 118.546866474963352, 31.485819812328089 ], [ 118.547813709520028, 31.485808360047876 ], [ 118.547800341687221, 31.484996628482126 ], [ 118.546853115303477, 31.485008080400004 ] ] ] } },
{ "type": "Feature", "properties": { "area_m2": 8099.9999999004649, "area_km2": 0.0080999999999004646, "relative_position": "后方", "distance_m": 3626.4214300411627, "elevation": 120.8 }, "geometry": { "type": "Polygon", "coordinates": [ [ [ 118.545905888380005, 31.485019525312751 ], [ 118.545919239866919, 31.48583125760296 ], [ 118.546866474963352, 31.485819812328089 ], [ 118.546853115303477, 31.485008080400004 ], [ 118.545905888380005, 31.485019525312751 ] ] ] } },
{ "type": "Feature", "properties": { "area_m2": 8099.9999999895226, "area_km2": 0.0080999999999895218, "relative_position": "后方", "distance_m": 3610.0777821006286, "elevation": 117.2 }, "geometry": { "type": "Polygon", "coordinates": [ [ [ 118.544958660917118, 31.485030963220368 ], [ 118.54497200423107, 31.485842695872488 ], [ 118.545919239866919, 31.48583125760296 ], [ 118.545905888380005, 31.485019525312751 ], [ 118.544958660917118, 31.485030963220368 ] ] ] } },
{ "type": "Feature", "properties": { "area_m2": 8100.0000000733417, "area_km2": 0.0081000000000733419, "relative_position": "后方", "distance_m": 3595.9045315056878, "elevation": 121.2 }, "geometry": { "type": "Polygon", "coordinates": [ [ [ 118.544011432915127, 31.485042394122836 ], [ 118.544024768056133, 31.48585412713663 ], [ 118.54497200423107, 31.485842695872488 ], [ 118.544958660917118, 31.485030963220368 ], [ 118.544011432915127, 31.485042394122836 ] ] ] } },
{ "type": "Feature", "properties": { "area_m2": 8100.0000000942964, "area_km2": 0.0081000000000942957, "relative_position": "后方", "distance_m": 3840.9752873851726, "elevation": 105.0 }, "geometry": { "type": "Polygon", "coordinates": [ [ [ 118.547773607641815, 31.483373165026162 ], [ 118.547786974394512, 31.484184896808223 ], [ 118.548734192065623, 31.484173438247797 ], [ 118.548720817140691, 31.483361706828301 ], [ 118.547773607641815, 31.483373165026162 ] ] ] } },
{ "type": "Feature", "properties": { "area_m2": 8099.9999999004649, "area_km2": 0.0080999999999004646, "relative_position": "后方", "distance_m": 3799.4548881904466, "elevation": 129.6 }, "geometry": { "type": "Polygon", "coordinates": [ [ [ 118.549681409196339, 31.484161972682511 ], [ 118.549694792834188, 31.484973703631074 ], [ 118.550642017596729, 31.484962230697924 ], [ 118.550628625786345, 31.484150500112364 ], [ 118.549681409196339, 31.484161972682511 ] ] ] } },
{ "type": "Feature", "properties": { "area_m2": 8099.9999998742715, "area_km2": 0.008099999999874272, "relative_position": "后方", "distance_m": 3775.3185777741032, "elevation": 123.8 }, "geometry": { "type": "Polygon", "coordinates": [ [ [ 118.548734192065623, 31.484173438247797 ], [ 118.54874756753091, 31.484985169559149 ], [ 118.549694792834188, 31.484973703631074 ], [ 118.549681409196339, 31.484161972682511 ], [ 118.548734192065623, 31.484173438247797 ] ] ] } },
{ "type": "Feature", "properties": { "area_m2": 8099.9999999842839, "area_km2": 0.0080999999999842847, "relative_position": "后方", "distance_m": 3753.1775632548934, "elevation": 112.8 }, "geometry": { "type": "Polygon", "coordinates": [ [ [ 118.547786974394512, 31.484184896808223 ], [ 118.547800341687221, 31.484996628482126 ], [ 118.54874756753091, 31.484985169559149 ], [ 118.548734192065623, 31.484173438247797 ], [ 118.547786974394512, 31.484184896808223 ] ] ] } },
{ "type": "Feature", "properties": { "area_m2": 8100.0000000157161, "area_km2": 0.0081000000000157162, "relative_position": "后方", "distance_m": 3712.8696824368149, "elevation": 107.0 }, "geometry": { "type": "Polygon", "coordinates": [ [ [ 118.549694792834188, 31.484973703631074 ], [ 118.549708177012775, 31.485785434471474 ], [ 118.550655409948178, 31.485773961175326 ], [ 118.550642017596729, 31.484962230697924 ], [ 118.549694792834188, 31.484973703631074 ] ] ] } },
{ "type": "Feature", "properties": { "area_m2": 8099.9999999580905, "area_km2": 0.0080999999999580904, "relative_position": "后方", "distance_m": 3688.1670557775251, "elevation": 114.4 }, "geometry": { "type": "Polygon", "coordinates": [ [ [ 118.54874756753091, 31.484985169559149 ], [ 118.548760943536621, 31.485796900762335 ], [ 118.549708177012775, 31.485785434471474 ], [ 118.549694792834188, 31.484973703631074 ], [ 118.54874756753091, 31.484985169559149 ] ] ] } },
{ "type": "Feature", "properties": { "area_m2": 8100.0000001309672, "area_km2": 0.0081000000001309677, "relative_position": "后方", "distance_m": 3665.4999281483178, "elevation": 112.2 }, "geometry": { "type": "Polygon", "coordinates": [ [ [ 118.547800341687221, 31.484996628482126 ], [ 118.547813709520028, 31.485808360047876 ], [ 118.548760943536621, 31.485796900762335 ], [ 118.54874756753091, 31.484985169559149 ], [ 118.547800341687221, 31.484996628482126 ] ] ] } },
{ "type": "Feature", "properties": { "area_m2": 8099.9999999580905, "area_km2": 0.0080999999999580904, "relative_position": "后方", "distance_m": 3601.1691610268635, "elevation": 84.0 }, "geometry": { "type": "Polygon", "coordinates": [ [ [ 118.548760943536621, 31.485796900762335 ], [ 118.548774320082714, 31.486608631857361 ], [ 118.549721561732113, 31.486597165203708 ], [ 118.549708177012775, 31.485785434471474 ], [ 118.548760943536621, 31.485796900762335 ] ] ] } },
{ "type": "Feature", "properties": { "area_m2": 8100.0000000314321, "area_km2": 0.0081000000000314328, "relative_position": "后方", "distance_m": 3577.951209547105, "elevation": 94.6 }, "geometry": { "type": "Polygon", "coordinates": [ [ [ 118.547813709520028, 31.485808360047876 ], [ 118.547827077892919, 31.486620091505486 ], [ 118.548774320082714, 31.486608631857361 ], [ 118.548760943536621, 31.485796900762335 ], [ 118.547813709520028, 31.485808360047876 ] ] ] } },
{ "type": "Feature", "properties": { "area_m2": 8100.0000000366708, "area_km2": 0.0081000000000366716, "relative_position": "后方", "distance_m": 3556.8509868461119, "elevation": 96.8 }, "geometry": { "type": "Polygon", "coordinates": [ [ [ 118.546866474963352, 31.485819812328089 ], [ 118.546879835163011, 31.486631544148054 ], [ 118.547827077892919, 31.486620091505486 ], [ 118.547813709520028, 31.485808360047876 ], [ 118.546866474963352, 31.485819812328089 ] ] ] } },
{ "type": "Feature", "properties": { "area_m2": 8100.0000001152512, "area_km2": 0.0081000000001152511, "relative_position": "后方", "distance_m": 3537.9063860248089, "elevation": 97.6 }, "geometry": { "type": "Polygon", "coordinates": [ [ [ 118.545919239866919, 31.48583125760296 ], [ 118.54593259189329, 31.486642989785047 ], [ 118.546879835163011, 31.486631544148054 ], [ 118.546866474963352, 31.485819812328089 ], [ 118.545919239866919, 31.48583125760296 ] ] ] } },
{ "type": "Feature", "properties": { "area_m2": 8099.9999999371357, "area_km2": 0.0080999999999371349, "relative_position": "后方", "distance_m": 3521.152202699463, "elevation": 98.4 }, "geometry": { "type": "Polygon", "coordinates": [ [ [ 118.54497200423107, 31.485842695872488 ], [ 118.544985348084154, 31.486654428416468 ], [ 118.54593259189329, 31.486642989785047 ], [ 118.545919239866919, 31.48583125760296 ], [ 118.54497200423107, 31.485842695872488 ] ] ] } },
{ "type": "Feature", "properties": { "area_m2": 8099.9999999057036, "area_km2": 0.0080999999999057035, "relative_position": "后方", "distance_m": 3506.6198358596562, "elevation": 106.6 }, "geometry": { "type": "Polygon", "coordinates": [ [ [ 118.544024768056133, 31.48585412713663 ], [ 118.5440381037359, 31.486665860042304 ], [ 118.544985348084154, 31.486654428416468 ], [ 118.54497200423107, 31.485842695872488 ], [ 118.544024768056133, 31.48585412713663 ] ] ] } },
{ "type": "Feature", "properties": { "area_m2": 8099.9999999685679, "area_km2": 0.0080999999999685681, "relative_position": "后方", "distance_m": 3417.38689565599, "elevation": 89.8 }, "geometry": { "type": "Polygon", "coordinates": [ [ [ 118.5440381037359, 31.486665860042304 ], [ 118.544051439954444, 31.487477592839827 ], [ 118.544998692476341, 31.487466160852311 ], [ 118.544985348084154, 31.486654428416468 ], [ 118.5440381037359, 31.486665860042304 ] ] ] } },
{ "type": "Feature", "properties": { "area_m2": 8100.0000000942964, "area_km2": 0.0081000000000942957, "relative_position": "后方", "distance_m": 2972.1615537282732, "elevation": 102.0 }, "geometry": { "type": "Polygon", "coordinates": [ [ [ 118.544104790216878, 31.490724522948614 ], [ 118.544118129129657, 31.491536255205467 ], [ 118.545065422524715, 31.491524821409399 ], [ 118.545052075436658, 31.490713089514269 ], [ 118.544104790216878, 31.490724522948614 ] ] ] } },
{ "type": "Feature", "properties": { "area_m2": 8099.9999999476131, "area_km2": 0.0080999999999476126, "relative_position": "后方", "distance_m": 2900.998788204844, "elevation": 93.6 }, "geometry": { "type": "Polygon", "coordinates": [ [ [ 118.545065422524715, 31.491524821409399 ], [ 118.545078770152017, 31.492336553196388 ], [ 118.54602607118342, 31.492325112031445 ], [ 118.546012715380527, 31.491513380606417 ], [ 118.545065422524715, 31.491524821409399 ] ] ] } },
{ "type": "Feature", "properties": { "area_m2": 8100.0000000942964, "area_km2": 0.0081000000000942957, "relative_position": "后方", "distance_m": 2883.3449636485739, "elevation": 118.6 }, "geometry": { "type": "Polygon", "coordinates": [ [ [ 118.544118129129657, 31.491536255205467 ], [ 118.544131468581327, 31.492347987354187 ], [ 118.545078770152017, 31.492336553196388 ], [ 118.545065422524715, 31.491524821409399 ], [ 118.544118129129657, 31.491536255205467 ] ] ] } },
{ "type": "Feature", "properties": { "area_m2": 8100.0000000785803, "area_km2": 0.0081000000000785808, "relative_position": "后方", "distance_m": 2794.6214880930743, "elevation": 134.6 }, "geometry": { "type": "Polygon", "coordinates": [ [ [ 118.544131468581327, 31.492347987354187 ], [ 118.544144808571914, 31.49315971939475 ], [ 118.54509211831855, 31.493148284875229 ], [ 118.545078770152017, 31.492336553196388 ], [ 118.544131468581327, 31.492347987354187 ] ] ] } },
{ "type": "Feature", "properties": { "area_m2": 8100.0000000261934, "area_km2": 0.0081000000000261939, "relative_position": "后方", "distance_m": 2957.6620913957786, "elevation": 99.8 }, "geometry": { "type": "Polygon", "coordinates": [ [ [ 118.543157504458236, 31.490735949376248 ], [ 118.543170835195696, 31.491547681994597 ], [ 118.544118129129657, 31.491536255205467 ], [ 118.544104790216878, 31.490724522948614 ], [ 118.543157504458236, 31.490735949376248 ] ] ] } },
{ "type": "Feature", "properties": { "area_m2": 8099.9999999580905, "area_km2": 0.0080999999999580904, "relative_position": "后方", "distance_m": 2945.8317012759057, "elevation": 97.0 }, "geometry": { "type": "Polygon", "coordinates": [ [ [ 118.54221021816106, 31.490747368797155 ], [ 118.542223540723171, 31.49155910177679 ], [ 118.543170835195696, 31.491547681994597 ], [ 118.543157504458236, 31.490735949376248 ], [ 118.54221021816106, 31.490747368797155 ] ] ] } },
{ "type": "Feature", "properties": { "area_m2": 8100.0000001362059, "area_km2": 0.0081000000001362066, "relative_position": "后方", "distance_m": 2868.396937645728, "elevation": 130.8 }, "geometry": { "type": "Polygon", "coordinates": [ [ [ 118.543170835195696, 31.491547681994597 ], [ 118.543184166471733, 31.492359414504818 ], [ 118.544131468581327, 31.492347987354187 ], [ 118.544118129129657, 31.491536255205467 ], [ 118.543170835195696, 31.491547681994597 ] ] ] } },
{ "type": "Feature", "properties": { "area_m2": 8100.0, "area_km2": 0.0081, "relative_position": "后方", "distance_m": 2856.197195984696, "elevation": 135.8 }, "geometry": { "type": "Polygon", "coordinates": [ [ [ 118.542223540723171, 31.49155910177679 ], [ 118.542236863823561, 31.492370834648291 ], [ 118.543184166471733, 31.492359414504818 ], [ 118.543170835195696, 31.491547681994597 ], [ 118.542223540723171, 31.49155910177679 ] ] ] } },
{ "type": "Feature", "properties": { "area_m2": 8099.9999998323619, "area_km2": 0.0080999999998323611, "relative_position": "后方", "distance_m": 2779.1966728905481, "elevation": 157.0 }, "geometry": { "type": "Polygon", "coordinates": [ [ [ 118.543184166471733, 31.492359414504818 ], [ 118.543197498286361, 31.493171146906896 ], [ 118.544144808571914, 31.49315971939475 ], [ 118.544131468581327, 31.492347987354187 ], [ 118.543184166471733, 31.492359414504818 ] ] ] } },
{ "type": "Feature", "properties": { "area_m2": 8099.9999998376006, "area_km2": 0.0080999999998376, "relative_position": "后方", "distance_m": 2766.6039918076931, "elevation": 162.4 }, "geometry": { "type": "Polygon", "coordinates": [ [ [ 118.542236863823561, 31.492370834648291 ], [ 118.542250187462201, 31.493182567411647 ], [ 118.543197498286361, 31.493171146906896 ], [ 118.543184166471733, 31.492359414504818 ], [ 118.542236863823561, 31.492370834648291 ] ] ] } },
{ "type": "Feature", "properties": { "area_m2": 8100.000000068103, "area_km2": 0.0081000000000681031, "relative_position": "后方", "distance_m": 2690.067750970722, "elevation": 155.8 }, "geometry": { "type": "Polygon", "coordinates": [ [ [ 118.543197498286361, 31.493171146906896 ], [ 118.543210830639595, 31.493982879200836 ], [ 118.544158149101463, 31.493971451327162 ], [ 118.544144808571914, 31.49315971939475 ], [ 118.543197498286361, 31.493171146906896 ] ] ] } },
{ "type": "Feature", "properties": { "area_m2": 8099.999999931897, "area_km2": 0.0080999999999318978, "relative_position": "后方", "distance_m": 2677.0562342685771, "elevation": 167.8 }, "geometry": { "type": "Polygon", "coordinates": [ [ [ 118.542250187462201, 31.493182567411647 ], [ 118.542263511639106, 31.493994300066884 ], [ 118.543210830639595, 31.493982879200836 ], [ 118.543197498286361, 31.493171146906896 ], [ 118.542250187462201, 31.493182567411647 ] ] ] } },
{ "type": "Feature", "properties": { "area_m2": 8099.9999999423744, "area_km2": 0.0080999999999423738, "relative_position": "后方", "distance_m": 2587.5586404912642, "elevation": 131.8 }, "geometry": { "type": "Polygon", "coordinates": [ [ [ 118.542263511639106, 31.493994300066884 ], [ 118.542276836354304, 31.494806032613997 ], [ 118.543224163531463, 31.494794611386634 ], [ 118.543210830639595, 31.493982879200836 ], [ 118.542263511639106, 31.493994300066884 ] ] ] } },
{ "type": "Feature", "properties": { "area_m2": 8100.0000000052387, "area_km2": 0.0081000000000052384, "relative_position": "后方", "distance_m": 7091.4104794483646, "elevation": 89.6 }, "geometry": { "type": "Polygon", "coordinates": [ [ [ 118.542544872399262, 31.453396132067372 ], [ 118.542558178383189, 31.454207869658102 ], [ 118.54350509659433, 31.454196459491623 ], [ 118.543491782450289, 31.453384722262104 ], [ 118.542544872399262, 31.453396132067372 ] ] ] } },
{ "type": "Feature", "properties": { "area_m2": 8100.000000083819, "area_km2": 0.0081000000000838197, "relative_position": "后方", "distance_m": 7007.4550974228223, "elevation": 99.4 }, "geometry": { "type": "Polygon", "coordinates": [ [ [ 118.54350509659433, 31.454196459491623 ], [ 118.543518411276409, 31.455008196613058 ], [ 118.544465337109997, 31.454996779088383 ], [ 118.544452014267492, 31.45418504232839 ], [ 118.54350509659433, 31.454196459491623 ] ] ] } },
{ "type": "Feature", "properties": { "area_m2": 8100.0000000261934, "area_km2": 0.0081000000000261939, "relative_position": "后方", "distance_m": 7001.3113185594111, "elevation": 107.6 }, "geometry": { "type": "Polygon", "coordinates": [ [ [ 118.542558178383189, 31.454207869658102 ], [ 118.542571484904769, 31.455019607140766 ], [ 118.543518411276409, 31.455008196613058 ], [ 118.54350509659433, 31.454196459491623 ], [ 118.542558178383189, 31.454207869658102 ] ] ] } },
{ "type": "Feature", "properties": { "area_m2": 8099.9999999476131, "area_km2": 0.0080999999999476126, "relative_position": "后方", "distance_m": 6996.3156106040233, "elevation": 128.2 }, "geometry": { "type": "Polygon", "coordinates": [ [ [ 118.541611259634337, 31.454219272827828 ], [ 118.541624557995434, 31.455031010671497 ], [ 118.542571484904769, 31.455019607140766 ], [ 118.542558178383189, 31.454207869658102 ], [ 118.541611259634337, 31.454219272827828 ] ] ] } },
{ "type": "Feature", "properties": { "area_m2": 8100.0000000419095, "area_km2": 0.0081000000000419087, "relative_position": "后方", "distance_m": 6917.440292574187, "elevation": 134.0 }, "geometry": { "type": "Polygon", "coordinates": [ [ [ 118.543518411276409, 31.455008196613058 ], [ 118.543531726496497, 31.455819933626444 ], [ 118.544478660490853, 31.455808515740316 ], [ 118.544465337109997, 31.454996779088383 ], [ 118.543518411276409, 31.455008196613058 ] ] ] } },
{ "type": "Feature", "properties": { "area_m2": 8100.0000000366708, "area_km2": 0.0081000000000366716, "relative_position": "后方", "distance_m": 6911.2166270374209, "elevation": 127.8 }, "geometry": { "type": "Polygon", "coordinates": [ [ [ 118.542571484904769, 31.455019607140766 ], [ 118.542584791964089, 31.455831344515385 ], [ 118.543531726496497, 31.455819933626444 ], [ 118.543518411276409, 31.455008196613058 ], [ 118.542571484904769, 31.455019607140766 ] ] ] } },
{ "type": "Feature", "properties": { "area_m2": 8100.0000000785803, "area_km2": 0.0081000000000785808, "relative_position": "后方", "distance_m": 6906.1558797394646, "elevation": 140.0 }, "geometry": { "type": "Polygon", "coordinates": [ [ [ 118.541624557995434, 31.455031010671497 ], [ 118.541637856893942, 31.455842748407122 ], [ 118.542584791964089, 31.455831344515385 ], [ 118.542571484904769, 31.455019607140766 ], [ 118.541624557995434, 31.455031010671497 ] ] ] } },
{ "type": "Feature", "properties": { "area_m2": 8099.9999998795101, "area_km2": 0.0080999999998795109, "relative_position": "后方", "distance_m": 6827.4322364868776, "elevation": 167.8 }, "geometry": { "type": "Polygon", "coordinates": [ [ [ 118.543531726496497, 31.455819933626444 ], [ 118.543545042254664, 31.456631670531753 ], [ 118.544491984410129, 31.456620252284175 ], [ 118.544478660490853, 31.455808515740316 ], [ 118.543531726496497, 31.455819933626444 ] ] ] } },
{ "type": "Feature", "properties": { "area_m2": 8099.999999931897, "area_km2": 0.0080999999999318978, "relative_position": "后方", "distance_m": 6821.1265815237903, "elevation": 151.2 }, "geometry": { "type": "Polygon", "coordinates": [ [ [ 118.542584791964089, 31.455831344515385 ], [ 118.542598099561104, 31.456643081781937 ], [ 118.543545042254664, 31.456631670531753 ], [ 118.543531726496497, 31.455819933626444 ], [ 118.542584791964089, 31.455831344515385 ] ] ] } },
{ "type": "Feature", "properties": { "area_m2": 8100.0000000052387, "area_km2": 0.0081000000000052384, "relative_position": "后方", "distance_m": 6815.9990787513698, "elevation": 150.2 }, "geometry": { "type": "Polygon", "coordinates": [ [ [ 118.541637856893942, 31.455842748407122 ], [ 118.541651156329806, 31.456654486034687 ], [ 118.542598099561104, 31.456643081781937 ], [ 118.542584791964089, 31.455831344515385 ], [ 118.541637856893942, 31.455842748407122 ] ] ] } },
{ "type": "Feature", "properties": { "area_m2": 8099.9999999214197, "area_km2": 0.0080999999999214201, "relative_position": "后方", "distance_m": 7086.4781599550397, "elevation": 103.6 }, "geometry": { "type": "Polygon", "coordinates": [ [ [ 118.541597961810581, 31.453407534876103 ], [ 118.541611259634337, 31.454219272827828 ], [ 118.542558178383189, 31.454207869658102 ], [ 118.542544872399262, 31.453396132067372 ], [ 118.541597961810581, 31.453407534876103 ] ] ] } },
{ "type": "Feature", "properties": { "area_m2": 8099.9999999528518, "area_km2": 0.0080999999999528515, "relative_position": "后方", "distance_m": 7082.6818055985004, "elevation": 95.0 }, "geometry": { "type": "Polygon", "coordinates": [ [ [ 118.540651050684559, 31.453418930688276 ], [ 118.540664340348144, 31.454230669000779 ], [ 118.541611259634337, 31.454219272827828 ], [ 118.541597961810581, 31.453407534876103 ], [ 118.540651050684559, 31.453418930688276 ] ] ] } },
{ "type": "Feature", "properties": { "area_m2": 8100.000000068103, "area_km2": 0.0081000000000681031, "relative_position": "后方", "distance_m": 7080.0232448213737, "elevation": 75.6 }, "geometry": { "type": "Polygon", "coordinates": [ [ [ 118.539704139021509, 31.453430319503891 ], [ 118.539717420524909, 31.454242058176938 ], [ 118.540664340348144, 31.454230669000779 ], [ 118.540651050684559, 31.453418930688276 ], [ 118.539704139021509, 31.453430319503891 ] ] ] } },
{ "type": "Feature", "properties": { "area_m2": 8099.9999998899875, "area_km2": 0.0080999999998899869, "relative_position": "后方", "distance_m": 6992.4704353641628, "elevation": 128.8 }, "geometry": { "type": "Polygon", "coordinates": [ [ [ 118.540664340348144, 31.454230669000779 ], [ 118.540677630548743, 31.45504240720523 ], [ 118.541624557995434, 31.455031010671497 ], [ 118.541611259634337, 31.454219272827828 ], [ 118.540664340348144, 31.454230669000779 ] ] ] } },
{ "type": "Feature", "properties": { "area_m2": 8100.0000000419095, "area_km2": 0.0081000000000419087, "relative_position": "后方", "distance_m": 6989.7776927344203, "elevation": 111.2 }, "geometry": { "type": "Polygon", "coordinates": [ [ [ 118.539717420524909, 31.454242058176938 ], [ 118.539730702564967, 31.455053796741954 ], [ 118.540677630548743, 31.45504240720523 ], [ 118.540664340348144, 31.454230669000779 ], [ 118.539717420524909, 31.454242058176938 ] ] ] } },
{ "type": "Feature", "properties": { "area_m2": 8100.0000000628643, "area_km2": 0.0081000000000628642, "relative_position": "后方", "distance_m": 6902.260609775989, "elevation": 154.4 }, "geometry": { "type": "Polygon", "coordinates": [ [ [ 118.540677630548743, 31.45504240720523 ], [ 118.54069092128637, 31.455854145301632 ], [ 118.541637856893942, 31.455842748407122 ], [ 118.541624557995434, 31.455031010671497 ], [ 118.540677630548743, 31.45504240720523 ] ] ] } },
{ "type": "Feature", "properties": { "area_m2": 8100.0000001047738, "area_km2": 0.0081000000001047734, "relative_position": "后方", "distance_m": 6899.5327922640527, "elevation": 150.6 }, "geometry": { "type": "Polygon", "coordinates": [ [ [ 118.539730702564967, 31.455053796741954 ], [ 118.539743985141754, 31.455865535198928 ], [ 118.54069092128637, 31.455854145301632 ], [ 118.540677630548743, 31.45504240720523 ], [ 118.539730702564967, 31.455053796741954 ] ] ] } },
{ "type": "Feature", "properties": { "area_m2": 8100.0000000419095, "area_km2": 0.0081000000000419087, "relative_position": "后方", "distance_m": 6812.0523897432349, "elevation": 171.8 }, "geometry": { "type": "Polygon", "coordinates": [ [ [ 118.54069092128637, 31.455854145301632 ], [ 118.540704212561096, 31.456665883289997 ], [ 118.541651156329806, 31.456654486034687 ], [ 118.541637856893942, 31.455842748407122 ], [ 118.54069092128637, 31.455854145301632 ] ] ] } },
{ "type": "Feature", "properties": { "area_m2": 8099.9999999423744, "area_km2": 0.0080999999999423738, "relative_position": "后方", "distance_m": 6809.2885688643019, "elevation": 172.8 }, "geometry": { "type": "Polygon", "coordinates": [ [ [ 118.539743985141754, 31.455865535198928 ], [ 118.5397572682553, 31.456677273547861 ], [ 118.540704212561096, 31.456665883289997 ], [ 118.54069092128637, 31.455854145301632 ], [ 118.539743985141754, 31.455865535198928 ] ] ] } },
{ "type": "Feature", "properties": { "area_m2": 8099.9999999423744, "area_km2": 0.0080999999999423738, "relative_position": "后方", "distance_m": 6721.8458394458976, "elevation": 173.2 }, "geometry": { "type": "Polygon", "coordinates": [ [ [ 118.540704212561096, 31.456665883289997 ], [ 118.540717504372907, 31.45747762117032 ], [ 118.54166445630311, 31.457466223554199 ], [ 118.541651156329806, 31.456654486034687 ], [ 118.540704212561096, 31.456665883289997 ] ] ] } },
{ "type": "Feature", "properties": { "area_m2": 8099.9999999528518, "area_km2": 0.0080999999999528515, "relative_position": "后方", "distance_m": 6988.2387160180115, "elevation": 89.2 }, "geometry": { "type": "Polygon", "coordinates": [ [ [ 118.538770500164972, 31.454253440356307 ], [ 118.538783774044489, 31.455065179281657 ], [ 118.539730702564967, 31.455053796741954 ], [ 118.539717420524909, 31.454242058176938 ], [ 118.538770500164972, 31.454253440356307 ] ] ] } },
{ "type": "Feature", "properties": { "area_m2": 8100.0000001100125, "area_km2": 0.0081000000001100123, "relative_position": "后方", "distance_m": 6987.8542686375476, "elevation": 73.0 }, "geometry": { "type": "Polygon", "coordinates": [ [ [ 118.537823579268647, 31.454264815538856 ], [ 118.537836844987623, 31.455076554824327 ], [ 118.538783774044489, 31.455065179281657 ], [ 118.538770500164972, 31.454253440356307 ], [ 118.537823579268647, 31.454264815538856 ] ] ] } },
{ "type": "Feature", "properties": { "area_m2": 8099.9999999214197, "area_km2": 0.0080999999999214201, "relative_position": "后方", "distance_m": 6897.9738133538513, "elevation": 127.8 }, "geometry": { "type": "Polygon", "coordinates": [ [ [ 118.538783774044489, 31.455065179281657 ], [ 118.53879704846041, 31.455876918098976 ], [ 118.539743985141754, 31.455865535198928 ], [ 118.539730702564967, 31.455053796741954 ], [ 118.538783774044489, 31.455065179281657 ] ] ] } },
{ "type": "Feature", "properties": { "area_m2": 8099.999999931897, "area_km2": 0.0080999999999318978, "relative_position": "后方", "distance_m": 6897.5844667149568, "elevation": 101.0 }, "geometry": { "type": "Polygon", "coordinates": [ [ [ 118.537836844987623, 31.455076554824327 ], [ 118.537850111242648, 31.45588829400177 ], [ 118.53879704846041, 31.455876918098976 ], [ 118.538783774044489, 31.455065179281657 ], [ 118.537836844987623, 31.455076554824327 ] ] ] } },
{ "type": "Feature", "properties": { "area_m2": 8100.0000000261934, "area_km2": 0.0081000000000261939, "relative_position": "后方", "distance_m": 6807.7090579383112, "elevation": 138.0 }, "geometry": { "type": "Polygon", "coordinates": [ [ [ 118.53879704846041, 31.455876918098976 ], [ 118.538810323412719, 31.456688656808268 ], [ 118.5397572682553, 31.456677273547861 ], [ 118.539743985141754, 31.455865535198928 ], [ 118.53879704846041, 31.455876918098976 ] ] ] } },
{ "type": "Feature", "properties": { "area_m2": 8099.9999999842839, "area_km2": 0.0080999999999842847, "relative_position": "后方", "distance_m": 6807.3146825090871, "elevation": 99.0 }, "geometry": { "type": "Polygon", "coordinates": [ [ [ 118.537850111242648, 31.45588829400177 ], [ 118.537863378033762, 31.456700033071186 ], [ 118.538810323412719, 31.456688656808268 ], [ 118.53879704846041, 31.455876918098976 ], [ 118.537850111242648, 31.45588829400177 ] ] ] } },
{ "type": "Feature", "properties": { "area_m2": 8100.0000000995351, "area_km2": 0.0081000000000995345, "relative_position": "后方", "distance_m": 6717.4444552458726, "elevation": 131.8 }, "geometry": { "type": "Polygon", "coordinates": [ [ [ 118.538810323412719, 31.456688656808268 ], [ 118.538823598901487, 31.457500395409511 ], [ 118.53977055190559, 31.457489011788763 ], [ 118.5397572682553, 31.456677273547861 ], [ 118.538810323412719, 31.456688656808268 ] ] ] } },
{ "type": "Feature", "properties": { "area_m2": 8099.9999997694977, "area_km2": 0.0080999999997694982, "relative_position": "后方", "distance_m": 6717.0449162708055, "elevation": 87.2 }, "geometry": { "type": "Polygon", "coordinates": [ [ [ 118.537863378033762, 31.456700033071186 ], [ 118.537876645360967, 31.457511772032571 ], [ 118.538823598901487, 31.457500395409511 ], [ 118.538810323412719, 31.456688656808268 ], [ 118.537863378033762, 31.456700033071186 ] ] ] } },
{ "type": "Feature", "properties": { "area_m2": 8100.0000000733417, "area_km2": 0.0081000000000733419, "relative_position": "后方", "distance_m": 6627.180011048501, "elevation": 131.8 }, "geometry": { "type": "Polygon", "coordinates": [ [ [ 118.538823598901487, 31.457500395409511 ], [ 118.538836874926687, 31.458312133902709 ], [ 118.539783836092653, 31.458300749921595 ], [ 118.53977055190559, 31.457489011788763 ], [ 118.538823598901487, 31.457500395409511 ] ] ] } },
{ "type": "Feature", "properties": { "area_m2": 8099.9999998585554, "area_km2": 0.0080999999998585554, "relative_position": "后方", "distance_m": 6626.7751682686448, "elevation": 89.0 }, "geometry": { "type": "Polygon", "coordinates": [ [ [ 118.537876645360967, 31.457511772032571 ], [ 118.537889913224276, 31.458323510885908 ], [ 118.538836874926687, 31.458312133902709 ], [ 118.538823598901487, 31.457500395409511 ], [ 118.537876645360967, 31.457511772032571 ] ] ] } },
{ "type": "Feature", "properties": { "area_m2": 8100.0, "area_km2": 0.0081, "relative_position": "后方", "distance_m": 6737.4311991804507, "elevation": 191.2 }, "geometry": { "type": "Polygon", "coordinates": [ [ [ 118.543545042254664, 31.456631670531753 ], [ 118.543558358550882, 31.457443407329002 ], [ 118.544505308867798, 31.457431988719954 ], [ 118.544491984410129, 31.456620252284175 ], [ 118.543545042254664, 31.456631670531753 ] ] ] } },
{ "type": "Feature", "properties": { "area_m2": 8100.0000000104774, "area_km2": 0.0081000000000104773, "relative_position": "后方", "distance_m": 6731.0413681084019, "elevation": 179.4 }, "geometry": { "type": "Polygon", "coordinates": [ [ [ 118.542598099561104, 31.456643081781937 ], [ 118.542611407695887, 31.45745481894042 ], [ 118.543558358550882, 31.457443407329002 ], [ 118.543545042254664, 31.456631670531753 ], [ 118.542598099561104, 31.456643081781937 ] ] ] } },
{ "type": "Feature", "properties": { "area_m2": 8100.0000000628643, "area_km2": 0.0081000000000628642, "relative_position": "后方", "distance_m": 6725.8453249990844, "elevation": 169.6 }, "geometry": { "type": "Polygon", "coordinates": [ [ [ 118.541651156329806, 31.456654486034687 ], [ 118.54166445630311, 31.457466223554199 ], [ 118.542611407695887, 31.45745481894042 ], [ 118.542598099561104, 31.456643081781937 ], [ 118.541651156329806, 31.456654486034687 ] ] ] } },
{ "type": "Feature", "properties": { "area_m2": 8099.9999999895226, "area_km2": 0.0080999999999895218, "relative_position": "后方", "distance_m": 6647.4374652722518, "elevation": 209.6 }, "geometry": { "type": "Polygon", "coordinates": [ [ [ 118.543558358550882, 31.457443407329002 ], [ 118.543571675385223, 31.458255144018178 ], [ 118.544518633863902, 31.458243725047648 ], [ 118.544505308867798, 31.457431988719954 ], [ 118.543558358550882, 31.457443407329002 ] ] ] } },
{ "type": "Feature", "properties": { "area_m2": 8099.9999999057036, "area_km2": 0.0080999999999057035, "relative_position": "后方", "distance_m": 6640.9611829677369, "elevation": 199.4 }, "geometry": { "type": "Polygon", "coordinates": [ [ [ 118.542611407695887, 31.45745481894042 ], [ 118.542624716368422, 31.458266555990839 ], [ 118.543571675385223, 31.458255144018178 ], [ 118.543558358550882, 31.457443407329002 ], [ 118.542611407695887, 31.45745481894042 ] ] ] } },
{ "type": "Feature", "properties": { "area_m2": 8099.9999999266583, "area_km2": 0.0080999999999266589, "relative_position": "后方", "distance_m": 6635.6947422186522, "elevation": 191.2 }, "geometry": { "type": "Polygon", "coordinates": [ [ [ 118.54166445630311, 31.457466223554199 ], [ 118.54167775681384, 31.458277960965638 ], [ 118.542624716368422, 31.458266555990839 ], [ 118.542611407695887, 31.45745481894042 ], [ 118.54166445630311, 31.457466223554199 ] ] ] } },
{ "type": "Feature", "properties": { "area_m2": 8099.9999999895226, "area_km2": 0.0080999999999895218, "relative_position": "后方", "distance_m": 6557.4513349836216, "elevation": 222.6 }, "geometry": { "type": "Polygon", "coordinates": [ [ [ 118.543571675385223, 31.458255144018178 ], [ 118.543584992757658, 31.459066880599284 ], [ 118.544531959398427, 31.45905546126729 ], [ 118.544518633863902, 31.458243725047648 ], [ 118.543571675385223, 31.458255144018178 ] ] ] } },
{ "type": "Feature", "properties": { "area_m2": 8100.0000000785803, "area_km2": 0.0081000000000785808, "relative_position": "后方", "distance_m": 6550.8862330572301, "elevation": 217.2 }, "geometry": { "type": "Polygon", "coordinates": [ [ [ 118.542624716368422, 31.458266555990839 ], [ 118.542638025578739, 31.459078292933196 ], [ 118.543584992757658, 31.459066880599284 ], [ 118.543571675385223, 31.458255144018178 ], [ 118.542624716368422, 31.458266555990839 ] ] ] } },
{ "type": "Feature", "properties": { "area_m2": 8099.9999999895226, "area_km2": 0.0080999999999895218, "relative_position": "后方", "distance_m": 6545.5474609535659, "elevation": 207.6 }, "geometry": { "type": "Polygon", "coordinates": [ [ [ 118.54167775681384, 31.458277960965638 ], [ 118.541691057862025, 31.45908969826904 ], [ 118.542638025578739, 31.459078292933196 ], [ 118.542624716368422, 31.458266555990839 ], [ 118.54167775681384, 31.458277960965638 ] ] ] } },
{ "type": "Feature", "properties": { "area_m2": 8100.0000000209548, "area_km2": 0.008100000000020955, "relative_position": "后方", "distance_m": 6467.4731252169495, "elevation": 230.0 }, "geometry": { "type": "Polygon", "coordinates": [ [ [ 118.543584992757658, 31.459066880599284 ], [ 118.543598310668216, 31.459878617072306 ], [ 118.544545285471429, 31.459867197378834 ], [ 118.544531959398427, 31.45905546126729 ], [ 118.543584992757658, 31.459066880599284 ] ] ] } },
{ "type": "Feature", "properties": { "area_m2": 8100.000000068103, "area_km2": 0.0081000000000681031, "relative_position": "后方", "distance_m": 6719.0450493509379, "elevation": 171.6 }, "geometry": { "type": "Polygon", "coordinates": [ [ [ 118.5397572682553, 31.456677273547861 ], [ 118.53977055190559, 31.457489011788763 ], [ 118.540717504372907, 31.45747762117032 ], [ 118.540704212561096, 31.456665883289997 ], [ 118.5397572682553, 31.456677273547861 ] ] ] } },
{ "type": "Feature", "properties": { "area_m2": 8099.9999998533167, "area_km2": 0.0080999999998533165, "relative_position": "后方", "distance_m": 6631.6410265529476, "elevation": 187.2 }, "geometry": { "type": "Polygon", "coordinates": [ [ [ 118.540717504372907, 31.45747762117032 ], [ 118.540730796721817, 31.458289358942558 ], [ 118.54167775681384, 31.458277960965638 ], [ 118.54166445630311, 31.457466223554199 ], [ 118.540717504372907, 31.45747762117032 ] ] ] } },
{ "type": "Feature", "properties": { "area_m2": 8099.9999999947613, "area_km2": 0.0080999999999947607, "relative_position": "后方", "distance_m": 6628.8022620094252, "elevation": 173.4 }, "geometry": { "type": "Polygon", "coordinates": [ [ [ 118.53977055190559, 31.457489011788763 ], [ 118.539783836092653, 31.458300749921595 ], [ 118.540730796721817, 31.458289358942558 ], [ 118.540717504372907, 31.45747762117032 ], [ 118.53977055190559, 31.457489011788763 ] ] ] } },
{ "type": "Feature", "properties": { "area_m2": 8099.9999999842839, "area_km2": 0.0080999999999842847, "relative_position": "后方", "distance_m": 6541.4380224664865, "elevation": 201.6 }, "geometry": { "type": "Polygon", "coordinates": [ [ [ 118.540730796721817, 31.458289358942558 ], [ 118.540744089607855, 31.459101096606776 ], [ 118.541691057862025, 31.45908969826904 ], [ 118.54167775681384, 31.458277960965638 ], [ 118.540730796721817, 31.458289358942558 ] ] ] } },
{ "type": "Feature", "properties": { "area_m2": 8100.0000001152512, "area_km2": 0.0081000000001152511, "relative_position": "后方", "distance_m": 6538.5602366775584, "elevation": 176.8 }, "geometry": { "type": "Polygon", "coordinates": [ [ [ 118.539783836092653, 31.458300749921595 ], [ 118.539797120816516, 31.459112487946395 ], [ 118.540744089607855, 31.459101096606776 ], [ 118.540730796721817, 31.458289358942558 ], [ 118.539783836092653, 31.458300749921595 ] ] ] } },
{ "type": "Feature", "properties": { "area_m2": 8099.9999999371357, "area_km2": 0.0080999999999371349, "relative_position": "后方", "distance_m": 6451.2369025789421, "elevation": 206.2 }, "geometry": { "type": "Polygon", "coordinates": [ [ [ 118.540744089607855, 31.459101096606776 ], [ 118.540757383031021, 31.459912834162928 ], [ 118.541704359447692, 31.459901435464371 ], [ 118.541691057862025, 31.45908969826904 ], [ 118.540744089607855, 31.459101096606776 ] ] ] } },
{ "type": "Feature", "properties": { "area_m2": 8099.999999931897, "area_km2": 0.0080999999999318978, "relative_position": "后方", "distance_m": 6448.3190048668839, "elevation": 177.2 }, "geometry": { "type": "Polygon", "coordinates": [ [ [ 118.539797120816516, 31.459112487946395 ], [ 118.53981040607718, 31.459924225863148 ], [ 118.540757383031021, 31.459912834162928 ], [ 118.540744089607855, 31.459101096606776 ], [ 118.539797120816516, 31.459112487946395 ] ] ] } },
{ "type": "Feature", "properties": { "area_m2": 8100.0000000471482, "area_km2": 0.0081000000000471476, "relative_position": "后方", "distance_m": 6361.0377465578676, "elevation": 210.6 }, "geometry": { "type": "Polygon", "coordinates": [ [ [ 118.540757383031021, 31.459912834162928 ], [ 118.540770676991372, 31.460724571611028 ], [ 118.541717661570843, 31.460713172551646 ], [ 118.541704359447692, 31.459901435464371 ], [ 118.540757383031021, 31.459912834162928 ] ] ] } },
{ "type": "Feature", "properties": { "area_m2": 8100.0000000314321, "area_km2": 0.0081000000000314328, "relative_position": "后方", "distance_m": 6358.0785998783849, "elevation": 179.0 }, "geometry": { "type": "Polygon", "coordinates": [ [ [ 118.53981040607718, 31.459924225863148 ], [ 118.539823691874702, 31.460735963671851 ], [ 118.540770676991372, 31.460724571611028 ], [ 118.540757383031021, 31.459912834162928 ], [ 118.53981040607718, 31.459924225863148 ] ] ] } },
{ "type": "Feature", "properties": { "area_m2": 8100.0000000471482, "area_km2": 0.0081000000000471476, "relative_position": "后方", "distance_m": 6270.8406386532406, "elevation": 205.6 }, "geometry": { "type": "Polygon", "coordinates": [ [ [ 118.540770676991372, 31.460724571611028 ], [ 118.540783971488892, 31.461536308951061 ], [ 118.541730964231533, 31.461524909530862 ], [ 118.541717661570843, 31.460713172551646 ], [ 118.540770676991372, 31.460724571611028 ] ] ] } },
{ "type": "Feature", "properties": { "area_m2": 8100.0000001885928, "area_km2": 0.0081000000001885935, "relative_position": "后方", "distance_m": 6536.91573143814, "elevation": 137.0 }, "geometry": { "type": "Polygon", "coordinates": [ [ [ 118.538836874926687, 31.458312133902709 ], [ 118.538850151488361, 31.459123872287886 ], [ 118.539797120816516, 31.459112487946395 ], [ 118.539783836092653, 31.458300749921595 ], [ 118.538836874926687, 31.458312133902709 ] ] ] } },
{ "type": "Feature", "properties": { "area_m2": 8100.0000000209548, "area_km2": 0.008100000000020955, "relative_position": "后方", "distance_m": 6536.5054387811397, "elevation": 92.6 }, "geometry": { "type": "Polygon", "coordinates": [ [ [ 118.537889913224276, 31.458323510885908 ], [ 118.537903181623733, 31.459135249631231 ], [ 118.538850151488361, 31.459123872287886 ], [ 118.538836874926687, 31.458312133902709 ], [ 118.537889913224276, 31.458323510885908 ] ] ] } },
{ "type": "Feature", "properties": { "area_m2": 8099.9999999214197, "area_km2": 0.0080999999999214201, "relative_position": "后方", "distance_m": 6446.6516228466717, "elevation": 134.0 }, "geometry": { "type": "Polygon", "coordinates": [ [ [ 118.538850151488361, 31.459123872287886 ], [ 118.538863428586524, 31.459935610565008 ], [ 118.53981040607718, 31.459924225863148 ], [ 118.539797120816516, 31.459112487946395 ], [ 118.538850151488361, 31.459123872287886 ] ] ] } },
{ "type": "Feature", "properties": { "area_m2": 8099.9999999109423, "area_km2": 0.0080999999999109423, "relative_position": "后方", "distance_m": 6446.2357281044333, "elevation": 91.6 }, "geometry": { "type": "Polygon", "coordinates": [ [ [ 118.537903181623733, 31.459135249631231 ], [ 118.537916450559351, 31.459946988268509 ], [ 118.538863428586524, 31.459935610565008 ], [ 118.538850151488361, 31.459123872287886 ], [ 118.537903181623733, 31.459135249631231 ] ] ] } },
{ "type": "Feature", "properties": { "area_m2": 8099.9999999580905, "area_km2": 0.0080999999999580904, "relative_position": "后方", "distance_m": 6356.3876920721468, "elevation": 130.4 }, "geometry": { "type": "Polygon", "coordinates": [ [ [ 118.538863428586524, 31.459935610565008 ], [ 118.538876706221188, 31.460747348734092 ], [ 118.539823691874702, 31.460735963671851 ], [ 118.53981040607718, 31.459924225863148 ], [ 118.538863428586524, 31.459935610565008 ] ] ] } },
{ "type": "Feature", "properties": { "area_m2": 8100.0000001204899, "area_km2": 0.00810000000012049, "relative_position": "后方", "distance_m": 6355.9660365556156, "elevation": 85.6 }, "geometry": { "type": "Polygon", "coordinates": [ [ [ 118.537916450559351, 31.459946988268509 ], [ 118.53792972003113, 31.460758726797746 ], [ 118.538876706221188, 31.460747348734092 ], [ 118.538863428586524, 31.459935610565008 ], [ 118.537916450559351, 31.459946988268509 ] ] ] } },
{ "type": "Feature", "properties": { "area_m2": 8099.9999999528518, "area_km2": 0.0080999999999528515, "relative_position": "后方", "distance_m": 6266.123946304273, "elevation": 121.8 }, "geometry": { "type": "Polygon", "coordinates": [ [ [ 118.538876706221188, 31.460747348734092 ], [ 118.53888998439237, 31.46155908679512 ], [ 118.539836978209081, 31.461547701372488 ], [ 118.539823691874702, 31.460735963671851 ], [ 118.538876706221188, 31.460747348734092 ] ] ] } },
{ "type": "Feature", "properties": { "area_m2": 8100.0000001414446, "area_km2": 0.0081000000001414454, "relative_position": "后方", "distance_m": 6265.6963644646503, "elevation": 84.2 }, "geometry": { "type": "Polygon", "coordinates": [ [ [ 118.53792972003113, 31.460758726797746 ], [ 118.537942990039127, 31.461570465218948 ], [ 118.53888998439237, 31.46155908679512 ], [ 118.538876706221188, 31.460747348734092 ], [ 118.53792972003113, 31.460758726797746 ] ] ] } },
{ "type": "Feature", "properties": { "area_m2": 8100.0000000052387, "area_km2": 0.0081000000000052384, "relative_position": "后方", "distance_m": 6175.8603931534499, "elevation": 110.6 }, "geometry": { "type": "Polygon", "coordinates": [ [ [ 118.53888998439237, 31.46155908679512 ], [ 118.538903263100082, 31.462370824748106 ], [ 118.539850265080304, 31.462359438965084 ], [ 118.539836978209081, 31.461547701372488 ], [ 118.53888998439237, 31.46155908679512 ] ] ] } },
{ "type": "Feature", "properties": { "area_m2": 8099.9999999528518, "area_km2": 0.0080999999999528515, "relative_position": "后方", "distance_m": 6085.5970406791612, "elevation": 112.6 }, "geometry": { "type": "Polygon", "coordinates": [ [ [ 118.538903263100082, 31.462370824748106 ], [ 118.538916542344381, 31.463182562593051 ], [ 118.539863552488427, 31.463171176449627 ], [ 118.539850265080304, 31.462359438965084 ], [ 118.538903263100082, 31.462370824748106 ] ] ] } },
{ "type": "Feature", "properties": { "area_m2": 8099.9999999476131, "area_km2": 0.0080999999999476126, "relative_position": "后方", "distance_m": 6267.8390569297935, "elevation": 169.6 }, "geometry": { "type": "Polygon", "coordinates": [ [ [ 118.539823691874702, 31.460735963671851 ], [ 118.539836978209081, 31.461547701372488 ], [ 118.540783971488892, 31.461536308951061 ], [ 118.540770676991372, 31.460724571611028 ], [ 118.539823691874702, 31.460735963671851 ] ] ] } },
{ "type": "Feature", "properties": { "area_m2": 8100.0000000052387, "area_km2": 0.0081000000000052384, "relative_position": "后方", "distance_m": 6180.6456680303581, "elevation": 200.8 }, "geometry": { "type": "Polygon", "coordinates": [ [ [ 118.540783971488892, 31.461536308951061 ], [ 118.54079726652364, 31.462348046183045 ], [ 118.541744267429721, 31.462336646402004 ], [ 118.541730964231533, 31.461524909530862 ], [ 118.540783971488892, 31.461536308951061 ] ] ] } },
{ "type": "Feature", "properties": { "area_m2": 8100.0000001466833, "area_km2": 0.0081000000001466826, "relative_position": "后方", "distance_m": 6177.6004132941143, "elevation": 157.0 }, "geometry": { "type": "Polygon", "coordinates": [ [ [ 118.539836978209081, 31.461547701372488 ], [ 118.539850265080304, 31.462359438965084 ], [ 118.54079726652364, 31.462348046183045 ], [ 118.540783971488892, 31.461536308951061 ], [ 118.539836978209081, 31.461547701372488 ] ] ] } },
{ "type": "Feature", "properties": { "area_m2": 8099.9999998428393, "area_km2": 0.0080999999998428388, "relative_position": "后方", "distance_m": 6090.4529291351128, "elevation": 193.8 }, "geometry": { "type": "Polygon", "coordinates": [ [ [ 118.54079726652364, 31.462348046183045 ], [ 118.540810562095587, 31.463159783306963 ], [ 118.541757571165491, 31.463148383165073 ], [ 118.541744267429721, 31.462336646402004 ], [ 118.54079726652364, 31.462348046183045 ] ] ] } },
{ "type": "Feature", "properties": { "area_m2": 8100.0000000523869, "area_km2": 0.0081000000000523865, "relative_position": "后方", "distance_m": 6087.36270845731, "elevation": 149.2 }, "geometry": { "type": "Polygon", "coordinates": [ [ [ 118.539850265080304, 31.462359438965084 ], [ 118.539863552488427, 31.463171176449627 ], [ 118.540810562095587, 31.463159783306963 ], [ 118.54079726652364, 31.462348046183045 ], [ 118.539850265080304, 31.462359438965084 ] ] ] } },
{ "type": "Feature", "properties": { "area_m2": 8099.999999931897, "area_km2": 0.0080999999999318978, "relative_position": "后方", "distance_m": 6000.2625220899572, "elevation": 190.0 }, "geometry": { "type": "Polygon", "coordinates": [ [ [ 118.540810562095587, 31.463159783306963 ], [ 118.540823858204774, 31.463971520322808 ], [ 118.5417708754388, 31.463960119820083 ], [ 118.541757571165491, 31.463148383165073 ], [ 118.540810562095587, 31.463159783306963 ] ] ] } },
{ "type": "Feature", "properties": { "area_m2": 8099.9999999738066, "area_km2": 0.008099999999973807, "relative_position": "后方", "distance_m": 5997.125984281548, "elevation": 151.4 }, "geometry": { "type": "Polygon", "coordinates": [ [ [ 118.539863552488427, 31.463171176449627 ], [ 118.539876840433479, 31.463982913826104 ], [ 118.540823858204774, 31.463971520322808 ], [ 118.540810562095587, 31.463159783306963 ], [ 118.539863552488427, 31.463171176449627 ] ] ] } },
{ "type": "Feature", "properties": { "area_m2": 8099.9999999685679, "area_km2": 0.0080999999999685681, "relative_position": "后方", "distance_m": 5910.0745531232333, "elevation": 201.4 }, "geometry": { "type": "Polygon", "coordinates": [ [ [ 118.540823858204774, 31.463971520322808 ], [ 118.540837154851246, 31.464783257230607 ], [ 118.541784180249735, 31.464771856367008 ], [ 118.5417708754388, 31.463960119820083 ], [ 118.540823858204774, 31.463971520322808 ] ] ] } },
{ "type": "Feature", "properties": { "area_m2": 8100.000000151922, "area_km2": 0.0081000000001519214, "relative_position": "后方", "distance_m": 5906.8902851824369, "elevation": 161.4 }, "geometry": { "type": "Polygon", "coordinates": [ [ [ 118.539876840433479, 31.463982913826104 ], [ 118.539890128915445, 31.464794651094525 ], [ 118.540837154851246, 31.464783257230607 ], [ 118.540823858204774, 31.463971520322808 ], [ 118.539876840433479, 31.463982913826104 ] ] ] } },
{ "type": "Feature", "properties": { "area_m2": 8099.9999999423744, "area_km2": 0.0080999999999423738, "relative_position": "后方", "distance_m": 5819.8891350489976, "elevation": 218.0 }, "geometry": { "type": "Polygon", "coordinates": [ [ [ 118.540837154851246, 31.464783257230607 ], [ 118.540850452034974, 31.465594994030329 ], [ 118.541797485598252, 31.465583592805871 ], [ 118.541784180249735, 31.464771856367008 ], [ 118.540837154851246, 31.464783257230607 ] ] ] } },
{ "type": "Feature", "properties": { "area_m2": 8099.9999998428393, "area_km2": 0.0080999999998428388, "relative_position": "后方", "distance_m": 5995.3338974294829, "elevation": 111.0 }, "geometry": { "type": "Polygon", "coordinates": [ [ [ 118.538916542344381, 31.463182562593051 ], [ 118.538929822125269, 31.463994300329936 ], [ 118.539876840433479, 31.463982913826104 ], [ 118.539863552488427, 31.463171176449627 ], [ 118.538916542344381, 31.463182562593051 ] ] ] } },
{ "type": "Feature", "properties": { "area_m2": 8099.9999999371357, "area_km2": 0.0080999999999371349, "relative_position": "后方", "distance_m": 5905.0709724742437, "elevation": 121.0 }, "geometry": { "type": "Polygon", "coordinates": [ [ [ 118.538929822125269, 31.463994300329936 ], [ 118.538943102442744, 31.464806037958773 ], [ 118.539890128915445, 31.464794651094525 ], [ 118.539876840433479, 31.463982913826104 ], [ 118.538929822125269, 31.463994300329936 ] ] ] } },
{ "type": "Feature", "properties": { "area_m2": 8100.0000000942964, "area_km2": 0.0081000000000942957, "relative_position": "后方", "distance_m": 5904.6178780219388, "elevation": 85.2 }, "geometry": { "type": "Polygon", "coordinates": [ [ [ 118.537982803280428, 31.464005679834308 ], [ 118.537996075433384, 31.464817417823323 ], [ 118.538943102442744, 31.464806037958773 ], [ 118.538929822125269, 31.463994300329936 ], [ 118.537982803280428, 31.464005679834308 ] ] ] } },
{ "type": "Feature", "properties": { "area_m2": 8099.9999999109423, "area_km2": 0.0080999999999109423, "relative_position": "后方", "distance_m": 5814.8082754432025, "elevation": 137.8 }, "geometry": { "type": "Polygon", "coordinates": [ [ [ 118.538943102442744, 31.464806037958773 ], [ 118.538956383296807, 31.465617775479547 ], [ 118.539903417934383, 31.465606388254898 ], [ 118.539890128915445, 31.464794651094525 ], [ 118.538943102442744, 31.464806037958773 ] ] ] } },
{ "type": "Feature", "properties": { "area_m2": 8099.9999999738066, "area_km2": 0.008099999999973807, "relative_position": "后方", "distance_m": 5814.3483089274878, "elevation": 99.8 }, "geometry": { "type": "Polygon", "coordinates": [ [ [ 118.537996075433384, 31.464817417823323 ], [ 118.538009348122614, 31.465629155704299 ], [ 118.538956383296807, 31.465617775479547 ], [ 118.538943102442744, 31.464806037958773 ], [ 118.537996075433384, 31.464817417823323 ] ] ] } },
{ "type": "Feature", "properties": { "area_m2": 8100.0000001309672, "area_km2": 0.0081000000001309677, "relative_position": "后方", "distance_m": 5724.5458165799209, "elevation": 151.8 }, "geometry": { "type": "Polygon", "coordinates": [ [ [ 118.538956383296807, 31.465617775479547 ], [ 118.538969664687556, 31.466429512892283 ], [ 118.539916707490278, 31.4664181253072 ], [ 118.539903417934383, 31.465606388254898 ], [ 118.538956383296807, 31.465617775479547 ] ] ] } },
{ "type": "Feature", "properties": { "area_m2": 8100.0000001309672, "area_km2": 0.0081000000001309677, "relative_position": "后方", "distance_m": 5724.0787617442675, "elevation": 114.2 }, "geometry": { "type": "Polygon", "coordinates": [ [ [ 118.538009348122614, 31.465629155704299 ], [ 118.538022621348176, 31.466440893477227 ], [ 118.538969664687556, 31.466429512892283 ], [ 118.538956383296807, 31.465617775479547 ], [ 118.538009348122614, 31.465629155704299 ] ] ] } },
{ "type": "Feature", "properties": { "area_m2": 8100.0000000628643, "area_km2": 0.0081000000000628642, "relative_position": "后方", "distance_m": 5634.2836067761809, "elevation": 171.6 }, "geometry": { "type": "Polygon", "coordinates": [ [ [ 118.538969664687556, 31.466429512892283 ], [ 118.538982946614922, 31.467241250196949 ], [ 118.539929997583144, 31.467229862251425 ], [ 118.539916707490278, 31.4664181253072 ], [ 118.538969664687556, 31.466429512892283 ] ] ] } },
{ "type": "Feature", "properties": { "area_m2": 8100.0000000209548, "area_km2": 0.008100000000020955, "relative_position": "后方", "distance_m": 5633.8092369732503, "elevation": 128.2 }, "geometry": { "type": "Polygon", "coordinates": [ [ [ 118.538022621348176, 31.466440893477227 ], [ 118.53803589511007, 31.467252631142102 ], [ 118.538982946614922, 31.467241250196949 ], [ 118.538969664687556, 31.466429512892283 ], [ 118.538022621348176, 31.466440893477227 ] ] ] } },
{ "type": "Feature", "properties": { "area_m2": 8099.9999999790452, "area_km2": 0.0080999999999790458, "relative_position": "后方", "distance_m": 5544.0216576420144, "elevation": 191.0 }, "geometry": { "type": "Polygon", "coordinates": [ [ [ 118.538982946614922, 31.467241250196949 ], [ 118.538996229079004, 31.468052987393552 ], [ 118.539943288213024, 31.468041599087591 ], [ 118.539929997583144, 31.467229862251425 ], [ 118.538982946614922, 31.467241250196949 ] ] ] } },
{ "type": "Feature", "properties": { "area_m2": 8100.0000000576256, "area_km2": 0.0081000000000576253, "relative_position": "后方", "distance_m": 5816.6556583337178, "elevation": 180.4 }, "geometry": { "type": "Polygon", "coordinates": [ [ [ 118.539890128915445, 31.464794651094525 ], [ 118.539903417934383, 31.465606388254898 ], [ 118.540850452034974, 31.465594994030329 ], [ 118.540837154851246, 31.464783257230607 ], [ 118.539890128915445, 31.464794651094525 ] ] ] } },
{ "type": "Feature", "properties": { "area_m2": 8100.0000000314321, "area_km2": 0.0081000000000314328, "relative_position": "后方", "distance_m": 5729.7063877779492, "elevation": 229.2 }, "geometry": { "type": "Polygon", "coordinates": [ [ [ 118.540850452034974, 31.465594994030329 ], [ 118.540863749755985, 31.466406730721982 ], [ 118.541810791484409, 31.46639532913667 ], [ 118.541797485598252, 31.465583592805871 ], [ 118.540850452034974, 31.465594994030329 ] ] ] } },
{ "type": "Feature", "properties": { "area_m2": 8099.9999999895226, "area_km2": 0.0080999999999895218, "relative_position": "后方", "distance_m": 5726.4221538846159, "elevation": 193.4 }, "geometry": { "type": "Polygon", "coordinates": [ [ [ 118.539903417934383, 31.465606388254898 ], [ 118.539916707490278, 31.4664181253072 ], [ 118.540863749755985, 31.466406730721982 ], [ 118.540850452034974, 31.465594994030329 ], [ 118.539903417934383, 31.465606388254898 ] ] ] } },
{ "type": "Feature", "properties": { "area_m2": 8100.0000000942964, "area_km2": 0.0081000000000942957, "relative_position": "后方", "distance_m": 5639.5264388886362, "elevation": 231.2 }, "geometry": { "type": "Polygon", "coordinates": [ [ [ 118.540863749755985, 31.466406730721982 ], [ 118.540877048014323, 31.467218467305567 ], [ 118.541824097908204, 31.467207065359375 ], [ 118.541810791484409, 31.46639532913667 ], [ 118.540863749755985, 31.466406730721982 ] ] ] } },
{ "type": "Feature", "properties": { "area_m2": 8099.9999998428393, "area_km2": 0.0080999999998428388, "relative_position": "后方", "distance_m": 5636.1898251903494, "elevation": 211.4 }, "geometry": { "type": "Polygon", "coordinates": [ [ [ 118.539916707490278, 31.4664181253072 ], [ 118.539929997583144, 31.467229862251425 ], [ 118.540877048014323, 31.467218467305567 ], [ 118.540863749755985, 31.466406730721982 ], [ 118.539916707490278, 31.4664181253072 ] ] ] } },
{ "type": "Feature", "properties": { "area_m2": 8100.0000000785803, "area_km2": 0.0081000000000785808, "relative_position": "后方", "distance_m": 5549.3494242481183, "elevation": 234.6 }, "geometry": { "type": "Polygon", "coordinates": [ [ [ 118.540877048014323, 31.467218467305567 ], [ 118.540890346810016, 31.468030203781076 ], [ 118.541837404869668, 31.468018801473999 ], [ 118.541824097908204, 31.467207065359375 ], [ 118.540877048014323, 31.467218467305567 ] ] ] } },
{ "type": "Feature", "properties": { "area_m2": 8099.9999998952262, "area_km2": 0.0080999999998952257, "relative_position": "后方", "distance_m": 5545.9587290814834, "elevation": 225.2 }, "geometry": { "type": "Polygon", "coordinates": [ [ [ 118.539929997583144, 31.467229862251425 ], [ 118.539943288213024, 31.468041599087591 ], [ 118.540890346810016, 31.468030203781076 ], [ 118.540877048014323, 31.467218467305567 ], [ 118.539929997583144, 31.467229862251425 ] ] ] } },
{ "type": "Feature", "properties": { "area_m2": 8100.0000001466833, "area_km2": 0.0081000000001466826, "relative_position": "后方", "distance_m": 5459.1754886940298, "elevation": 223.8 }, "geometry": { "type": "Polygon", "coordinates": [ [ [ 118.540890346810016, 31.468030203781076 ], [ 118.54090364614305, 31.468841940148508 ], [ 118.541850712368827, 31.468830537480557 ], [ 118.541837404869668, 31.468018801473999 ], [ 118.540890346810016, 31.468030203781076 ] ] ] } },
{ "type": "Feature", "properties": { "area_m2": 8099.9999999633292, "area_km2": 0.0080999999999633292, "relative_position": "后方", "distance_m": 5455.7289261456635, "elevation": 228.8 }, "geometry": { "type": "Polygon", "coordinates": [ [ [ 118.539943288213024, 31.468041599087591 ], [ 118.539956579379933, 31.468853335815702 ], [ 118.54090364614305, 31.468841940148508 ], [ 118.540890346810016, 31.468030203781076 ], [ 118.539943288213024, 31.468041599087591 ] ] ] } },
{ "type": "Feature", "properties": { "area_m2": 8100.0000000523869, "area_km2": 0.0081000000000523865, "relative_position": "后方", "distance_m": 5369.0047867930007, "elevation": 208.8 }, "geometry": { "type": "Polygon", "coordinates": [ [ [ 118.54090364614305, 31.468841940148508 ], [ 118.540916946013482, 31.46965367640788 ], [ 118.541864020405669, 31.469642273379037 ], [ 118.541850712368827, 31.468830537480557 ], [ 118.54090364614305, 31.468841940148508 ] ] ] } },
{ "type": "Feature", "properties": { "area_m2": 8099.9999998428393, "area_km2": 0.0080999999998428388, "relative_position": "后方", "distance_m": 5543.5397351500251, "elevation": 144.2 }, "geometry": { "type": "Polygon", "coordinates": [ [ [ 118.53803589511007, 31.467252631142102 ], [ 118.538049169408282, 31.468064368698926 ], [ 118.538996229079004, 31.468052987393552 ], [ 118.538982946614922, 31.467241250196949 ], [ 118.53803589511007, 31.467252631142102 ] ] ] } },
{ "type": "Feature", "properties": { "area_m2": 8099.9999998585554, "area_km2": 0.0080999999998585554, "relative_position": "后方", "distance_m": 5453.7599815466174, "elevation": 204.0 }, "geometry": { "type": "Polygon", "coordinates": [ [ [ 118.538996229079004, 31.468052987393552 ], [ 118.539009512079772, 31.468864724482088 ], [ 118.539956579379933, 31.468853335815702 ], [ 118.539943288213024, 31.468041599087591 ], [ 118.538996229079004, 31.468052987393552 ] ] ] } },
{ "type": "Feature", "properties": { "area_m2": 8099.9999999528518, "area_km2": 0.0080999999999528515, "relative_position": "后方", "distance_m": 5453.2702568481081, "elevation": 166.4 }, "geometry": { "type": "Polygon", "coordinates": [ [ [ 118.538049169408282, 31.468064368698926 ], [ 118.538062444242883, 31.46887610614769 ], [ 118.539009512079772, 31.468864724482088 ], [ 118.538996229079004, 31.468052987393552 ], [ 118.538049169408282, 31.468064368698926 ] ] ] } },
{ "type": "Feature", "properties": { "area_m2": 8100.0, "area_km2": 0.0081, "relative_position": "后方", "distance_m": 5363.4985916991873, "elevation": 218.4 }, "geometry": { "type": "Polygon", "coordinates": [ [ [ 118.539009512079772, 31.468864724482088 ], [ 118.539022795617242, 31.46967646146258 ], [ 118.539969871083883, 31.469665072435728 ], [ 118.539956579379933, 31.468853335815702 ], [ 118.539009512079772, 31.468864724482088 ] ] ] } },
{ "type": "Feature", "properties": { "area_m2": 8099.9999999476131, "area_km2": 0.0080999999999476126, "relative_position": "后方", "distance_m": 5363.0008026737232, "elevation": 189.4 }, "geometry": { "type": "Polygon", "coordinates": [ [ [ 118.538062444242883, 31.46887610614769 ], [ 118.538075719613857, 31.469687843488398 ], [ 118.539022795617242, 31.46967646146258 ], [ 118.539009512079772, 31.468864724482088 ], [ 118.538062444242883, 31.46887610614769 ] ] ] } },
{ "type": "Feature", "properties": { "area_m2": 8099.9999999633292, "area_km2": 0.0080999999999633292, "relative_position": "后方", "distance_m": 5273.2375022099295, "elevation": 222.8 }, "geometry": { "type": "Polygon", "coordinates": [ [ [ 118.539022795617242, 31.46967646146258 ], [ 118.539036079691456, 31.470488198334991 ], [ 118.539983163324905, 31.470476808947698 ], [ 118.539969871083883, 31.469665072435728 ], [ 118.539022795617242, 31.46967646146258 ] ] ] } },
{ "type": "Feature", "properties": { "area_m2": 8100.0000000890577, "area_km2": 0.0081000000000890585, "relative_position": "后方", "distance_m": 5272.731373278546, "elevation": 208.0 }, "geometry": { "type": "Polygon", "coordinates": [ [ [ 118.538075719613857, 31.469687843488398 ], [ 118.538088995521221, 31.47049958072105 ], [ 118.539036079691456, 31.470488198334991 ], [ 118.539022795617242, 31.46967646146258 ], [ 118.538075719613857, 31.469687843488398 ] ] ] } },
{ "type": "Feature", "properties": { "area_m2": 8099.999999916181, "area_km2": 0.0080999999999161812, "relative_position": "后方", "distance_m": 5182.9767281731256, "elevation": 215.4 }, "geometry": { "type": "Polygon", "coordinates": [ [ [ 118.539036079691456, 31.470488198334991 ], [ 118.539049364302429, 31.471299935099339 ], [ 118.539996456103012, 31.47128854535158 ], [ 118.539983163324905, 31.470476808947698 ], [ 118.539036079691456, 31.470488198334991 ] ] ] } },
{ "type": "Feature", "properties": { "area_m2": 8100.0000001047738, "area_km2": 0.0081000000001047734, "relative_position": "后方", "distance_m": 5182.4619693610421, "elevation": 207.2 }, "geometry": { "type": "Polygon", "coordinates": [ [ [ 118.538088995521221, 31.47049958072105 ], [ 118.538102271965045, 31.471311317845636 ], [ 118.539049364302429, 31.471299935099339 ], [ 118.539036079691456, 31.470488198334991 ], [ 118.538088995521221, 31.47049958072105 ] ] ] } },
{ "type": "Feature", "properties": { "area_m2": 8099.9999999423744, "area_km2": 0.0080999999999423738, "relative_position": "后方", "distance_m": 5092.7162857514659, "elevation": 204.0 }, "geometry": { "type": "Polygon", "coordinates": [ [ [ 118.539049364302429, 31.471299935099339 ], [ 118.539062649450145, 31.472111671755631 ], [ 118.540009749418218, 31.472100281647407 ], [ 118.539996456103012, 31.47128854535158 ], [ 118.539049364302429, 31.471299935099339 ] ] ] } },
{ "type": "Feature", "properties": { "area_m2": 8100.0000000628643, "area_km2": 0.0081000000000628642, "relative_position": "后方", "distance_m": 5725.0213356553331, "elevation": 78.6 }, "geometry": { "type": "Polygon", "coordinates": [ [ [ 118.537062312412118, 31.465640528929125 ], [ 118.537075577472464, 31.466452267062035 ], [ 118.538022621348176, 31.466440893477227 ], [ 118.538009348122614, 31.465629155704299 ], [ 118.537062312412118, 31.465640528929125 ] ] ] } },
{ "type": "Feature", "properties": { "area_m2": 8100.0000000419095, "area_km2": 0.0081000000000419087, "relative_position": "后方", "distance_m": 5634.7670787911402, "elevation": 91.0 }, "geometry": { "type": "Polygon", "coordinates": [ [ [ 118.537075577472464, 31.466452267062035 ], [ 118.53708884306883, 31.4672640050869 ], [ 118.53803589511007, 31.467252631142102 ], [ 118.538022621348176, 31.466440893477227 ], [ 118.537075577472464, 31.466452267062035 ] ] ] } },
{ "type": "Feature", "properties": { "area_m2": 8100.0000000209548, "area_km2": 0.008100000000020955, "relative_position": "后方", "distance_m": 5544.5133424589185, "elevation": 107.0 }, "geometry": { "type": "Polygon", "coordinates": [ [ [ 118.53708884306883, 31.4672640050869 ], [ 118.537102109201186, 31.468075743003709 ], [ 118.538049169408282, 31.468064368698926 ], [ 118.53803589511007, 31.467252631142102 ], [ 118.53708884306883, 31.4672640050869 ] ] ] } },
{ "type": "Feature", "properties": { "area_m2": 8099.9999999004649, "area_km2": 0.0080999999999004646, "relative_position": "后方", "distance_m": 5546.9417145437073, "elevation": 80.0 }, "geometry": { "type": "Polygon", "coordinates": [ [ [ 118.536141790491584, 31.467275372031295 ], [ 118.536155048458085, 31.468087110307891 ], [ 118.537102109201186, 31.468075743003709 ], [ 118.53708884306883, 31.4672640050869 ], [ 118.536141790491584, 31.467275372031295 ] ] ] } },
{ "type": "Feature", "properties": { "area_m2": 8100.0000000052387, "area_km2": 0.0081000000000052384, "relative_position": "后方", "distance_m": 5454.2601519295094, "elevation": 129.0 }, "geometry": { "type": "Polygon", "coordinates": [ [ [ 118.537102109201186, 31.468075743003709 ], [ 118.537115375869604, 31.468887480812469 ], [ 118.538062444242883, 31.46887610614769 ], [ 118.538049169408282, 31.468064368698926 ], [ 118.537102109201186, 31.468075743003709 ] ] ] } },
{ "type": "Feature", "properties": { "area_m2": 8099.9999998847488, "area_km2": 0.008099999999884748, "relative_position": "后方", "distance_m": 5456.7288629755776, "elevation": 97.0 }, "geometry": { "type": "Polygon", "coordinates": [ [ [ 118.536155048458085, 31.468087110307891 ], [ 118.536168306960263, 31.468898848476421 ], [ 118.537115375869604, 31.468887480812469 ], [ 118.537102109201186, 31.468075743003709 ], [ 118.536155048458085, 31.468087110307891 ] ] ] } },
{ "type": "Feature", "properties": { "area_m2": 8100.0000000366708, "area_km2": 0.0081000000000366716, "relative_position": "后方", "distance_m": 5364.0075341736474, "elevation": 153.4 }, "geometry": { "type": "Polygon", "coordinates": [ [ [ 118.537115375869604, 31.468887480812469 ], [ 118.537128643074055, 31.469699218513192 ], [ 118.538075719613857, 31.469687843488398 ], [ 118.538062444242883, 31.46887610614769 ], [ 118.537115375869604, 31.468887480812469 ] ] ] } },
{ "type": "Feature", "properties": { "area_m2": 8100.0000000471482, "area_km2": 0.0081000000000471476, "relative_position": "后方", "distance_m": 5366.5179409353441, "elevation": 116.8 }, "geometry": { "type": "Polygon", "coordinates": [ [ [ 118.536168306960263, 31.468898848476421 ], [ 118.536181565998191, 31.469710586536923 ], [ 118.537128643074055, 31.469699218513192 ], [ 118.537115375869604, 31.468887480812469 ], [ 118.536168306960263, 31.468898848476421 ] ] ] } },
{ "type": "Feature", "properties": { "area_m2": 8100.0000000157161, "area_km2": 0.0081000000000157162, "relative_position": "后方", "distance_m": 5370.5299157705658, "elevation": 88.6 }, "geometry": { "type": "Polygon", "coordinates": [ [ [ 118.535221237515216, 31.468910209139526 ], [ 118.535234488386578, 31.469721947559595 ], [ 118.536181565998191, 31.469710586536923 ], [ 118.536168306960263, 31.468898848476421 ], [ 118.535221237515216, 31.468910209139526 ] ] ] } },
{ "type": "Feature", "properties": { "area_m2": 8100.0000000157161, "area_km2": 0.0081000000000157162, "relative_position": "后方", "distance_m": 5273.7555180130594, "elevation": 174.4 }, "geometry": { "type": "Polygon", "coordinates": [ [ [ 118.537128643074055, 31.469699218513192 ], [ 118.537141910814597, 31.470510956105858 ], [ 118.538088995521221, 31.47049958072105 ], [ 118.538075719613857, 31.469687843488398 ], [ 118.537128643074055, 31.469699218513192 ] ] ] } },
{ "type": "Feature", "properties": { "area_m2": 8100.0000000576256, "area_km2": 0.0081000000000576253, "relative_position": "后方", "distance_m": 5276.3090468006876, "elevation": 139.0 }, "geometry": { "type": "Polygon", "coordinates": [ [ [ 118.536181565998191, 31.469710586536923 ], [ 118.536194825571869, 31.47052232448938 ], [ 118.537141910814597, 31.470510956105858 ], [ 118.537128643074055, 31.469699218513192 ], [ 118.536181565998191, 31.469710586536923 ] ] ] } },
{ "type": "Feature", "properties": { "area_m2": 8100.0000000890577, "area_km2": 0.0081000000000890585, "relative_position": "后方", "distance_m": 5280.3897423512753, "elevation": 101.2 }, "geometry": { "type": "Polygon", "coordinates": [ [ [ 118.535234488386578, 31.469721947559595 ], [ 118.535247739793377, 31.470533685871622 ], [ 118.536194825571869, 31.47052232448938 ], [ 118.536181565998191, 31.469710586536923 ], [ 118.535234488386578, 31.469721947559595 ] ] ] } },
{ "type": "Feature", "properties": { "area_m2": 8099.9999999476131, "area_km2": 0.0080999999999476126, "relative_position": "后方", "distance_m": 5183.5041342719223, "elevation": 179.2 }, "geometry": { "type": "Polygon", "coordinates": [ [ [ 118.537141910814597, 31.470510956105858 ], [ 118.537155179091229, 31.471322693590462 ], [ 118.538102271965045, 31.471311317845636 ], [ 118.538088995521221, 31.47049958072105 ], [ 118.537141910814597, 31.470510956105858 ] ] ] } },
{ "type": "Feature", "properties": { "area_m2": 8100.0000001466833, "area_km2": 0.0081000000001466826, "relative_position": "后方", "distance_m": 5186.1022858007336, "elevation": 144.0 }, "geometry": { "type": "Polygon", "coordinates": [ [ [ 118.536194825571869, 31.47052232448938 ], [ 118.536208085681295, 31.471334062333778 ], [ 118.537155179091229, 31.471322693590462 ], [ 118.537141910814597, 31.470510956105858 ], [ 118.536194825571869, 31.47052232448938 ] ] ] } },
{ "type": "Feature", "properties": { "area_m2": 8099.9999999476131, "area_km2": 0.0080999999999476126, "relative_position": "后方", "distance_m": 5190.2540887559162, "elevation": 104.4 }, "geometry": { "type": "Polygon", "coordinates": [ [ [ 118.535247739793377, 31.470533685871622 ], [ 118.535260991735584, 31.471345424075597 ], [ 118.536208085681295, 31.471334062333778 ], [ 118.536194825571869, 31.47052232448938 ], [ 118.535247739793377, 31.470533685871622 ] ] ] } },
{ "type": "Feature", "properties": { "area_m2": 8099.999999931897, "area_km2": 0.0080999999999318978, "relative_position": "后方", "distance_m": 5093.2534159581455, "elevation": 177.0 }, "geometry": { "type": "Polygon", "coordinates": [ [ [ 118.537155179091229, 31.471322693590462 ], [ 118.53716844790398, 31.472134430967014 ], [ 118.538115548945299, 31.47212305486217 ], [ 118.538102271965045, 31.471311317845636 ], [ 118.537155179091229, 31.471322693590462 ] ] ] } },
{ "type": "Feature", "properties": { "area_m2": 8100.000000068103, "area_km2": 0.0081000000000681031, "relative_position": "后方", "distance_m": 5095.8977706058222, "elevation": 140.6 }, "geometry": { "type": "Polygon", "coordinates": [ [ [ 118.536208085681295, 31.471334062333778 ], [ 118.536221346326528, 31.47214580007013 ], [ 118.53716844790398, 31.472134430967014 ], [ 118.537155179091229, 31.471322693590462 ], [ 118.536208085681295, 31.471334062333778 ] ] ] } },
{ "type": "Feature", "properties": { "area_m2": 8100.0000000366708, "area_km2": 0.0081000000000366716, "relative_position": "后方", "distance_m": 5100.1231940107664, "elevation": 103.2 }, "geometry": { "type": "Polygon", "coordinates": [ [ [ 118.535260991735584, 31.471345424075597 ], [ 118.535274244213269, 31.472157162171534 ], [ 118.536221346326528, 31.47214580007013 ], [ 118.536208085681295, 31.471334062333778 ], [ 118.535260991735584, 31.471345424075597 ] ] ] } },
{ "type": "Feature", "properties": { "area_m2": 8100.0000000261934, "area_km2": 0.0081000000000261939, "relative_position": "后方", "distance_m": 5003.0033984658758, "elevation": 175.6 }, "geometry": { "type": "Polygon", "coordinates": [ [ [ 118.53716844790398, 31.472134430967014 ], [ 118.537181717252849, 31.472946168235506 ], [ 118.538128826462, 31.472934791770633 ], [ 118.538115548945299, 31.47212305486217 ], [ 118.53716844790398, 31.472134430967014 ] ] ] } },
{ "type": "Feature", "properties": { "area_m2": 8099.9999999528518, "area_km2": 0.0080999999999528515, "relative_position": "后方", "distance_m": 5005.6956220053944, "elevation": 141.0 }, "geometry": { "type": "Polygon", "coordinates": [ [ [ 118.536221346326528, 31.47214580007013 ], [ 118.536234607507552, 31.472957537698438 ], [ 118.537181717252849, 31.472946168235506 ], [ 118.53716844790398, 31.472134430967014 ], [ 118.536221346326528, 31.47214580007013 ] ] ] } },
{ "type": "Feature", "properties": { "area_m2": 8100.0000000314321, "area_km2": 0.0081000000000314328, "relative_position": "后方", "distance_m": 5009.997314337651, "elevation": 106.0 }, "geometry": { "type": "Polygon", "coordinates": [ [ [ 118.535274244213269, 31.472157162171534 ], [ 118.53528749722642, 31.472968900159429 ], [ 118.536234607507552, 31.472957537698438 ], [ 118.536221346326528, 31.47214580007013 ], [ 118.535274244213269, 31.472157162171534 ] ] ] } },
{ "type": "Feature", "properties": { "area_m2": 8100.0000000366708, "area_km2": 0.0081000000000366716, "relative_position": "后方", "distance_m": 4912.7541197845203, "elevation": 172.4 }, "geometry": { "type": "Polygon", "coordinates": [ [ [ 118.537181717252849, 31.472946168235506 ], [ 118.537194987137866, 31.473757905395942 ], [ 118.538142104515202, 31.473746528571038 ], [ 118.538128826462, 31.472934791770633 ], [ 118.537181717252849, 31.472946168235506 ] ] ] } },
{ "type": "Feature", "properties": { "area_m2": 8099.9999999842839, "area_km2": 0.0080999999999842847, "relative_position": "后方", "distance_m": 4915.4959696554897, "elevation": 138.6 }, "geometry": { "type": "Polygon", "coordinates": [ [ [ 118.536234607507552, 31.472957537698438 ], [ 118.536247869224368, 31.47376927521869 ], [ 118.537194987137866, 31.473757905395942 ], [ 118.537181717252849, 31.472946168235506 ], [ 118.536234607507552, 31.472957537698438 ] ] ] } },
{ "type": "Feature", "properties": { "area_m2": 8100.000000083819, "area_km2": 0.0081000000000838197, "relative_position": "后方", "distance_m": 4919.8767247158885, "elevation": 106.2 }, "geometry": { "type": "Polygon", "coordinates": [ [ [ 118.53528749722642, 31.472968900159429 ], [ 118.535300750775036, 31.473780638039273 ], [ 118.536247869224368, 31.47376927521869 ], [ 118.536234607507552, 31.472957537698438 ], [ 118.53528749722642, 31.472968900159429 ] ] ] } },
{ "type": "Feature", "properties": { "area_m2": 8100.0000001047738, "area_km2": 0.0081000000001047734, "relative_position": "后方", "distance_m": 4822.50562075378, "elevation": 164.0 }, "geometry": { "type": "Polygon", "coordinates": [ [ [ 118.537194987137866, 31.473757905395942 ], [ 118.537208257559058, 31.474569642448309 ], [ 118.538155383104893, 31.474558265263365 ], [ 118.538142104515202, 31.473746528571038 ], [ 118.537194987137866, 31.473757905395942 ] ] ] } },
{ "type": "Feature", "properties": { "area_m2": 8099.9999999947613, "area_km2": 0.0080999999999947607, "relative_position": "后方", "distance_m": 4825.2989529006645, "elevation": 134.6 }, "geometry": { "type": "Polygon", "coordinates": [ [ [ 118.536247869224368, 31.47376927521869 ], [ 118.536261131477062, 31.474581012630878 ], [ 118.537208257559058, 31.474569642448309 ], [ 118.537194987137866, 31.473757905395942 ], [ 118.536247869224368, 31.47376927521869 ] ] ] } },
{ "type": "Feature", "properties": { "area_m2": 8099.9999999580905, "area_km2": 0.0080999999999580904, "relative_position": "后方", "distance_m": 4829.7617206309124, "elevation": 105.4 }, "geometry": { "type": "Polygon", "coordinates": [ [ [ 118.535300750775036, 31.473780638039273 ], [ 118.535314004859202, 31.474592375811064 ], [ 118.536261131477062, 31.474581012630878 ], [ 118.536247869224368, 31.47376927521869 ], [ 118.535300750775036, 31.473780638039273 ] ] ] } },
{ "type": "Feature", "properties": { "area_m2": 8100.0000000733417, "area_km2": 0.0081000000000733419, "relative_position": "后方", "distance_m": 4732.2579453208728, "elevation": 144.6 }, "geometry": { "type": "Polygon", "coordinates": [ [ [ 118.537208257559058, 31.474569642448309 ], [ 118.537221528516469, 31.475381379392619 ], [ 118.538168662231115, 31.475370001847629 ], [ 118.538155383104893, 31.474558265263365 ], [ 118.537208257559058, 31.474569642448309 ] ] ] } },
{ "type": "Feature", "properties": { "area_m2": 8100.0, "area_km2": 0.0081, "relative_position": "后方", "distance_m": 4735.1047216982497, "elevation": 129.2 }, "geometry": { "type": "Polygon", "coordinates": [ [ [ 118.536261131477062, 31.474581012630878 ], [ 118.536274394265604, 31.475392749935022 ], [ 118.537221528516469, 31.475381379392619 ], [ 118.537208257559058, 31.474569642448309 ], [ 118.536261131477062, 31.474581012630878 ] ] ] } },
{ "type": "Feature", "properties": { "area_m2": 8099.9999999423744, "area_km2": 0.0080999999999423738, "relative_position": "后方", "distance_m": 4739.6526200189737, "elevation": 103.0 }, "geometry": { "type": "Polygon", "coordinates": [ [ [ 118.535314004859202, 31.474592375811064 ], [ 118.53532725947889, 31.475404113474802 ], [ 118.536274394265604, 31.475392749935022 ], [ 118.536261131477062, 31.474581012630878 ], [ 118.535314004859202, 31.474592375811064 ] ] ] } },
{ "type": "Feature", "properties": { "area_m2": 8099.9999999633292, "area_km2": 0.0080999999999633292, "relative_position": "后方", "distance_m": 4642.0111408536759, "elevation": 119.2 }, "geometry": { "type": "Polygon", "coordinates": [ [ [ 118.537221528516469, 31.475381379392619 ], [ 118.537234800010069, 31.47619311622887 ], [ 118.538181941893853, 31.476181738323827 ], [ 118.538168662231115, 31.475370001847629 ], [ 118.537221528516469, 31.475381379392619 ] ] ] } },
{ "type": "Feature", "properties": { "area_m2": 8100.0000000523869, "area_km2": 0.0081000000000523865, "relative_position": "后方", "distance_m": 4644.9134376495167, "elevation": 104.0 }, "geometry": { "type": "Polygon", "coordinates": [ [ [ 118.536274394265604, 31.475392749935022 ], [ 118.536287657590037, 31.476204487131092 ], [ 118.537234800010069, 31.47619311622887 ], [ 118.537221528516469, 31.475381379392619 ], [ 118.536274394265604, 31.475392749935022 ] ] ] } },
{ "type": "Feature", "properties": { "area_m2": 8100.0000000052387, "area_km2": 0.0081000000000052384, "relative_position": "后方", "distance_m": 4649.5497654478713, "elevation": 86.6 }, "geometry": { "type": "Polygon", "coordinates": [ [ [ 118.53532725947889, 31.475404113474802 ], [ 118.5353405146341, 31.476215851030496 ], [ 118.536287657590037, 31.476204487131092 ], [ 118.536274394265604, 31.475392749935022 ], [ 118.53532725947889, 31.475404113474802 ] ] ] } },
{ "type": "Feature", "properties": { "area_m2": 8100.0000000104774, "area_km2": 0.0081000000000104773, "relative_position": "后方", "distance_m": 4551.7652584755215, "elevation": 97.2 }, "geometry": { "type": "Polygon", "coordinates": [ [ [ 118.537234800010069, 31.47619311622887 ], [ 118.537248072039887, 31.477004852957062 ], [ 118.538195222093165, 31.476993474691948 ], [ 118.538181941893853, 31.476181738323827 ], [ 118.537234800010069, 31.47619311622887 ] ] ] } },
{ "type": "Feature", "properties": { "area_m2": 8100.0000001047738, "area_km2": 0.0081000000001047734, "relative_position": "后方", "distance_m": 4010.3127707746307, "elevation": 94.0 }, "geometry": { "type": "Polygon", "coordinates": [ [ [ 118.537314440233089, 31.481063534976894 ], [ 118.537327715480686, 31.481875271056637 ], [ 118.538274914557817, 31.48186389063104 ], [ 118.538261631138766, 31.481052154911396 ], [ 118.537314440233089, 31.481063534976894 ] ] ] } },
{ "type": "Feature", "properties": { "area_m2": 8099.9999998899875, "area_km2": 0.0080999999998899869, "relative_position": "后方", "distance_m": 4013.6735927143045, "elevation": 96.6 }, "geometry": { "type": "Polygon", "coordinates": [ [ [ 118.536367248791095, 31.481074908038252 ], [ 118.536380515867208, 31.481886644477871 ], [ 118.537327715480686, 31.481875271056637 ], [ 118.537314440233089, 31.481063534976894 ], [ 118.536367248791095, 31.481074908038252 ] ] ] } },
{ "type": "Feature", "properties": { "area_m2": 8100.0000000104774, "area_km2": 0.0081000000000104773, "relative_position": "后方", "distance_m": 3920.075183221642, "elevation": 107.0 }, "geometry": { "type": "Polygon", "coordinates": [ [ [ 118.537327715480686, 31.481875271056637 ], [ 118.537340991264642, 31.482687007028311 ], [ 118.538288198513555, 31.48267562624261 ], [ 118.538274914557817, 31.48186389063104 ], [ 118.537327715480686, 31.481875271056637 ] ] ] } },
{ "type": "Feature", "properties": { "area_m2": 8100.0000000419095, "area_km2": 0.0081000000000419087, "relative_position": "后方", "distance_m": 3923.5135556079772, "elevation": 101.4 }, "geometry": { "type": "Polygon", "coordinates": [ [ [ 118.536380515867208, 31.481886644477871 ], [ 118.53639378347934, 31.482698380809424 ], [ 118.537340991264642, 31.482687007028311 ], [ 118.537327715480686, 31.481875271056637 ], [ 118.536380515867208, 31.481886644477871 ] ] ] } },
{ "type": "Feature", "properties": { "area_m2": 8100.0000000314321, "area_km2": 0.0081000000000314328, "relative_position": "后方", "distance_m": 3829.8391194472842, "elevation": 111.6 }, "geometry": { "type": "Polygon", "coordinates": [ [ [ 118.537340991264642, 31.482687007028311 ], [ 118.537354267584973, 31.4834987428919 ], [ 118.538301483006009, 31.483487361746096 ], [ 118.538288198513555, 31.48267562624261 ], [ 118.537340991264642, 31.482687007028311 ] ] ] } },
{ "type": "Feature", "properties": { "area_m2": 8100.0000000104774, "area_km2": 0.0081000000000104773, "relative_position": "后方", "distance_m": 3833.3586910978611, "elevation": 95.4 }, "geometry": { "type": "Polygon", "coordinates": [ [ [ 118.53639378347934, 31.482698380809424 ], [ 118.536407051627549, 31.4835101170329 ], [ 118.537354267584973, 31.4834987428919 ], [ 118.537340991264642, 31.482687007028311 ], [ 118.53639378347934, 31.482698380809424 ] ] ] } },
{ "type": "Feature", "properties": { "area_m2": 8099.9999998795101, "area_km2": 0.0080999999998795109, "relative_position": "后方", "distance_m": 4465.0390413843106, "elevation": 93.6 }, "geometry": { "type": "Polygon", "coordinates": [ [ [ 118.524961405914283, 31.478775615575167 ], [ 118.524974573334987, 31.479587356639989 ], [ 118.525921754844916, 31.479576068343949 ], [ 118.525908579253496, 31.478764327636316 ], [ 118.524961405914283, 31.478775615575167 ] ] ] } },
{ "type": "Feature", "properties": { "area_m2": 8100.0000000419095, "area_km2": 0.0081000000000419087, "relative_position": "后方", "distance_m": 4491.4741424576214, "elevation": 94.6 }, "geometry": { "type": "Polygon", "coordinates": [ [ [ 118.524014232043044, 31.478786896510357 ], [ 118.524027391293004, 31.479598637932156 ], [ 118.524974573334987, 31.479587356639989 ], [ 118.524961405914283, 31.478775615575167 ], [ 118.524014232043044, 31.478786896510357 ] ] ] } },
{ "type": "Feature", "properties": { "area_m2": 8099.9999998585554, "area_km2": 0.0080999999998585554, "relative_position": "后方", "distance_m": 4519.5403819701514, "elevation": 85.6 }, "geometry": { "type": "Polygon", "coordinates": [ [ [ 118.523067057640176, 31.478798170441859 ], [ 118.523080208719364, 31.479609912220422 ], [ 118.524027391293004, 31.479598637932156 ], [ 118.524014232043044, 31.478786896510357 ], [ 118.523067057640176, 31.478798170441859 ] ] ] } },
{ "type": "Feature", "properties": { "area_m2": 8100.0000001152512, "area_km2": 0.0081000000001152511, "relative_position": "后方", "distance_m": 4307.9713139915893, "elevation": 85.6 }, "geometry": { "type": "Polygon", "coordinates": [ [ [ 118.527816116267431, 31.479553470740235 ], [ 118.52782930873326, 31.480365210624804 ], [ 118.528776496816178, 31.480353900959315 ], [ 118.528763296179363, 31.479542161432605 ], [ 118.527816116267431, 31.479553470740235 ] ] ] } },
{ "type": "Feature", "properties": { "area_m2": 8100.0000000314321, "area_km2": 0.0081000000000314328, "relative_position": "后方", "distance_m": 4329.7769386351392, "elevation": 106.0 }, "geometry": { "type": "Polygon", "coordinates": [ [ [ 118.526868935822506, 31.479564773044018 ], [ 118.526882120117335, 31.480376513286235 ], [ 118.52782930873326, 31.480365210624804 ], [ 118.527816116267431, 31.479553470740235 ], [ 118.526868935822506, 31.479564773044018 ] ] ] } },
{ "type": "Feature", "properties": { "area_m2": 8099.999999931897, "area_km2": 0.0080999999999318978, "relative_position": "后方", "distance_m": 4353.3273190535174, "elevation": 113.4 }, "geometry": { "type": "Polygon", "coordinates": [ [ [ 118.525921754844916, 31.479576068343949 ], [ 118.525934930968702, 31.480387808943579 ], [ 118.526882120117335, 31.480376513286235 ], [ 118.526868935822506, 31.479564773044018 ], [ 118.525921754844916, 31.479576068343949 ] ] ] } },
{ "type": "Feature", "properties": { "area_m2": 8099.9999998795101, "area_km2": 0.0080999999998795109, "relative_position": "后方", "distance_m": 4378.594304465505, "elevation": 112.0 }, "geometry": { "type": "Polygon", "coordinates": [ [ [ 118.524974573334987, 31.479587356639989 ], [ 118.524987741287717, 31.480399097596834 ], [ 118.525934930968702, 31.480387808943579 ], [ 118.525921754844916, 31.479576068343949 ], [ 118.524974573334987, 31.479587356639989 ] ] ] } },
{ "type": "Feature", "properties": { "area_m2": 8100.0000001204899, "area_km2": 0.00810000000012049, "relative_position": "后方", "distance_m": 4405.5483611756499, "elevation": 106.8 }, "geometry": { "type": "Polygon", "coordinates": [ [ [ 118.524027391293004, 31.479598637932156 ], [ 118.524040551074691, 31.480410379245981 ], [ 118.524987741287717, 31.480399097596834 ], [ 118.524974573334987, 31.479587356639989 ], [ 118.524027391293004, 31.479598637932156 ] ] ] } },
{ "type": "Feature", "properties": { "area_m2": 8100.0000000523869, "area_km2": 0.0081000000000523865, "relative_position": "后方", "distance_m": 4434.158725268112, "elevation": 95.4 }, "geometry": { "type": "Polygon", "coordinates": [ [ [ 118.523080208719364, 31.479609912220422 ], [ 118.523093360329952, 31.480421653891007 ], [ 118.524040551074691, 31.480410379245981 ], [ 118.524027391293004, 31.479598637932156 ], [ 118.523080208719364, 31.479609912220422 ] ] ] } },
{ "type": "Feature", "properties": { "area_m2": 8099.9999999842839, "area_km2": 0.0080999999999842847, "relative_position": "后方", "distance_m": 4199.7866915699642, "elevation": 96.2 }, "geometry": { "type": "Polygon", "coordinates": [ [ [ 118.528776496816178, 31.480353900959315 ], [ 118.528789697986369, 31.48116564037797 ], [ 118.529736893707224, 31.481154323350324 ], [ 118.529723684365734, 31.480342584289758 ], [ 118.528776496816178, 31.480353900959315 ] ] ] } },
{ "type": "Feature", "properties": { "area_m2": 8100.0000000785803, "area_km2": 0.0081000000000785808, "relative_position": "后方", "distance_m": 4220.2396632594655, "elevation": 121.4 }, "geometry": { "type": "Polygon", "coordinates": [ [ [ 118.52782930873326, 31.480365210624804 ], [ 118.52784250173211, 31.481176950401348 ], [ 118.528789697986369, 31.48116564037797 ], [ 118.528776496816178, 31.480353900959315 ], [ 118.52782930873326, 31.480365210624804 ] ] ] } },
{ "type": "Feature", "properties": { "area_m2": 8100.0000000157161, "area_km2": 0.0081000000000157162, "relative_position": "后方", "distance_m": 4242.4964668107787, "elevation": 147.6 }, "geometry": { "type": "Polygon", "coordinates": [ [ [ 118.526882120117335, 31.480376513286235 ], [ 118.52689530494483, 31.481188253420431 ], [ 118.52784250173211, 31.481176950401348 ], [ 118.52782930873326, 31.480365210624804 ], [ 118.526882120117335, 31.480376513286235 ] ] ] } },
{ "type": "Feature", "properties": { "area_m2": 8100.0000000209548, "area_km2": 0.008100000000020955, "relative_position": "后方", "distance_m": 4266.5288744874424, "elevation": 150.6 }, "geometry": { "type": "Polygon", "coordinates": [ [ [ 118.525934930968702, 31.480387808943579 ], [ 118.525948107624842, 31.481199549435207 ], [ 118.52689530494483, 31.481188253420431 ], [ 118.526882120117335, 31.480376513286235 ], [ 118.525934930968702, 31.480387808943579 ] ] ] } },
{ "type": "Feature", "properties": { "area_m2": 8100.0000000523869, "area_km2": 0.0081000000000523865, "relative_position": "后方", "distance_m": 4292.3070636463963, "elevation": 142.6 }, "geometry": { "type": "Polygon", "coordinates": [ [ [ 118.524987741287717, 31.480399097596834 ], [ 118.525000909772459, 31.481210838445669 ], [ 118.525948107624842, 31.481199549435207 ], [ 118.525934930968702, 31.480387808943579 ], [ 118.524987741287717, 31.480399097596834 ] ] ] } },
{ "type": "Feature", "properties": { "area_m2": 8100.0000000366708, "area_km2": 0.0081000000000366716, "relative_position": "后方", "distance_m": 4319.7997825965776, "elevation": 128.2 }, "geometry": { "type": "Polygon", "coordinates": [ [ [ 118.524040551074691, 31.480410379245981 ], [ 118.524053711388021, 31.481222120451807 ], [ 118.525000909772459, 31.481210838445669 ], [ 118.524987741287717, 31.480399097596834 ], [ 118.524040551074691, 31.480410379245981 ] ] ] } },
{ "type": "Feature", "properties": { "area_m2": 8100.0000000209548, "area_km2": 0.008100000000020955, "relative_position": "后方", "distance_m": 4348.9745172354269, "elevation": 103.6 }, "geometry": { "type": "Polygon", "coordinates": [ [ [ 118.523093360329952, 31.480421653891007 ], [ 118.523106512471884, 31.481233395453597 ], [ 118.524053711388021, 31.481222120451807 ], [ 118.524040551074691, 31.480410379245981 ], [ 118.523093360329952, 31.480421653891007 ] ] ] } },
{ "type": "Feature", "properties": { "area_m2": 8099.999999931897, "area_km2": 0.0080999999999318978, "relative_position": "后方", "distance_m": 4111.7283036069684, "elevation": 114.4 }, "geometry": { "type": "Polygon", "coordinates": [ [ [ 118.528789697986369, 31.48116564037797 ], [ 118.528802899689921, 31.481977379688626 ], [ 118.529750103582401, 31.48196606230287 ], [ 118.529736893707224, 31.481154323350324 ], [ 118.528789697986369, 31.48116564037797 ] ] ] } },
{ "type": "Feature", "properties": { "area_m2": 8100.000000151922, "area_km2": 0.0081000000001519214, "relative_position": "后方", "distance_m": 4132.6173510240505, "elevation": 146.0 }, "geometry": { "type": "Polygon", "coordinates": [ [ [ 118.52784250173211, 31.481176950401348 ], [ 118.527855695264009, 31.481988690069873 ], [ 118.528802899689921, 31.481977379688626 ], [ 118.528789697986369, 31.48116564037797 ], [ 118.52784250173211, 31.481176950401348 ] ] ] } },
{ "type": "Feature", "properties": { "area_m2": 8099.9999999633292, "area_km2": 0.0080999999999633292, "relative_position": "后方", "distance_m": 4155.3437391184152, "elevation": 174.2 }, "geometry": { "type": "Polygon", "coordinates": [ [ [ 118.52689530494483, 31.481188253420431 ], [ 118.526908490305061, 31.481999993446614 ], [ 118.527855695264009, 31.481988690069873 ], [ 118.52784250173211, 31.481176950401348 ], [ 118.52689530494483, 31.481188253420431 ] ] ] } },
{ "type": "Feature", "properties": { "area_m2": 8100.0000000523869, "area_km2": 0.0081000000000523865, "relative_position": "后方", "distance_m": 4179.8775004655718, "elevation": 179.2 }, "geometry": { "type": "Polygon", "coordinates": [ [ [ 118.525948107624842, 31.481199549435207 ], [ 118.525961284813363, 31.482011289818836 ], [ 118.526908490305061, 31.481999993446614 ], [ 118.52689530494483, 31.481188253420431 ], [ 118.525948107624842, 31.481199549435207 ] ] ] } },
{ "type": "Feature", "properties": { "area_m2": 8100.0000000733417, "area_km2": 0.0081000000000733419, "relative_position": "后方", "distance_m": 4206.1870109969441, "elevation": 179.0 }, "geometry": { "type": "Polygon", "coordinates": [ [ [ 118.525000909772459, 31.481210838445669 ], [ 118.525014078789269, 31.48202257918652 ], [ 118.525961284813363, 31.482011289818836 ], [ 118.525948107624842, 31.481199549435207 ], [ 118.525000909772459, 31.481210838445669 ] ] ] } },
{ "type": "Feature", "properties": { "area_m2": 8099.9999998742715, "area_km2": 0.008099999999874272, "relative_position": "后方", "distance_m": 4234.2391717289884, "elevation": 153.8 }, "geometry": { "type": "Polygon", "coordinates": [ [ [ 118.524053711388021, 31.481222120451807 ], [ 118.524066872233135, 31.482033861549645 ], [ 118.525014078789269, 31.48202257918652 ], [ 118.525000909772459, 31.481210838445669 ], [ 118.524053711388021, 31.481222120451807 ] ] ] } },
{ "type": "Feature", "properties": { "area_m2": 8099.999999931897, "area_km2": 0.0080999999999318978, "relative_position": "后方", "distance_m": 4263.9995907731318, "elevation": 118.2 }, "geometry": { "type": "Polygon", "coordinates": [ [ [ 118.523106512471884, 31.481233395453597 ], [ 118.523119665145231, 31.482045136908219 ], [ 118.524066872233135, 31.482033861549645 ], [ 118.524053711388021, 31.481222120451807 ], [ 118.523106512471884, 31.481233395453597 ] ] ] } },
{ "type": "Feature", "properties": { "area_m2": 8099.9999999266583, "area_km2": 0.0080999999999266589, "relative_position": "后方", "distance_m": 4023.7679357342158, "elevation": 111.0 }, "geometry": { "type": "Polygon", "coordinates": [ [ [ 118.528802899689921, 31.481977379688626 ], [ 118.528816101926864, 31.482789118891251 ], [ 118.52976331399131, 31.482777801147396 ], [ 118.529750103582401, 31.48196606230287 ], [ 118.528802899689921, 31.481977379688626 ] ] ] } },
{ "type": "Feature", "properties": { "area_m2": 8100.0000001885928, "area_km2": 0.0081000000001885935, "relative_position": "后方", "distance_m": 4045.1114817606813, "elevation": 152.4 }, "geometry": { "type": "Polygon", "coordinates": [ [ [ 118.527855695264009, 31.481988690069873 ], [ 118.527868889328957, 31.482800429630391 ], [ 118.528816101926864, 31.482789118891251 ], [ 118.528802899689921, 31.481977379688626 ], [ 118.527855695264009, 31.481988690069873 ] ] ] } },
{ "type": "Feature", "properties": { "area_m2": 8099.9999999842839, "area_km2": 0.0080999999999842847, "relative_position": "后方", "distance_m": 4068.3269645012838, "elevation": 189.8 }, "geometry": { "type": "Polygon", "coordinates": [ [ [ 118.526908490305061, 31.481999993446614 ], [ 118.526921676198, 31.482811733364795 ], [ 118.527868889328957, 31.482800429630391 ], [ 118.527855695264009, 31.481988690069873 ], [ 118.526908490305061, 31.481999993446614 ] ] ] } },
{ "type": "Feature", "properties": { "area_m2": 8100.000000068103, "area_km2": 0.0081000000000681031, "relative_position": "后方", "distance_m": 4093.3825360927472, "elevation": 210.4 }, "geometry": { "type": "Polygon", "coordinates": [ [ [ 118.525961284813363, 31.482011289818836 ], [ 118.525974462534293, 31.482823030094465 ], [ 118.526921676198, 31.482811733364795 ], [ 118.526908490305061, 31.481999993446614 ], [ 118.525961284813363, 31.482011289818836 ] ] ] } },
{ "type": "Feature", "properties": { "area_m2": 8100.0000000104774, "area_km2": 0.0081000000000104773, "relative_position": "后方", "distance_m": 4120.2446293176217, "elevation": 204.4 }, "geometry": { "type": "Polygon", "coordinates": [ [ [ 118.525014078789269, 31.48202257918652 ], [ 118.525027248338176, 31.482834319819371 ], [ 118.525974462534293, 31.482823030094465 ], [ 118.525961284813363, 31.482011289818836 ], [ 118.525014078789269, 31.48202257918652 ] ] ] } },
{ "type": "Feature", "properties": { "area_m2": 8099.9999999947613, "area_km2": 0.0080999999999947607, "relative_position": "后方", "distance_m": 4148.8781569778212, "elevation": 174.0 }, "geometry": { "type": "Polygon", "coordinates": [ [ [ 118.524066872233135, 31.482033861549645 ], [ 118.524080033609948, 31.482845602539491 ], [ 118.525027248338176, 31.482834319819371 ], [ 118.525014078789269, 31.48202257918652 ], [ 118.524066872233135, 31.482033861549645 ] ] ] } },
{ "type": "Feature", "properties": { "area_m2": 8099.9999999790452, "area_km2": 0.0080999999999790458, "relative_position": "后方", "distance_m": 4179.2467108697883, "elevation": 131.6 }, "geometry": { "type": "Polygon", "coordinates": [ [ [ 118.523119665145231, 31.482045136908219 ], [ 118.523132818349978, 31.482856878254843 ], [ 118.524080033609948, 31.482845602539491 ], [ 118.524066872233135, 31.482033861549645 ], [ 118.523119665145231, 31.482045136908219 ] ] ] } },
{ "type": "Feature", "properties": { "area_m2": 8100.0000000523869, "area_km2": 0.0081000000000523865, "relative_position": "后方", "distance_m": 4181.1640213528717, "elevation": 78.8 }, "geometry": { "type": "Polygon", "coordinates": [ [ [ 118.529723684365734, 31.480342584289758 ], [ 118.529736893707224, 31.481154323350324 ], [ 118.530684088894375, 31.481142999318411 ], [ 118.530670871381616, 31.480331260616165 ], [ 118.529723684365734, 31.480342584289758 ] ] ] } },
{ "type": "Feature", "properties": { "area_m2": 8099.999999931897, "area_km2": 0.0080999999999318978, "relative_position": "后方", "distance_m": 4092.704728276583, "elevation": 89.0 }, "geometry": { "type": "Polygon", "coordinates": [ [ [ 118.529736893707224, 31.481154323350324 ], [ 118.529750103582401, 31.48196606230287 ], [ 118.530697306941178, 31.481954737912641 ], [ 118.530684088894375, 31.481142999318411 ], [ 118.529736893707224, 31.481154323350324 ] ] ] } },
{ "type": "Feature", "properties": { "area_m2": 8100.0000000733417, "area_km2": 0.0081000000000733419, "relative_position": "后方", "distance_m": 4004.3262575538556, "elevation": 79.2 }, "geometry": { "type": "Polygon", "coordinates": [ [ [ 118.529750103582401, 31.48196606230287 ], [ 118.52976331399131, 31.482777801147396 ], [ 118.530710525522053, 31.482766476398826 ], [ 118.530697306941178, 31.481954737912641 ], [ 118.529750103582401, 31.48196606230287 ] ] ] } },
{ "type": "Feature", "properties": { "area_m2": 8099.9999999738066, "area_km2": 0.008099999999973807, "relative_position": "后方", "distance_m": 3756.8575975524222, "elevation": 75.0 }, "geometry": { "type": "Polygon", "coordinates": [ [ [ 118.534512618104785, 31.483532844300388 ], [ 118.534525870444043, 31.484344581134906 ], [ 118.535473095645784, 31.484333220644139 ], [ 118.535459835134034, 31.483521484169064 ], [ 118.534512618104785, 31.483532844300388 ] ] ] } },
{ "type": "Feature", "properties": { "area_m2": 8100.0000000366708, "area_km2": 0.0081000000000366716, "relative_position": "后方", "distance_m": 3793.226040239686, "elevation": 90.8 }, "geometry": { "type": "Polygon", "coordinates": [ [ [ 118.531670963805865, 31.483566882665169 ], [ 118.531684191627505, 31.484378620576702 ], [ 118.532631418434534, 31.484367281101211 ], [ 118.532618182440387, 31.483555543548455 ], [ 118.531670963805865, 31.483566882665169 ] ] ] } },
{ "type": "Feature", "properties": { "area_m2": 8100.0000000785803, "area_km2": 0.0081000000000785808, "relative_position": "后方", "distance_m": 3809.5104256376576, "elevation": 96.2 }, "geometry": { "type": "Polygon", "coordinates": [ [ [ 118.530723744636973, 31.483578214776969 ], [ 118.530736964285978, 31.484389953047081 ], [ 118.531684191627505, 31.484378620576702 ], [ 118.531670963805865, 31.483566882665169 ], [ 118.530723744636973, 31.483578214776969 ] ] ] } },
{ "type": "Feature", "properties": { "area_m2": 8100.0000000104774, "area_km2": 0.0081000000000104773, "relative_position": "后方", "distance_m": 3827.8341675577171, "elevation": 96.0 }, "geometry": { "type": "Polygon", "coordinates": [ [ [ 118.529776524933965, 31.483589539883877 ], [ 118.529789736410379, 31.484401278512319 ], [ 118.530736964285978, 31.484389953047081 ], [ 118.530723744636973, 31.483578214776969 ], [ 118.529776524933965, 31.483589539883877 ] ] ] } },
{ "type": "Feature", "properties": { "area_m2": 8099.9999999109423, "area_km2": 0.0080999999999109423, "relative_position": "后方", "distance_m": 3667.0502956721443, "elevation": 104.6 }, "geometry": { "type": "Polygon", "coordinates": [ [ [ 118.534525870444043, 31.484344581134906 ], [ 118.534539123318723, 31.485156317861367 ], [ 118.535486356693326, 31.485144957011133 ], [ 118.535473095645784, 31.484333220644139 ], [ 118.534525870444043, 31.484344581134906 ] ] ] } },
{ "type": "Feature", "properties": { "area_m2": 8100.0000000576256, "area_km2": 0.0081000000000576253, "relative_position": "后方", "distance_m": 3677.3155062878095, "elevation": 83.4 }, "geometry": { "type": "Polygon", "coordinates": [ [ [ 118.533578644706836, 31.484355934620599 ], [ 118.533591889408669, 31.485167671706296 ], [ 118.534539123318723, 31.485156317861367 ], [ 118.534525870444043, 31.484344581134906 ], [ 118.533578644706836, 31.484355934620599 ] ] ] } },
{ "type": "Feature", "properties": { "area_m2": 8099.9999999423744, "area_km2": 0.0080999999999423738, "relative_position": "后方", "distance_m": 3689.7397721987413, "elevation": 83.2 }, "geometry": { "type": "Polygon", "coordinates": [ [ [ 118.532631418434534, 31.484367281101211 ], [ 118.532644654963491, 31.4851790185459 ], [ 118.533591889408669, 31.485167671706296 ], [ 118.533578644706836, 31.484355934620599 ], [ 118.532631418434534, 31.484367281101211 ] ] ] } },
{ "type": "Feature", "properties": { "area_m2": 8100.0000002252636, "area_km2": 0.0081000000002252638, "relative_position": "后方", "distance_m": 4211.3127582110619, "elevation": 91.0 }, "geometry": { "type": "Polygon", "coordinates": [ [ [ 118.522172457525883, 31.482056405262203 ], [ 118.522185602558551, 31.482868146965391 ], [ 118.523132818349978, 31.482856878254843 ], [ 118.523119665145231, 31.482045136908219 ], [ 118.522172457525883, 31.482056405262203 ] ] ] } },
{ "type": "Feature", "properties": { "area_m2": 8099.9999999371357, "area_km2": 0.0080999999999371349, "relative_position": "后方", "distance_m": 3935.9121588740613, "elevation": 109.0 }, "geometry": { "type": "Polygon", "coordinates": [ [ [ 118.528816101926864, 31.482789118891251 ], [ 118.528829304697197, 31.483600857985845 ], [ 118.529776524933965, 31.483589539883877 ], [ 118.52976331399131, 31.482777801147396 ], [ 118.528816101926864, 31.482789118891251 ] ] ] } },
{ "type": "Feature", "properties": { "area_m2": 8100.0000000209548, "area_km2": 0.008100000000020955, "relative_position": "后方", "distance_m": 3957.7297783985523, "elevation": 150.6 }, "geometry": { "type": "Polygon", "coordinates": [ [ [ 118.527868889328957, 31.482800429630391 ], [ 118.527882083926997, 31.483612169082882 ], [ 118.528829304697197, 31.483600857985845 ], [ 118.528816101926864, 31.482789118891251 ], [ 118.527868889328957, 31.482800429630391 ] ] ] } },
{ "type": "Feature", "properties": { "area_m2": 8099.9999999109423, "area_km2": 0.0080999999999109423, "relative_position": "后方", "distance_m": 3981.4550561686574, "elevation": 193.0 }, "geometry": { "type": "Polygon", "coordinates": [ [ [ 118.526921676198, 31.482811733364795 ], [ 118.526934862623719, 31.483623473174962 ], [ 118.527882083926997, 31.483612169082882 ], [ 118.527868889328957, 31.482800429630391 ], [ 118.526921676198, 31.482811733364795 ] ] ] } },
{ "type": "Feature", "properties": { "area_m2": 8099.9999999947613, "area_km2": 0.0080999999999947607, "relative_position": "后方", "distance_m": 4007.0541092301037, "elevation": 218.4 }, "geometry": { "type": "Polygon", "coordinates": [ [ [ 118.525974462534293, 31.482823030094465 ], [ 118.525987640787662, 31.483634770262075 ], [ 118.526934862623719, 31.483623473174962 ], [ 118.526921676198, 31.482811733364795 ], [ 118.525974462534293, 31.482823030094465 ] ] ] } },
{ "type": "Feature", "properties": { "area_m2": 8099.9999999423744, "area_km2": 0.0080999999999423738, "relative_position": "后方", "distance_m": 4034.4912720540765, "elevation": 213.8 }, "geometry": { "type": "Polygon", "coordinates": [ [ [ 118.525027248338176, 31.482834319819371 ], [ 118.525040418419152, 31.483646060344217 ], [ 118.525987640787662, 31.483634770262075 ], [ 118.525974462534293, 31.482823030094465 ], [ 118.525027248338176, 31.482834319819371 ] ] ] } },
{ "type": "Feature", "properties": { "area_m2": 8100.0000001100125, "area_km2": 0.0081000000001100123, "relative_position": "后方", "distance_m": 4063.7293155054763, "elevation": 182.4 }, "geometry": { "type": "Polygon", "coordinates": [ [ [ 118.524080033609948, 31.482845602539491 ], [ 118.524093195518532, 31.483657343421349 ], [ 118.525040418419152, 31.483646060344217 ], [ 118.525027248338176, 31.482834319819371 ], [ 118.524080033609948, 31.482845602539491 ] ] ] } },
{ "type": "Feature", "properties": { "area_m2": 8099.9999999057036, "area_km2": 0.0080999999999057035, "relative_position": "后方", "distance_m": 4094.7296645818192, "elevation": 144.6 }, "geometry": { "type": "Polygon", "coordinates": [ [ [ 118.523132818349978, 31.482856878254843 ], [ 118.523145972086127, 31.483668619493482 ], [ 118.524093195518532, 31.483657343421349 ], [ 118.524080033609948, 31.482845602539491 ], [ 118.523132818349978, 31.482856878254843 ] ] ] } },
{ "type": "Feature", "properties": { "area_m2": 8099.9999999476131, "area_km2": 0.0080999999999476126, "relative_position": "后方", "distance_m": 4127.4526125239981, "elevation": 102.6 }, "geometry": { "type": "Polygon", "coordinates": [ [ [ 118.522185602558551, 31.482868146965391 ], [ 118.522198748122307, 31.483679888560594 ], [ 118.523145972086127, 31.483668619493482 ], [ 118.523132818349978, 31.482856878254843 ], [ 118.522185602558551, 31.482868146965391 ] ] ] } },
{ "type": "Feature", "properties": { "area_m2": 8100.0000000419095, "area_km2": 0.0081000000000419087, "relative_position": "后方", "distance_m": 3848.1681358372625, "elevation": 115.8 }, "geometry": { "type": "Polygon", "coordinates": [ [ [ 118.528829304697197, 31.483600857985845 ], [ 118.528842508001006, 31.484412596972415 ], [ 118.529789736410379, 31.484401278512319 ], [ 118.529776524933965, 31.483589539883877 ], [ 118.528829304697197, 31.483600857985845 ] ] ] } },
{ "type": "Feature", "properties": { "area_m2": 8100.0000000628643, "area_km2": 0.0081000000000628642, "relative_position": "后方", "distance_m": 3870.4806498171683, "elevation": 154.4 }, "geometry": { "type": "Polygon", "coordinates": [ [ [ 118.527882083926997, 31.483612169082882 ], [ 118.527895279058157, 31.484423908427345 ], [ 118.528842508001006, 31.484412596972415 ], [ 118.528829304697197, 31.483600857985845 ], [ 118.527882083926997, 31.483612169082882 ] ] ] } },
{ "type": "Feature", "properties": { "area_m2": 8099.9999999685679, "area_km2": 0.0080999999999685681, "relative_position": "后方", "distance_m": 3894.7377070384309, "elevation": 195.0 }, "geometry": { "type": "Polygon", "coordinates": [ [ [ 118.526934862623719, 31.483623473174962 ], [ 118.526948049582202, 31.484435212877113 ], [ 118.527895279058157, 31.484423908427345 ], [ 118.527882083926997, 31.483612169082882 ], [ 118.526934862623719, 31.483623473174962 ] ] ] } },
{ "type": "Feature", "properties": { "area_m2": 8100.0000001257285, "area_km2": 0.0081000000001257288, "relative_position": "后方", "distance_m": 3920.9032193125913, "elevation": 221.6 }, "geometry": { "type": "Polygon", "coordinates": [ [ [ 118.525987640787662, 31.483634770262075 ], [ 118.52600081957344, 31.484446510321682 ], [ 118.526948049582202, 31.484435212877113 ], [ 118.526934862623719, 31.483623473174962 ], [ 118.525987640787662, 31.483634770262075 ] ] ] } },
{ "type": "Feature", "properties": { "area_m2": 8099.9999999842839, "area_km2": 0.0080999999999842847, "relative_position": "后方", "distance_m": 3948.9392527397722, "elevation": 216.8 }, "geometry": { "type": "Polygon", "coordinates": [ [ [ 118.525040418419152, 31.483646060344217 ], [ 118.525053589032254, 31.484457800761056 ], [ 118.52600081957344, 31.484446510321682 ], [ 118.525987640787662, 31.483634770262075 ], [ 118.525040418419152, 31.483646060344217 ] ] ] } },
{ "type": "Feature", "properties": { "area_m2": 8100.0000002043089, "area_km2": 0.0081000000002043084, "relative_position": "后方", "distance_m": 3978.8062684577776, "elevation": 178.8 }, "geometry": { "type": "Polygon", "coordinates": [ [ [ 118.524093195518532, 31.483657343421349 ], [ 118.5241063579589, 31.484469084195197 ], [ 118.525053589032254, 31.484457800761056 ], [ 118.525040418419152, 31.483646060344217 ], [ 118.524093195518532, 31.483657343421349 ] ] ] } },
{ "type": "Feature", "properties": { "area_m2": 8099.9999999685679, "area_km2": 0.0080999999999685681, "relative_position": "后方", "distance_m": 4010.4633611272434, "elevation": 134.6 }, "geometry": { "type": "Polygon", "coordinates": [ [ [ 118.523145972086127, 31.483668619493482 ], [ 118.523159126353775, 31.484480360624119 ], [ 118.5241063579589, 31.484469084195197 ], [ 118.524093195518532, 31.483657343421349 ], [ 118.523145972086127, 31.483668619493482 ] ] ] } },
{ "type": "Feature", "properties": { "area_m2": 8099.9999999528518, "area_km2": 0.0080999999999528515, "relative_position": "后方", "distance_m": 4043.8684924605723, "elevation": 95.2 }, "geometry": { "type": "Polygon", "coordinates": [ [ [ 118.522198748122307, 31.483679888560594 ], [ 118.522211894217165, 31.484491630047806 ], [ 118.523159126353775, 31.484480360624119 ], [ 118.523145972086127, 31.483668619493482 ], [ 118.522198748122307, 31.483679888560594 ] ] ] } },
{ "type": "Feature", "properties": { "area_m2": 8099.9999998795101, "area_km2": 0.0080999999998795109, "relative_position": "后方", "distance_m": 3760.5436883912994, "elevation": 120.8 }, "geometry": { "type": "Polygon", "coordinates": [ [ [ 118.528842508001006, 31.484412596972415 ], [ 118.528855711838219, 31.485224335850955 ], [ 118.529802948420581, 31.485213017032727 ], [ 118.529789736410379, 31.484401278512319 ], [ 118.528842508001006, 31.484412596972415 ] ] ] } },
{ "type": "Feature", "properties": { "area_m2": 8099.9999998795101, "area_km2": 0.0080999999998795109, "relative_position": "后方", "distance_m": 3783.3732672105352, "elevation": 154.2 }, "geometry": { "type": "Polygon", "coordinates": [ [ [ 118.527895279058157, 31.484423908427345 ], [ 118.527908474722423, 31.485235647663792 ], [ 118.528855711838219, 31.485224335850955 ], [ 118.528842508001006, 31.484412596972415 ], [ 118.527895279058157, 31.484423908427345 ] ] ] } },
{ "type": "Feature", "properties": { "area_m2": 8099.9999999947613, "area_km2": 0.0080999999999947607, "relative_position": "后方", "distance_m": 3808.1854748555875, "elevation": 192.0 }, "geometry": { "type": "Polygon", "coordinates": [ [ [ 118.526948049582202, 31.484435212877113 ], [ 118.526961237073451, 31.485246952471233 ], [ 118.527908474722423, 31.485235647663792 ], [ 118.527895279058157, 31.484423908427345 ], [ 118.526948049582202, 31.484435212877113 ] ] ] } },
{ "type": "Feature", "properties": { "area_m2": 8099.9999999790452, "area_km2": 0.0080999999999790458, "relative_position": "后方", "distance_m": 5470.4890932915887, "elevation": 189.6 }, "geometry": { "type": "Polygon", "coordinates": [ [ [ 118.542784462391637, 31.468007392166403 ], [ 118.542797778056851, 31.468819127811837 ], [ 118.543744843206881, 31.468807711142382 ], [ 118.543731519375569, 31.467995975858265 ], [ 118.542784462391637, 31.468007392166403 ] ] ] } },
{ "type": "Feature", "properties": { "area_m2": 8099.999999916181, "area_km2": 0.0080999999999161812, "relative_position": "后方", "distance_m": 5464.0968716708894, "elevation": 215.2 }, "geometry": { "type": "Polygon", "coordinates": [ [ [ 118.541837404869668, 31.468018801473999 ], [ 118.541850712368827, 31.468830537480557 ], [ 118.542797778056851, 31.468819127811837 ], [ 118.542784462391637, 31.468007392166403 ], [ 118.541837404869668, 31.468018801473999 ] ] ] } },
{ "type": "Feature", "properties": { "area_m2": 8100.000000083819, "area_km2": 0.0081000000000838197, "relative_position": "后方", "distance_m": 5380.5076409015483, "elevation": 161.8 }, "geometry": { "type": "Polygon", "coordinates": [ [ [ 118.542797778056851, 31.468819127811837 ], [ 118.542811094260145, 31.469630863349199 ], [ 118.543758167576556, 31.469619446318411 ], [ 118.543744843206881, 31.468807711142382 ], [ 118.542797778056851, 31.468819127811837 ] ] ] } },
{ "type": "Feature", "properties": { "area_m2": 8099.9999998637941, "area_km2": 0.0080999999998637943, "relative_position": "后方", "distance_m": 5374.0085683837906, "elevation": 186.0 }, "geometry": { "type": "Polygon", "coordinates": [ [ [ 118.541850712368827, 31.468830537480557 ], [ 118.541864020405669, 31.469642273379037 ], [ 118.542811094260145, 31.469630863349199 ], [ 118.542797778056851, 31.468819127811837 ], [ 118.541850712368827, 31.468830537480557 ] ] ] } },
{ "type": "Feature", "properties": { "area_m2": 8099.9999999476131, "area_km2": 0.0080999999999476126, "relative_position": "后方", "distance_m": 5290.5360230531323, "elevation": 137.8 }, "geometry": { "type": "Polygon", "coordinates": [ [ [ 118.542811094260145, 31.469630863349199 ], [ 118.542824411001462, 31.470442598778469 ], [ 118.543771492484595, 31.470431181386335 ], [ 118.543758167576556, 31.469619446318411 ], [ 118.542811094260145, 31.469630863349199 ] ] ] } },
{ "type": "Feature", "properties": { "area_m2": 8099.9999999895226, "area_km2": 0.0080999999999895218, "relative_position": "后方", "distance_m": 5283.9264710911339, "elevation": 164.2 }, "geometry": { "type": "Polygon", "coordinates": [ [ [ 118.541864020405669, 31.469642273379037 ], [ 118.541877328980235, 31.470454009169423 ], [ 118.542824411001462, 31.470442598778469 ], [ 118.542811094260145, 31.469630863349199 ], [ 118.541864020405669, 31.469642273379037 ] ] ] } },
{ "type": "Feature", "properties": { "area_m2": 8100.0000000052387, "area_km2": 0.0081000000000052384, "relative_position": "后方", "distance_m": 5200.5747495714622, "elevation": 118.6 }, "geometry": { "type": "Polygon", "coordinates": [ [ [ 118.542824411001462, 31.470442598778469 ], [ 118.542837728280873, 31.471254334099655 ], [ 118.543784817931069, 31.471242916346171 ], [ 118.543771492484595, 31.470431181386335 ], [ 118.542824411001462, 31.470442598778469 ] ] ] } },
{ "type": "Feature", "properties": { "area_m2": 8100.0000000104774, "area_km2": 0.0081000000000104773, "relative_position": "后方", "distance_m": 5193.8509021044993, "elevation": 152.8 }, "geometry": { "type": "Polygon", "coordinates": [ [ [ 118.541877328980235, 31.470454009169423 ], [ 118.541890638092568, 31.471265744851724 ], [ 118.542837728280873, 31.471254334099655 ], [ 118.542824411001462, 31.470442598778469 ], [ 118.541877328980235, 31.470454009169423 ] ] ] } },
{ "type": "Feature", "properties": { "area_m2": 8100.0000000052387, "area_km2": 0.0081000000000052384, "relative_position": "后方", "distance_m": 5110.6243661181225, "elevation": 115.2 }, "geometry": { "type": "Polygon", "coordinates": [ [ [ 118.542837728280873, 31.471254334099655 ], [ 118.542851046098349, 31.472066069312742 ], [ 118.543798143915964, 31.472054651197912 ], [ 118.543784817931069, 31.471242916346171 ], [ 118.542837728280873, 31.471254334099655 ] ] ] } },
{ "type": "Feature", "properties": { "area_m2": 8099.9999999790452, "area_km2": 0.0080999999999790458, "relative_position": "后方", "distance_m": 5103.7822064662068, "elevation": 150.0 }, "geometry": { "type": "Polygon", "coordinates": [ [ [ 118.541890638092568, 31.471265744851724 ], [ 118.541903947742654, 31.472077480425948 ], [ 118.542851046098349, 31.472066069312742 ], [ 118.542837728280873, 31.471254334099655 ], [ 118.541890638092568, 31.471265744851724 ] ] ] } },
{ "type": "Feature", "properties": { "area_m2": 8100.0000001047738, "area_km2": 0.0081000000001047734, "relative_position": "后方", "distance_m": 5365.5004810439241, "elevation": 226.0 }, "geometry": { "type": "Polygon", "coordinates": [ [ [ 118.539956579379933, 31.468853335815702 ], [ 118.539969871083883, 31.469665072435728 ], [ 118.540916946013482, 31.46965367640788 ], [ 118.54090364614305, 31.468841940148508 ], [ 118.539956579379933, 31.468853335815702 ] ] ] } },
{ "type": "Feature", "properties": { "area_m2": 8099.999999916181, "area_km2": 0.0080999999999161812, "relative_position": "后方", "distance_m": 5278.837483663935, "elevation": 199.2 }, "geometry": { "type": "Polygon", "coordinates": [ [ [ 118.540916946013482, 31.46965367640788 ], [ 118.540930246421283, 31.470465412559172 ], [ 118.541877328980235, 31.470454009169423 ], [ 118.541864020405669, 31.469642273379037 ], [ 118.540916946013482, 31.46965367640788 ] ] ] } },
{ "type": "Feature", "properties": { "area_m2": 8099.9999999738066, "area_km2": 0.008099999999973807, "relative_position": "后方", "distance_m": 5275.2734628630578, "elevation": 225.4 }, "geometry": { "type": "Polygon", "coordinates": [ [ [ 118.539969871083883, 31.469665072435728 ], [ 118.539983163324905, 31.470476808947698 ], [ 118.540930246421283, 31.470465412559172 ], [ 118.540916946013482, 31.46965367640788 ], [ 118.539969871083883, 31.469665072435728 ] ] ] } },
{ "type": "Feature", "properties": { "area_m2": 8100.0000000419095, "area_km2": 0.0081000000000419087, "relative_position": "后方", "distance_m": 5188.6737558972509, "elevation": 195.2 }, "geometry": { "type": "Polygon", "coordinates": [ [ [ 118.540930246421283, 31.470465412559172 ], [ 118.54094354736651, 31.471277148602379 ], [ 118.541890638092568, 31.471265744851724 ], [ 118.541877328980235, 31.470454009169423 ], [ 118.540930246421283, 31.470465412559172 ] ] ] } },
{ "type": "Feature", "properties": { "area_m2": 8100.0000000785803, "area_km2": 0.0081000000000785808, "relative_position": "后方", "distance_m": 5185.0479454954802, "elevation": 216.8 }, "geometry": { "type": "Polygon", "coordinates": [ [ [ 118.539983163324905, 31.470476808947698 ], [ 118.539996456103012, 31.47128854535158 ], [ 118.54094354736651, 31.471277148602379 ], [ 118.540930246421283, 31.470465412559172 ], [ 118.539983163324905, 31.470476808947698 ] ] ] } },
{ "type": "Feature", "properties": { "area_m2": 8100.0000000471482, "area_km2": 0.0081000000000471476, "relative_position": "后方", "distance_m": 5098.5137925696608, "elevation": 179.8 }, "geometry": { "type": "Polygon", "coordinates": [ [ [ 118.54094354736651, 31.471277148602379 ], [ 118.540956848849149, 31.472088884537506 ], [ 118.541903947742654, 31.472077480425948 ], [ 118.541890638092568, 31.471265744851724 ], [ 118.54094354736651, 31.471277148602379 ] ] ] } },
{ "type": "Feature", "properties": { "area_m2": 8099.9999999633292, "area_km2": 0.0080999999999633292, "relative_position": "后方", "distance_m": 5094.824008066129, "elevation": 203.8 }, "geometry": { "type": "Polygon", "coordinates": [ [ [ 118.539996456103012, 31.47128854535158 ], [ 118.540009749418218, 31.472100281647407 ], [ 118.540956848849149, 31.472088884537506 ], [ 118.54094354736651, 31.471277148602379 ], [ 118.539996456103012, 31.47128854535158 ] ] ] } },
{ "type": "Feature", "properties": { "area_m2": 8100.0000000209548, "area_km2": 0.008100000000020955, "relative_position": "后方", "distance_m": 5008.3577963611451, "elevation": 160.8 }, "geometry": { "type": "Polygon", "coordinates": [ [ [ 118.540956848849149, 31.472088884537506 ], [ 118.540970150869256, 31.472900620364548 ], [ 118.541917257930521, 31.472889215892078 ], [ 118.541903947742654, 31.472077480425948 ], [ 118.540956848849149, 31.472088884537506 ] ] ] } },
{ "type": "Feature", "properties": { "area_m2": 8099.9999998533167, "area_km2": 0.0080999999998533165, "relative_position": "后方", "distance_m": 5004.6017354082778, "elevation": 180.6 }, "geometry": { "type": "Polygon", "coordinates": [ [ [ 118.540009749418218, 31.472100281647407 ], [ 118.540023043270551, 31.472912017835146 ], [ 118.540970150869256, 31.472900620364548 ], [ 118.540956848849149, 31.472088884537506 ], [ 118.540009749418218, 31.472100281647407 ] ] ] } },
{ "type": "Feature", "properties": { "area_m2": 8100.0000001204899, "area_km2": 0.00810000000012049, "relative_position": "后方", "distance_m": 4918.2059848079134, "elevation": 132.4 }, "geometry": { "type": "Polygon", "coordinates": [ [ [ 118.540970150869256, 31.472900620364548 ], [ 118.540983453426847, 31.473712356083521 ], [ 118.541930568656184, 31.473700951250116 ], [ 118.541917257930521, 31.472889215892078 ], [ 118.540970150869256, 31.472900620364548 ] ] ] } },
{ "type": "Feature", "properties": { "area_m2": 8099.9999999842839, "area_km2": 0.0080999999999842847, "relative_position": "后方", "distance_m": 5092.1925916664559, "elevation": 200.2 }, "geometry": { "type": "Polygon", "coordinates": [ [ [ 118.538102271965045, 31.471311317845636 ], [ 118.538115548945299, 31.47212305486217 ], [ 118.539062649450145, 31.472111671755631 ], [ 118.539049364302429, 31.471299935099339 ], [ 118.538102271965045, 31.471311317845636 ] ] ] } },
{ "type": "Feature", "properties": { "area_m2": 8100.0000000733417, "area_km2": 0.0081000000000733419, "relative_position": "后方", "distance_m": 5002.4561922745252, "elevation": 190.2 }, "geometry": { "type": "Polygon", "coordinates": [ [ [ 118.539062649450145, 31.472111671755631 ], [ 118.53907593513469, 31.472923408303849 ], [ 118.540023043270551, 31.472912017835146 ], [ 118.540009749418218, 31.472100281647407 ], [ 118.539062649450145, 31.472111671755631 ] ] ] } },
{ "type": "Feature", "properties": { "area_m2": 8100.0000001100125, "area_km2": 0.0081000000001100123, "relative_position": "后方", "distance_m": 5001.9232409896067, "elevation": 195.2 }, "geometry": { "type": "Polygon", "coordinates": [ [ [ 118.538115548945299, 31.47212305486217 ], [ 118.538128826462, 31.472934791770633 ], [ 118.53907593513469, 31.472923408303849 ], [ 118.539062649450145, 31.472111671755631 ], [ 118.538115548945299, 31.47212305486217 ] ] ] } },
{ "type": "Feature", "properties": { "area_m2": 8099.9999999842839, "area_km2": 0.0080999999999842847, "relative_position": "后方", "distance_m": 4912.1964663475301, "elevation": 174.2 }, "geometry": { "type": "Polygon", "coordinates": [ [ [ 118.53907593513469, 31.472923408303849 ], [ 118.539089221356008, 31.473735144743991 ], [ 118.540036337659998, 31.473723753914818 ], [ 118.540023043270551, 31.472912017835146 ], [ 118.53907593513469, 31.472923408303849 ] ] ] } },
{ "type": "Feature", "properties": { "area_m2": 8099.9999999947613, "area_km2": 0.0080999999999947607, "relative_position": "后方", "distance_m": 4911.653918193455, "elevation": 183.2 }, "geometry": { "type": "Polygon", "coordinates": [ [ [ 118.538128826462, 31.472934791770633 ], [ 118.538142104515202, 31.473746528571038 ], [ 118.539089221356008, 31.473735144743991 ], [ 118.53907593513469, 31.472923408303849 ], [ 118.538128826462, 31.472934791770633 ] ] ] } },
{ "type": "Feature", "properties": { "area_m2": 8099.9999999057036, "area_km2": 0.0080999999999057035, "relative_position": "后方", "distance_m": 4821.9371279681563, "elevation": 148.6 }, "geometry": { "type": "Polygon", "coordinates": [ [ [ 118.539089221356008, 31.473735144743991 ], [ 118.539102508114183, 31.474546881076048 ], [ 118.54004963258663, 31.474535489886385 ], [ 118.540036337659998, 31.473723753914818 ], [ 118.539089221356008, 31.473735144743991 ] ] ] } },
{ "type": "Feature", "properties": { "area_m2": 8099.9999999004649, "area_km2": 0.0080999999999004646, "relative_position": "后方", "distance_m": 4821.3846242003574, "elevation": 166.2 }, "geometry": { "type": "Polygon", "coordinates": [ [ [ 118.538142104515202, 31.473746528571038 ], [ 118.538155383104893, 31.474558265263365 ], [ 118.539102508114183, 31.474546881076048 ], [ 118.539089221356008, 31.473735144743991 ], [ 118.538142104515202, 31.473746528571038 ] ] ] } },
{ "type": "Feature", "properties": { "area_m2": 8099.9999998690328, "area_km2": 0.0080999999998690331, "relative_position": "后方", "distance_m": 4731.678198656612, "elevation": 125.4 }, "geometry": { "type": "Polygon", "coordinates": [ [ [ 118.539102508114183, 31.474546881076048 ], [ 118.539115795409217, 31.475358617300046 ], [ 118.540062928050432, 31.475347225749886 ], [ 118.54004963258663, 31.474535489886385 ], [ 118.539102508114183, 31.474546881076048 ] ] ] } },
{ "type": "Feature", "properties": { "area_m2": 8099.9999999214197, "area_km2": 0.0080999999999214201, "relative_position": "后方", "distance_m": 4731.115360003455, "elevation": 141.4 }, "geometry": { "type": "Polygon", "coordinates": [ [ [ 118.538155383104893, 31.474558265263365 ], [ 118.538168662231115, 31.475370001847629 ], [ 118.539115795409217, 31.475358617300046 ], [ 118.539102508114183, 31.474546881076048 ], [ 118.538155383104893, 31.474558265263365 ] ] ] } },
{ "type": "Feature", "properties": { "area_m2": 8099.9999999371357, "area_km2": 0.0080999999999371349, "relative_position": "后方", "distance_m": 4641.4197016106718, "elevation": 95.6 }, "geometry": { "type": "Polygon", "coordinates": [ [ [ 118.539115795409217, 31.475358617300046 ], [ 118.539129083241093, 31.476170353415963 ], [ 118.540076224051447, 31.476158961505313 ], [ 118.540062928050432, 31.475347225749886 ], [ 118.539115795409217, 31.475358617300046 ] ] ] } },
{ "type": "Feature", "properties": { "area_m2": 8100.0000000471482, "area_km2": 0.0081000000000471476, "relative_position": "后方", "distance_m": 5020.685457392573, "elevation": 107.4 }, "geometry": { "type": "Polygon", "coordinates": [ [ [ 118.542851046098349, 31.472066069312742 ], [ 118.542864364453962, 31.472877804417738 ], [ 118.543811470439294, 31.472866385941543 ], [ 118.543798143915964, 31.472054651197912 ], [ 118.542851046098349, 31.472066069312742 ] ] ] } },
{ "type": "Feature", "properties": { "area_m2": 8099.999999916181, "area_km2": 0.0080999999999161812, "relative_position": "后方", "distance_m": 5013.7207539850579, "elevation": 131.6 }, "geometry": { "type": "Polygon", "coordinates": [ [ [ 118.541903947742654, 31.472077480425948 ], [ 118.541917257930521, 31.472889215892078 ], [ 118.542864364453962, 31.472877804417738 ], [ 118.542851046098349, 31.472066069312742 ], [ 118.541903947742654, 31.472077480425948 ] ] ] } },
{ "type": "Feature", "properties": { "area_m2": 8099.9999999423744, "area_km2": 0.0080999999999423738, "relative_position": "后方", "distance_m": 4930.7586506770576, "elevation": 86.2 }, "geometry": { "type": "Polygon", "coordinates": [ [ [ 118.542864364453962, 31.472877804417738 ], [ 118.542877683347697, 31.473689539414632 ], [ 118.543824797501074, 31.47367812057707 ], [ 118.543811470439294, 31.472866385941543 ], [ 118.542864364453962, 31.472877804417738 ] ] ] } },
{ "type": "Feature", "properties": { "area_m2": 8099.9999999685679, "area_km2": 0.0080999999999685681, "relative_position": "后方", "distance_m": 4923.6669414974695, "elevation": 103.0 }, "geometry": { "type": "Polygon", "coordinates": [ [ [ 118.541917257930521, 31.472889215892078 ], [ 118.541930568656184, 31.473700951250116 ], [ 118.542877683347697, 31.473689539414632 ], [ 118.542864364453962, 31.472877804417738 ], [ 118.541917257930521, 31.472889215892078 ] ] ] } },
{ "type": "Feature", "properties": { "area_m2": 8100.0000000628643, "area_km2": 0.0081000000000628642, "relative_position": "后方", "distance_m": 4383.5308322601459, "elevation": 84.0 }, "geometry": { "type": "Polygon", "coordinates": [ [ [ 118.541997130352172, 31.477759626418901 ], [ 118.542010444305049, 31.47857136112837 ], [ 118.542957608011918, 31.478559947125898 ], [ 118.542944285889007, 31.477748212777616 ], [ 118.541997130352172, 31.477759626418901 ] ] ] } },
{ "type": "Feature", "properties": { "area_m2": 8099.9999998009298, "area_km2": 0.0080999999998009296, "relative_position": "后方", "distance_m": 4293.5444894805232, "elevation": 90.0 }, "geometry": { "type": "Polygon", "coordinates": [ [ [ 118.542010444305049, 31.47857136112837 ], [ 118.542023758795864, 31.479383095729734 ], [ 118.542970930673093, 31.479371681366075 ], [ 118.542957608011918, 31.478559947125898 ], [ 118.542010444305049, 31.47857136112837 ] ] ] } },
{ "type": "Feature", "properties": { "area_m2": 8100.0000002619345, "area_km2": 0.0081000000002619341, "relative_position": "后方", "distance_m": 4211.8727794745091, "elevation": 97.8 }, "geometry": { "type": "Polygon", "coordinates": [ [ [ 118.542970930673093, 31.479371681366075 ], [ 118.542984253872561, 31.480183415498146 ], [ 118.543931433382227, 31.480171993769446 ], [ 118.543918102012071, 31.479360259998781 ], [ 118.542970930673093, 31.479371681366075 ] ] ] } },
{ "type": "Feature", "properties": { "area_m2": 8099.9999999790452, "area_km2": 0.0080999999999790458, "relative_position": "后方", "distance_m": 4203.5703066826791, "elevation": 104.0 }, "geometry": { "type": "Polygon", "coordinates": [ [ [ 118.542023758795864, 31.479383095729734 ], [ 118.542037073824616, 31.480194830223006 ], [ 118.542984253872561, 31.480183415498146 ], [ 118.542970930673093, 31.479371681366075 ], [ 118.542023758795864, 31.479383095729734 ] ] ] } },
{ "type": "Feature", "properties": { "area_m2": 8100.0000001571607, "area_km2": 0.0081000000001571603, "relative_position": "后方", "distance_m": 4122.0925108570154, "elevation": 117.2 }, "geometry": { "type": "Polygon", "coordinates": [ [ [ 118.542984253872561, 31.480183415498146 ], [ 118.542997577610336, 31.480995149522098 ], [ 118.54394476529103, 31.480983727431973 ], [ 118.543931433382227, 31.480171993769446 ], [ 118.542984253872561, 31.480183415498146 ] ] ] } },
{ "type": "Feature", "properties": { "area_m2": 8099.9999998690328, "area_km2": 0.0080999999998690331, "relative_position": "后方", "distance_m": 4113.6090810152446, "elevation": 116.4 }, "geometry": { "type": "Polygon", "coordinates": [ [ [ 118.542037073824616, 31.480194830223006 ], [ 118.542050389391363, 31.481006564608151 ], [ 118.542997577610336, 31.480995149522098 ], [ 118.542984253872561, 31.480183415498146 ], [ 118.542037073824616, 31.480194830223006 ] ] ] } },
{ "type": "Feature", "properties": { "area_m2": 8100.0000000733417, "area_km2": 0.0081000000000733419, "relative_position": "后方", "distance_m": 4914.3812185777824, "elevation": 154.4 }, "geometry": { "type": "Polygon", "coordinates": [ [ [ 118.540023043270551, 31.472912017835146 ], [ 118.540036337659998, 31.473723753914818 ], [ 118.540983453426847, 31.473712356083521 ], [ 118.540970150869256, 31.472900620364548 ], [ 118.540023043270551, 31.472912017835146 ] ] ] } },
{ "type": "Feature", "properties": { "area_m2": 8099.9999999109423, "area_km2": 0.0080999999999109423, "relative_position": "后方", "distance_m": 4828.0585916792079, "elevation": 105.4 }, "geometry": { "type": "Polygon", "coordinates": [ [ [ 118.540983453426847, 31.473712356083521 ], [ 118.540996756521906, 31.474524091694381 ], [ 118.541943879919671, 31.474512686500056 ], [ 118.541930568656184, 31.473700951250116 ], [ 118.540983453426847, 31.473712356083521 ] ] ] } },
{ "type": "Feature", "properties": { "area_m2": 8100.0000000733417, "area_km2": 0.0081000000000733419, "relative_position": "后方", "distance_m": 4824.1625554452748, "elevation": 127.2 }, "geometry": { "type": "Polygon", "coordinates": [ [ [ 118.540036337659998, 31.473723753914818 ], [ 118.54004963258663, 31.474535489886385 ], [ 118.540996756521906, 31.474524091694381 ], [ 118.540983453426847, 31.473712356083521 ], [ 118.540036337659998, 31.473723753914818 ] ] ] } },
{ "type": "Feature", "properties": { "area_m2": 8100.0000001938315, "area_km2": 0.0081000000001938324, "relative_position": "后方", "distance_m": 4737.9158685267284, "elevation": 86.2 }, "geometry": { "type": "Polygon", "coordinates": [ [ [ 118.540996756521906, 31.474524091694381 ], [ 118.541010060154477, 31.475335827197181 ], [ 118.541957191720996, 31.475324421641915 ], [ 118.541943879919671, 31.474512686500056 ], [ 118.540996756521906, 31.474524091694381 ] ] ] } },
{ "type": "Feature", "properties": { "area_m2": 8100.0000001414446, "area_km2": 0.0081000000001414454, "relative_position": "后方", "distance_m": 4733.9458513374011, "elevation": 101.2 }, "geometry": { "type": "Polygon", "coordinates": [ [ [ 118.54004963258663, 31.474535489886385 ], [ 118.540062928050432, 31.475347225749886 ], [ 118.541010060154477, 31.475335827197181 ], [ 118.540996756521906, 31.474524091694381 ], [ 118.54004963258663, 31.474535489886385 ] ] ] } },
{ "type": "Feature", "properties": { "area_m2": 8099.999999916181, "area_km2": 0.0080999999999161812, "relative_position": "后方", "distance_m": 4643.7312197613173, "elevation": 81.4 }, "geometry": { "type": "Polygon", "coordinates": [ [ [ 118.540062928050432, 31.475347225749886 ], [ 118.540076224051447, 31.476158961505313 ], [ 118.541023364324573, 31.476147562591876 ], [ 118.541010060154477, 31.475335827197181 ], [ 118.540062928050432, 31.475347225749886 ] ] ] } },
{ "type": "Feature", "properties": { "area_m2": 8099.9999999947613, "area_km2": 0.0080999999999947607, "relative_position": "后方", "distance_m": 4377.3974313423732, "elevation": 92.2 }, "geometry": { "type": "Polygon", "coordinates": [ [ [ 118.541049974277442, 31.477771033057017 ], [ 118.541063280060243, 31.478582768127428 ], [ 118.542010444305049, 31.47857136112837 ], [ 118.541997130352172, 31.477759626418901 ], [ 118.541049974277442, 31.477771033057017 ] ] ] } },
{ "type": "Feature", "properties": { "area_m2": 8100.0000000261934, "area_km2": 0.0081000000000261939, "relative_position": "后方", "distance_m": 4287.2825864062033, "elevation": 90.8 }, "geometry": { "type": "Polygon", "coordinates": [ [ [ 118.541063280060243, 31.478582768127428 ], [ 118.541076586380655, 31.479394503089754 ], [ 118.542023758795864, 31.479383095729734 ], [ 118.542010444305049, 31.47857136112837 ], [ 118.541063280060243, 31.478582768127428 ] ] ] } },
{ "type": "Feature", "properties": { "area_m2": 8100.0000000104774, "area_km2": 0.0081000000000104773, "relative_position": "后方", "distance_m": 4197.1744065637149, "elevation": 88.2 }, "geometry": { "type": "Polygon", "coordinates": [ [ [ 118.541076586380655, 31.479394503089754 ], [ 118.541089893238691, 31.480206237943989 ], [ 118.542037073824616, 31.480194830223006 ], [ 118.542023758795864, 31.479383095729734 ], [ 118.541076586380655, 31.479394503089754 ] ] ] } },
{ "type": "Feature", "properties": { "area_m2": 8099.9999999633292, "area_km2": 0.0080999999999633292, "relative_position": "后方", "distance_m": 4107.0733297493844, "elevation": 92.0 }, "geometry": { "type": "Polygon", "coordinates": [ [ [ 118.541089893238691, 31.480206237943989 ], [ 118.541103200634367, 31.481017972690111 ], [ 118.542050389391363, 31.481006564608151 ], [ 118.542037073824616, 31.480194830223006 ], [ 118.541089893238691, 31.480206237943989 ] ] ] } },
{ "type": "Feature", "properties": { "area_m2": 8099.9999999266583, "area_km2": 0.0080999999999266589, "relative_position": "后方", "distance_m": 4640.846126669534, "elevation": 115.6 }, "geometry": { "type": "Polygon", "coordinates": [ [ [ 118.538168662231115, 31.475370001847629 ], [ 118.538181941893853, 31.476181738323827 ], [ 118.539129083241093, 31.476170353415963 ], [ 118.539115795409217, 31.475358617300046 ], [ 118.538168662231115, 31.475370001847629 ] ] ] } },
{ "type": "Feature", "properties": { "area_m2": 8100.0000000942964, "area_km2": 0.0081000000000942957, "relative_position": "后方", "distance_m": 4550.5769253575545, "elevation": 91.6 }, "geometry": { "type": "Polygon", "coordinates": [ [ [ 118.538181941893853, 31.476181738323827 ], [ 118.538195222093165, 31.476993474691948 ], [ 118.53914237160987, 31.47698208942381 ], [ 118.539129083241093, 31.476170353415963 ], [ 118.538181941893853, 31.476181738323827 ] ] ] } },
{ "type": "Feature", "properties": { "area_m2": 8099.9999999842839, "area_km2": 0.0080999999999842847, "relative_position": "后方", "distance_m": 3919.3707754069396, "elevation": 95.2 }, "geometry": { "type": "Polygon", "coordinates": [ [ [ 118.539222113098248, 31.481852503201093 ], [ 118.539235405225753, 31.482664238452323 ], [ 118.540182611400908, 31.482652843657483 ], [ 118.540169311101636, 31.48184110876678 ], [ 118.539222113098248, 31.481852503201093 ] ] ] } },
{ "type": "Feature", "properties": { "area_m2": 8099.9999999057036, "area_km2": 0.0080999999999057035, "relative_position": "后方", "distance_m": 3918.6935321192968, "elevation": 98.6 }, "geometry": { "type": "Polygon", "coordinates": [ [ [ 118.538274914557817, 31.48186389063104 ], [ 118.538288198513555, 31.48267562624261 ], [ 118.539235405225753, 31.482664238452323 ], [ 118.539222113098248, 31.481852503201093 ], [ 118.538274914557817, 31.48186389063104 ] ] ] } },
{ "type": "Feature", "properties": { "area_m2": 8100.0000000628643, "area_km2": 0.0081000000000628642, "relative_position": "后方", "distance_m": 3829.1175900372928, "elevation": 121.0 }, "geometry": { "type": "Polygon", "coordinates": [ [ [ 118.539235405225753, 31.482664238452323 ], [ 118.539248697890315, 31.483475973595485 ], [ 118.540195912237579, 31.483464578440078 ], [ 118.540182611400908, 31.482652843657483 ], [ 118.539235405225753, 31.482664238452323 ] ] ] } },
{ "type": "Feature", "properties": { "area_m2": 8100.0000000628643, "area_km2": 0.0081000000000628642, "relative_position": "后方", "distance_m": 3828.4246421514545, "elevation": 116.2 }, "geometry": { "type": "Polygon", "coordinates": [ [ [ 118.538288198513555, 31.48267562624261 ], [ 118.538301483006009, 31.483487361746096 ], [ 118.539248697890315, 31.483475973595485 ], [ 118.539235405225753, 31.482664238452323 ], [ 118.538288198513555, 31.48267562624261 ] ] ] } },
{ "type": "Feature", "properties": { "area_m2": 8099.999999916181, "area_km2": 0.0080999999999161812, "relative_position": "后方", "distance_m": 3738.8652103009094, "elevation": 134.6 }, "geometry": { "type": "Polygon", "coordinates": [ [ [ 118.539248697890315, 31.483475973595485 ], [ 118.539261991091962, 31.484287708630536 ], [ 118.540209213611618, 31.484276313114577 ], [ 118.540195912237579, 31.483464578440078 ], [ 118.539248697890315, 31.483475973595485 ] ] ] } },
{ "type": "Feature", "properties": { "area_m2": 8100.0, "area_km2": 0.0081, "relative_position": "后方", "distance_m": 3738.1558002772517, "elevation": 129.0 }, "geometry": { "type": "Polygon", "coordinates": [ [ [ 118.538301483006009, 31.483487361746096 ], [ 118.538314768035207, 31.484299097141484 ], [ 118.539261991091962, 31.484287708630536 ], [ 118.539248697890315, 31.483475973595485 ], [ 118.538301483006009, 31.483487361746096 ] ] ] } },
{ "type": "Feature", "properties": { "area_m2": 8099.9999998847488, "area_km2": 0.008099999999884748, "relative_position": "后方", "distance_m": 3648.6136951317508, "elevation": 157.6 }, "geometry": { "type": "Polygon", "coordinates": [ [ [ 118.539261991091962, 31.484287708630536 ], [ 118.539275284830666, 31.485099443557488 ], [ 118.54022251552307, 31.485088047680968 ], [ 118.540209213611618, 31.484276313114577 ], [ 118.539261991091962, 31.484287708630536 ] ] ] } },
{ "type": "Feature", "properties": { "area_m2": 8100.0000000209548, "area_km2": 0.008100000000020955, "relative_position": "后方", "distance_m": 3647.8870092162529, "elevation": 146.8 }, "geometry": { "type": "Polygon", "coordinates": [ [ [ 118.538314768035207, 31.484299097141484 ], [ 118.538328053601163, 31.485110832428781 ], [ 118.539275284830666, 31.485099443557488 ], [ 118.539261991091962, 31.484287708630536 ], [ 118.538314768035207, 31.484299097141484 ] ] ] } },
{ "type": "Feature", "properties": { "area_m2": 8100.0000000995351, "area_km2": 0.0081000000000995345, "relative_position": "后方", "distance_m": 4032.3341034990622, "elevation": 114.0 }, "geometry": { "type": "Polygon", "coordinates": [ [ [ 118.542997577610336, 31.480995149522098 ], [ 118.543010901886433, 31.48180688343794 ], [ 118.543958097738454, 31.481795460986401 ], [ 118.54394476529103, 31.480983727431973 ], [ 118.542997577610336, 31.480995149522098 ] ] ] } },
{ "type": "Feature", "properties": { "area_m2": 8099.9999998271232, "area_km2": 0.008099999999827124, "relative_position": "后方", "distance_m": 4023.661680796818, "elevation": 117.6 }, "geometry": { "type": "Polygon", "coordinates": [ [ [ 118.542050389391363, 31.481006564608151 ], [ 118.542063705496076, 31.481818298885198 ], [ 118.543010901886433, 31.48180688343794 ], [ 118.542997577610336, 31.480995149522098 ], [ 118.542050389391363, 31.481006564608151 ] ] ] } },
{ "type": "Feature", "properties": { "area_m2": 8099.9999999476131, "area_km2": 0.0080999999999476126, "relative_position": "后方", "distance_m": 3942.5990497120602, "elevation": 108.0 }, "geometry": { "type": "Polygon", "coordinates": [ [ [ 118.543010901886433, 31.48180688343794 ], [ 118.543024226700879, 31.48261861724567 ], [ 118.543971430724568, 31.482607194432699 ], [ 118.543958097738454, 31.481795460986401 ], [ 118.543010901886433, 31.48180688343794 ] ] ] } },
{ "type": "Feature", "properties": { "area_m2": 8099.9999999580905, "area_km2": 0.0080999999999580904, "relative_position": "后方", "distance_m": 3933.7290536216101, "elevation": 119.6 }, "geometry": { "type": "Polygon", "coordinates": [ [ [ 118.542063705496076, 31.481818298885198 ], [ 118.542077022138827, 31.482630033054136 ], [ 118.543024226700879, 31.48261861724567 ], [ 118.543010901886433, 31.48180688343794 ], [ 118.542063705496076, 31.481818298885198 ] ] ] } },
{ "type": "Feature", "properties": { "area_m2": 8099.9999999685679, "area_km2": 0.0080999999999685681, "relative_position": "后方", "distance_m": 3852.8889804283554, "elevation": 132.6 }, "geometry": { "type": "Polygon", "coordinates": [ [ [ 118.543024226700879, 31.48261861724567 ], [ 118.543037552053661, 31.483430350945294 ], [ 118.543984764249387, 31.48341892777087 ], [ 118.543971430724568, 31.482607194432699 ], [ 118.543024226700879, 31.48261861724567 ] ] ] } },
{ "type": "Feature", "properties": { "area_m2": 8099.9999999266583, "area_km2": 0.0080999999999266589, "relative_position": "后方", "distance_m": 3843.8122356039999, "elevation": 136.2 }, "geometry": { "type": "Polygon", "coordinates": [ [ [ 118.542077022138827, 31.482630033054136 ], [ 118.542090339319586, 31.483441767114961 ], [ 118.543037552053661, 31.483430350945294 ], [ 118.543024226700879, 31.48261861724567 ], [ 118.542077022138827, 31.482630033054136 ] ] ] } },
{ "type": "Feature", "properties": { "area_m2": 8100.0000000366708, "area_km2": 0.0081000000000366716, "relative_position": "后方", "distance_m": 3763.2056816222539, "elevation": 161.6 }, "geometry": { "type": "Polygon", "coordinates": [ [ [ 118.543037552053661, 31.483430350945294 ], [ 118.54305087794485, 31.484242084536771 ], [ 118.543998098312898, 31.484230661000925 ], [ 118.543984764249387, 31.48341892777087 ], [ 118.543037552053661, 31.483430350945294 ] ] ] } },
{ "type": "Feature", "properties": { "area_m2": 8099.9999999528518, "area_km2": 0.0080999999999528515, "relative_position": "后方", "distance_m": 3753.9123619430893, "elevation": 169.8 }, "geometry": { "type": "Polygon", "coordinates": [ [ [ 118.542090339319586, 31.483441767114961 ], [ 118.542103657038396, 31.484253501067681 ], [ 118.54305087794485, 31.484242084536771 ], [ 118.543037552053661, 31.483430350945294 ], [ 118.542090339319586, 31.483441767114961 ] ] ] } },
{ "type": "Feature", "properties": { "area_m2": 8099.9999999057036, "area_km2": 0.0080999999999057035, "relative_position": "后方", "distance_m": 3673.55111311153, "elevation": 156.6 }, "geometry": { "type": "Polygon", "coordinates": [ [ [ 118.54305087794485, 31.484242084536771 ], [ 118.543064204374417, 31.485053818020148 ], [ 118.544011432915127, 31.485042394122836 ], [ 118.543998098312898, 31.484230661000925 ], [ 118.54305087794485, 31.484242084536771 ] ] ] } },
{ "type": "Feature", "properties": { "area_m2": 8099.9999998795101, "area_km2": 0.0080999999998795109, "relative_position": "后方", "distance_m": 3664.0306790208192, "elevation": 173.6 }, "geometry": { "type": "Polygon", "coordinates": [ [ [ 118.542103657038396, 31.484253501067681 ], [ 118.542116975295286, 31.48506523491228 ], [ 118.543064204374417, 31.485053818020148 ], [ 118.54305087794485, 31.484242084536771 ], [ 118.542103657038396, 31.484253501067681 ] ] ] } },
{ "type": "Feature", "properties": { "area_m2": 8100.000000083819, "area_km2": 0.0081000000000838197, "relative_position": "后方", "distance_m": 4016.9798331585735, "elevation": 99.4 }, "geometry": { "type": "Polygon", "coordinates": [ [ [ 118.541103200634367, 31.481017972690111 ], [ 118.541116508567711, 31.481829707328156 ], [ 118.542063705496076, 31.481818298885198 ], [ 118.542050389391363, 31.481006564608151 ], [ 118.541103200634367, 31.481017972690111 ] ] ] } },
{ "type": "Feature", "properties": { "area_m2": 8100.000000083819, "area_km2": 0.0081000000000838197, "relative_position": "后方", "distance_m": 4012.298507513045, "elevation": 81.4 }, "geometry": { "type": "Polygon", "coordinates": [ [ [ 118.540156011339704, 31.481029373767996 ], [ 118.540169311101636, 31.48184110876678 ], [ 118.541116508567711, 31.481829707328156 ], [ 118.541103200634367, 31.481017972690111 ], [ 118.540156011339704, 31.481029373767996 ] ] ] } },
{ "type": "Feature", "properties": { "area_m2": 8100.0000000261934, "area_km2": 0.0081000000000261939, "relative_position": "后方", "distance_m": 3926.894437729934, "elevation": 117.8 }, "geometry": { "type": "Polygon", "coordinates": [ [ [ 118.541116508567711, 31.481829707328156 ], [ 118.541129817038708, 31.482641441858082 ], [ 118.542077022138827, 31.482630033054136 ], [ 118.542063705496076, 31.481818298885198 ], [ 118.541116508567711, 31.481829707328156 ] ] ] } },
{ "type": "Feature", "properties": { "area_m2": 8100.0000000366708, "area_km2": 0.0081000000000366716, "relative_position": "后方", "distance_m": 3922.1058445425733, "elevation": 102.0 }, "geometry": { "type": "Polygon", "coordinates": [ [ [ 118.540169311101636, 31.48184110876678 ], [ 118.540182611400908, 31.482652843657483 ], [ 118.541129817038708, 31.482641441858082 ], [ 118.541116508567711, 31.481829707328156 ], [ 118.540169311101636, 31.48184110876678 ] ] ] } },
{ "type": "Feature", "properties": { "area_m2": 8100.0000001152512, "area_km2": 0.0081000000001152511, "relative_position": "后方", "distance_m": 3836.8177132837318, "elevation": 132.0 }, "geometry": { "type": "Polygon", "coordinates": [ [ [ 118.541129817038708, 31.482641441858082 ], [ 118.541143126047444, 31.483453176279898 ], [ 118.542090339319586, 31.483441767114961 ], [ 118.542077022138827, 31.482630033054136 ], [ 118.541129817038708, 31.482641441858082 ] ] ] } },
{ "type": "Feature", "properties": { "area_m2": 8100.0000000942964, "area_km2": 0.0081000000000942957, "relative_position": "后方", "distance_m": 3831.9168177726465, "elevation": 124.8 }, "geometry": { "type": "Polygon", "coordinates": [ [ [ 118.540182611400908, 31.482652843657483 ], [ 118.540195912237579, 31.483464578440078 ], [ 118.541143126047444, 31.483453176279898 ], [ 118.541129817038708, 31.482641441858082 ], [ 118.540182611400908, 31.482652843657483 ] ] ] } },
{ "type": "Feature", "properties": { "area_m2": 8100.0000000942964, "area_km2": 0.0081000000000942957, "relative_position": "后方", "distance_m": 3746.7502843753491, "elevation": 162.0 }, "geometry": { "type": "Polygon", "coordinates": [ [ [ 118.541143126047444, 31.483453176279898 ], [ 118.541156435593876, 31.484264910593616 ], [ 118.542103657038396, 31.484253501067681 ], [ 118.542090339319586, 31.483441767114961 ], [ 118.541143126047444, 31.483453176279898 ] ] ] } },
{ "type": "Feature", "properties": { "area_m2": 8100.0000000576256, "area_km2": 0.0081000000000576253, "relative_position": "后方", "distance_m": 3741.731689310639, "elevation": 147.6 }, "geometry": { "type": "Polygon", "coordinates": [ [ [ 118.540195912237579, 31.483464578440078 ], [ 118.540209213611618, 31.484276313114577 ], [ 118.541156435593876, 31.484264910593616 ], [ 118.541143126047444, 31.483453176279898 ], [ 118.540195912237579, 31.483464578440078 ] ] ] } },
{ "type": "Feature", "properties": { "area_m2": 8099.999999916181, "area_km2": 0.0080999999999161812, "relative_position": "后方", "distance_m": 3656.6928370261858, "elevation": 183.6 }, "geometry": { "type": "Polygon", "coordinates": [ [ [ 118.541156435593876, 31.484264910593616 ], [ 118.541169745678062, 31.485076644799214 ], [ 118.542116975295286, 31.48506523491228 ], [ 118.542103657038396, 31.484253501067681 ], [ 118.541156435593876, 31.484264910593616 ] ] ] } },
{ "type": "Feature", "properties": { "area_m2": 8100.0, "area_km2": 0.0081, "relative_position": "后方", "distance_m": 3651.550747144041, "elevation": 174.6 }, "geometry": { "type": "Polygon", "coordinates": [ [ [ 118.540209213611618, 31.484276313114577 ], [ 118.54022251552307, 31.485088047680968 ], [ 118.541169745678062, 31.485076644799214 ], [ 118.541156435593876, 31.484264910593616 ], [ 118.540209213611618, 31.484276313114577 ] ] ] } },
{ "type": "Feature", "properties": { "area_m2": 8100.0000000419095, "area_km2": 0.0081000000000419087, "relative_position": "后方", "distance_m": 3739.6046889283207, "elevation": 121.4 }, "geometry": { "type": "Polygon", "coordinates": [ [ [ 118.537354267584973, 31.4834987428919 ], [ 118.537367544441707, 31.484310478647405 ], [ 118.538314768035207, 31.484299097141484 ], [ 118.538301483006009, 31.483487361746096 ], [ 118.537354267584973, 31.4834987428919 ] ] ] } },
{ "type": "Feature", "properties": { "area_m2": 8099.9999999109423, "area_km2": 0.0080999999999109423, "relative_position": "后方", "distance_m": 3743.2093720962025, "elevation": 105.6 }, "geometry": { "type": "Polygon", "coordinates": [ [ [ 118.536407051627549, 31.4835101170329 ], [ 118.536420320311805, 31.484321853148298 ], [ 118.537367544441707, 31.484310478647405 ], [ 118.537354267584973, 31.4834987428919 ], [ 118.536407051627549, 31.4835101170329 ] ] ] } },
{ "type": "Feature", "properties": { "area_m2": 8100.0000000523869, "area_km2": 0.0081000000000523865, "relative_position": "后方", "distance_m": 3748.9636333817652, "elevation": 91.8 }, "geometry": { "type": "Polygon", "coordinates": [ [ [ 118.535459835134034, 31.483521484169064 ], [ 118.535473095645784, 31.484333220644139 ], [ 118.536420320311805, 31.484321853148298 ], [ 118.536407051627549, 31.4835101170329 ], [ 118.535459835134034, 31.483521484169064 ] ] ] } },
{ "type": "Feature", "properties": { "area_m2": 8099.9999999738066, "area_km2": 0.008099999999973807, "relative_position": "后方", "distance_m": 3649.3720119657746, "elevation": 136.8 }, "geometry": { "type": "Polygon", "coordinates": [ [ [ 118.537367544441707, 31.484310478647405 ], [ 118.537380821834873, 31.485122214294819 ], [ 118.538328053601163, 31.485110832428781 ], [ 118.538314768035207, 31.484299097141484 ], [ 118.537367544441707, 31.484310478647405 ] ] ] } },
{ "type": "Feature", "properties": { "area_m2": 8099.9999998742715, "area_km2": 0.008099999999874272, "relative_position": "后方", "distance_m": 3653.0660083067355, "elevation": 118.0 }, "geometry": { "type": "Polygon", "coordinates": [ [ [ 118.536420320311805, 31.484321853148298 ], [ 118.536433589532137, 31.485133589155613 ], [ 118.537380821834873, 31.485122214294819 ], [ 118.537367544441707, 31.484310478647405 ], [ 118.536420320311805, 31.484321853148298 ] ] ] } },
{ "type": "Feature", "properties": { "area_m2": 8099.9999999580905, "area_km2": 0.0080999999999580904, "relative_position": "后方", "distance_m": 3658.9623099467412, "elevation": 108.6 }, "geometry": { "type": "Polygon", "coordinates": [ [ [ 118.535473095645784, 31.484333220644139 ], [ 118.535486356693326, 31.485144957011133 ], [ 118.536433589532137, 31.485133589155613 ], [ 118.536420320311805, 31.484321853148298 ], [ 118.535473095645784, 31.484333220644139 ] ] ] } },
{ "type": "Feature", "properties": { "area_m2": 8100.0000000995351, "area_km2": 0.0081000000000995345, "relative_position": "后方", "distance_m": 3559.1412210578728, "elevation": 161.2 }, "geometry": { "type": "Polygon", "coordinates": [ [ [ 118.537380821834873, 31.485122214294819 ], [ 118.53739409976447, 31.485933949834159 ], [ 118.538341339703862, 31.485922567607993 ], [ 118.538328053601163, 31.485110832428781 ], [ 118.537380821834873, 31.485122214294819 ] ] ] } },
{ "type": "Feature", "properties": { "area_m2": 8100.0000000890577, "area_km2": 0.0081000000000890585, "relative_position": "后方", "distance_m": 3562.9290508667368, "elevation": 139.4 }, "geometry": { "type": "Polygon", "coordinates": [ [ [ 118.536433589532137, 31.485133589155613 ], [ 118.536446859288631, 31.48594532505486 ], [ 118.53739409976447, 31.485933949834159 ], [ 118.537380821834873, 31.485122214294819 ], [ 118.536433589532137, 31.485133589155613 ] ] ] } },
{ "type": "Feature", "properties": { "area_m2": 8099.9999999947613, "area_km2": 0.0080999999999947607, "relative_position": "后方", "distance_m": 3568.9745522842245, "elevation": 126.4 }, "geometry": { "type": "Polygon", "coordinates": [ [ [ 118.535486356693326, 31.485144957011133 ], [ 118.535499618276646, 31.485956693270062 ], [ 118.536446859288631, 31.48594532505486 ], [ 118.536433589532137, 31.485133589155613 ], [ 118.535486356693326, 31.485144957011133 ] ] ] } },
{ "type": "Feature", "properties": { "area_m2": 8100.0, "area_km2": 0.0081, "relative_position": "后方", "distance_m": 3468.9124624852125, "elevation": 197.0 }, "geometry": { "type": "Polygon", "coordinates": [ [ [ 118.53739409976447, 31.485933949834159 ], [ 118.537407378230526, 31.486745685265415 ], [ 118.538354626343363, 31.486734302679114 ], [ 118.538341339703862, 31.485922567607993 ], [ 118.53739409976447, 31.485933949834159 ] ] ] } },
{ "type": "Feature", "properties": { "area_m2": 8099.9999999580905, "area_km2": 0.0080999999999580904, "relative_position": "后方", "distance_m": 3566.6461264680429, "elevation": 180.4 }, "geometry": { "type": "Polygon", "coordinates": [ [ [ 118.541169745678062, 31.485076644799214 ], [ 118.541183056299985, 31.485888378896718 ], [ 118.542130294090242, 31.485876968648764 ], [ 118.542116975295286, 31.48506523491228 ], [ 118.541169745678062, 31.485076644799214 ] ] ] } },
{ "type": "Feature", "properties": { "area_m2": 8100.0000000733417, "area_km2": 0.0081000000000733419, "relative_position": "后方", "distance_m": 3561.3743084179628, "elevation": 195.8 }, "geometry": { "type": "Polygon", "coordinates": [ [ [ 118.54022251552307, 31.485088047680968 ], [ 118.540235817971947, 31.48589978213926 ], [ 118.541183056299985, 31.485888378896718 ], [ 118.541169745678062, 31.485076644799214 ], [ 118.54022251552307, 31.485088047680968 ] ] ] } },
{ "type": "Feature", "properties": { "area_m2": 8099.9999999214197, "area_km2": 0.0080999999999214201, "relative_position": "后方", "distance_m": 3476.6109860786132, "elevation": 169.2 }, "geometry": { "type": "Polygon", "coordinates": [ [ [ 118.541183056299985, 31.485888378896718 ], [ 118.541196367459719, 31.486700112886115 ], [ 118.542143613423335, 31.486688702277139 ], [ 118.542130294090242, 31.485876968648764 ], [ 118.541183056299985, 31.485888378896718 ] ] ] } },
{ "type": "Feature", "properties": { "area_m2": 8100.0000000890577, "area_km2": 0.0081000000000890585, "relative_position": "后方", "distance_m": 3471.2027232149539, "elevation": 195.8 }, "geometry": { "type": "Polygon", "coordinates": [ [ [ 118.540235817971947, 31.48589978213926 ], [ 118.540249120958279, 31.486711516489446 ], [ 118.541196367459719, 31.486700112886115 ], [ 118.541183056299985, 31.485888378896718 ], [ 118.540235817971947, 31.48589978213926 ] ] ] } },
{ "type": "Feature", "properties": { "area_m2": 8099.9999999580905, "area_km2": 0.0080999999999580904, "relative_position": "后方", "distance_m": 3386.5883377502887, "elevation": 155.4 }, "geometry": { "type": "Polygon", "coordinates": [ [ [ 118.541196367459719, 31.486700112886115 ], [ 118.541209679157234, 31.487511846767386 ], [ 118.542156933294535, 31.487500435797376 ], [ 118.542143613423335, 31.486688702277139 ], [ 118.541196367459719, 31.486700112886115 ] ] ] } },
{ "type": "Feature", "properties": { "area_m2": 8100.0000001728768, "area_km2": 0.0081000000001728769, "relative_position": "后方", "distance_m": 3381.0363789449243, "elevation": 186.4 }, "geometry": { "type": "Polygon", "coordinates": [ [ [ 118.540249120958279, 31.486711516489446 ], [ 118.540262424482066, 31.487523250731517 ], [ 118.541209679157234, 31.487511846767386 ], [ 118.541196367459719, 31.486700112886115 ], [ 118.540249120958279, 31.486711516489446 ] ] ] } },
{ "type": "Feature", "properties": { "area_m2": 8099.9999998690328, "area_km2": 0.0080999999998690331, "relative_position": "后方", "distance_m": 3296.5792039364856, "elevation": 144.0 }, "geometry": { "type": "Polygon", "coordinates": [ [ [ 118.541209679157234, 31.487511846767386 ], [ 118.541222991392559, 31.488323580540548 ], [ 118.542170253703901, 31.488312169209514 ], [ 118.542156933294535, 31.487500435797376 ], [ 118.541209679157234, 31.487511846767386 ] ] ] } },
{ "type": "Feature", "properties": { "area_m2": 8100.0000000995351, "area_km2": 0.0081000000000995345, "relative_position": "后方", "distance_m": 3290.8757054526645, "elevation": 176.2 }, "geometry": { "type": "Polygon", "coordinates": [ [ [ 118.540262424482066, 31.487523250731517 ], [ 118.540275728543349, 31.488334984865496 ], [ 118.541222991392559, 31.488323580540548 ], [ 118.541209679157234, 31.487511846767386 ], [ 118.540262424482066, 31.487523250731517 ] ] ] } },
{ "type": "Feature", "properties": { "area_m2": 8099.9999999371357, "area_km2": 0.0080999999999371349, "relative_position": "后方", "distance_m": 3206.5847217299684, "elevation": 124.0 }, "geometry": { "type": "Polygon", "coordinates": [ [ [ 118.541222991392559, 31.488323580540548 ], [ 118.541236304165707, 31.489135314205594 ], [ 118.542183574651432, 31.489123902513516 ], [ 118.542170253703901, 31.488312169209514 ], [ 118.541222991392559, 31.488323580540548 ] ] ] } },
{ "type": "Feature", "properties": { "area_m2": 8100.0000000209548, "area_km2": 0.008100000000020955, "relative_position": "后方", "distance_m": 3200.7211809866108, "elevation": 157.2 }, "geometry": { "type": "Polygon", "coordinates": [ [ [ 118.540275728543349, 31.488334984865496 ], [ 118.540289033142145, 31.489146718891355 ], [ 118.541236304165707, 31.489135314205594 ], [ 118.541222991392559, 31.488323580540548 ], [ 118.540275728543349, 31.488334984865496 ] ] ] } },
{ "type": "Feature", "properties": { "area_m2": 8100.0000000209548, "area_km2": 0.008100000000020955, "relative_position": "后方", "distance_m": 3834.9418305039403, "elevation": 221.2 }, "geometry": { "type": "Polygon", "coordinates": [ [ [ 118.52600081957344, 31.484446510321682 ], [ 118.526013998891685, 31.485258250273272 ], [ 118.526961237073451, 31.485246952471233 ], [ 118.526948049582202, 31.484435212877113 ], [ 118.52600081957344, 31.484446510321682 ] ] ] } },
{ "type": "Feature", "properties": { "area_m2": 8099.9999997747364, "area_km2": 0.008099999999774737, "relative_position": "后方", "distance_m": 3863.6019453195177, "elevation": 217.8 }, "geometry": { "type": "Polygon", "coordinates": [ [ [ 118.525053589032254, 31.484457800761056 ], [ 118.525066760177467, 31.485269541069883 ], [ 118.526013998891685, 31.485258250273272 ], [ 118.52600081957344, 31.484446510321682 ], [ 118.525053589032254, 31.484457800761056 ] ] ] } },
{ "type": "Feature", "properties": { "area_m2": 8100.000000083819, "area_km2": 0.0081000000000838197, "relative_position": "后方", "distance_m": 3894.1237874437716, "elevation": 172.2 }, "geometry": { "type": "Polygon", "coordinates": [ [ [ 118.5241063579589, 31.484469084195197 ], [ 118.52411952093108, 31.485280824861043 ], [ 118.525066760177467, 31.485269541069883 ], [ 118.525053589032254, 31.484457800761056 ], [ 118.5241063579589, 31.484469084195197 ] ] ] } },
{ "type": "Feature", "properties": { "area_m2": 8099.999999848078, "area_km2": 0.0080999999998480777, "relative_position": "后方", "distance_m": 3926.4639434150163, "elevation": 120.8 }, "geometry": { "type": "Polygon", "coordinates": [ [ [ 118.523159126353775, 31.484480360624119 ], [ 118.523172281152867, 31.48529210164676 ], [ 118.52411952093108, 31.485280824861043 ], [ 118.5241063579589, 31.484469084195197 ], [ 118.523159126353775, 31.484480360624119 ] ] ] } },
{ "type": "Feature", "properties": { "area_m2": 8099.9999998009298, "area_km2": 0.0080999999998009296, "relative_position": "后方", "distance_m": 3960.5778730303186, "elevation": 86.6 }, "geometry": { "type": "Polygon", "coordinates": [ [ [ 118.522211894217165, 31.484491630047806 ], [ 118.522225040843182, 31.485303371427015 ], [ 118.523172281152867, 31.48529210164676 ], [ 118.523159126353775, 31.484480360624119 ], [ 118.522211894217165, 31.484491630047806 ] ] ] } },
{ "type": "Feature", "properties": { "area_m2": 8100.0000000733417, "area_km2": 0.0081000000000733419, "relative_position": "后方", "distance_m": 3673.0473735157825, "elevation": 132.6 }, "geometry": { "type": "Polygon", "coordinates": [ [ [ 118.528855711838219, 31.485224335850955 ], [ 118.528868916208936, 31.486036074621463 ], [ 118.529816160964558, 31.486024755445111 ], [ 118.529802948420581, 31.485213017032727 ], [ 118.528855711838219, 31.485224335850955 ] ] ] } },
{ "type": "Feature", "properties": { "area_m2": 8099.9999999580905, "area_km2": 0.0080999999999580904, "relative_position": "后方", "distance_m": 3696.417650632477, "elevation": 153.8 }, "geometry": { "type": "Polygon", "coordinates": [ [ [ 118.527908474722423, 31.485235647663792 ], [ 118.527921670919824, 31.486047386792215 ], [ 118.528868916208936, 31.486036074621463 ], [ 118.528855711838219, 31.485224335850955 ], [ 118.527908474722423, 31.485235647663792 ] ] ] } },
{ "type": "Feature", "properties": { "area_m2": 8100.0000000419095, "area_km2": 0.0081000000000419087, "relative_position": "后方", "distance_m": 3721.8098783895252, "elevation": 180.2 }, "geometry": { "type": "Polygon", "coordinates": [ [ [ 118.526961237073451, 31.485246952471233 ], [ 118.526974425097549, 31.486058691957354 ], [ 118.527921670919824, 31.486047386792215 ], [ 118.527908474722423, 31.485235647663792 ], [ 118.526961237073451, 31.485246952471233 ] ] ] } },
{ "type": "Feature", "properties": { "area_m2": 8100.000000068103, "area_km2": 0.0081000000000681031, "relative_position": "后方", "distance_m": 3749.1829766631954, "elevation": 215.4 }, "geometry": { "type": "Polygon", "coordinates": [ [ [ 118.526013998891685, 31.485258250273272 ], [ 118.526027178742439, 31.486069990116853 ], [ 118.526974425097549, 31.486058691957354 ], [ 118.526961237073451, 31.485246952471233 ], [ 118.526013998891685, 31.485258250273272 ] ] ] } },
{ "type": "Feature", "properties": { "area_m2": 8099.9999998690328, "area_km2": 0.0080999999998690331, "relative_position": "后方", "distance_m": 3778.4938968069196, "elevation": 208.0 }, "geometry": { "type": "Polygon", "coordinates": [ [ [ 118.525066760177467, 31.485269541069883 ], [ 118.525079931854833, 31.4860812812707 ], [ 118.526027178742439, 31.486069990116853 ], [ 118.526013998891685, 31.485258250273272 ], [ 118.525066760177467, 31.485269541069883 ] ] ] } },
{ "type": "Feature", "properties": { "area_m2": 8099.9999997013947, "area_km2": 0.0080999999997013947, "relative_position": "后方", "distance_m": 3704.3013710886075, "elevation": 102.6 }, "geometry": { "type": "Polygon", "coordinates": [ [ [ 118.531684191627505, 31.484378620576702 ], [ 118.531697419983544, 31.485190358380194 ], [ 118.532644654963491, 31.4851790185459 ], [ 118.532631418434534, 31.484367281101211 ], [ 118.531684191627505, 31.484378620576702 ] ] ] } },
{ "type": "Feature", "properties": { "area_m2": 8100.0000001047738, "area_km2": 0.0081000000001047734, "relative_position": "后方", "distance_m": 3720.9752125242421, "elevation": 119.2 }, "geometry": { "type": "Polygon", "coordinates": [ [ [ 118.530736964285978, 31.484389953047081 ], [ 118.530750184469113, 31.485201691209134 ], [ 118.531697419983544, 31.485190358380194 ], [ 118.531684191627505, 31.484378620576702 ], [ 118.530736964285978, 31.484389953047081 ] ] ] } },
{ "type": "Feature", "properties": { "area_m2": 8099.9999998271232, "area_km2": 0.008099999999827124, "relative_position": "后方", "distance_m": 3739.7330459812151, "elevation": 110.2 }, "geometry": { "type": "Polygon", "coordinates": [ [ [ 118.529789736410379, 31.484401278512319 ], [ 118.529802948420581, 31.485213017032727 ], [ 118.530750184469113, 31.485201691209134 ], [ 118.530736964285978, 31.484389953047081 ], [ 118.529789736410379, 31.484401278512319 ] ] ] } },
{ "type": "Feature", "properties": { "area_m2": 8100.0000000261934, "area_km2": 0.0081000000000261939, "relative_position": "后方", "distance_m": 3577.2662812616359, "elevation": 125.4 }, "geometry": { "type": "Polygon", "coordinates": [ [ [ 118.534539123318723, 31.485156317861367 ], [ 118.534552376728854, 31.485968054479745 ], [ 118.535499618276646, 31.485956693270062 ], [ 118.535486356693326, 31.485144957011133 ], [ 118.534539123318723, 31.485156317861367 ] ] ] } },
{ "type": "Feature", "properties": { "area_m2": 8099.9999999685679, "area_km2": 0.0080999999999685681, "relative_position": "后方", "distance_m": 3587.788666255004, "elevation": 114.8 }, "geometry": { "type": "Polygon", "coordinates": [ [ [ 118.533591889408669, 31.485167671706296 ], [ 118.533605134645612, 31.485979408683921 ], [ 118.534552376728854, 31.485968054479745 ], [ 118.534539123318723, 31.485156317861367 ], [ 118.533591889408669, 31.485167671706296 ] ] ] } },
{ "type": "Feature", "properties": { "area_m2": 8100.0000000785803, "area_km2": 0.0081000000000785808, "relative_position": "后方", "distance_m": 3600.5221524618232, "elevation": 99.8 }, "geometry": { "type": "Polygon", "coordinates": [ [ [ 118.532644654963491, 31.4851790185459 ], [ 118.532657892027217, 31.485990755882561 ], [ 118.533605134645612, 31.485979408683921 ], [ 118.533591889408669, 31.485167671706296 ], [ 118.532644654963491, 31.4851790185459 ] ] ] } },
{ "type": "Feature", "properties": { "area_m2": 8099.9999999266583, "area_km2": 0.0080999999999266589, "relative_position": "后方", "distance_m": 3615.4433798091909, "elevation": 117.0 }, "geometry": { "type": "Polygon", "coordinates": [ [ [ 118.531697419983544, 31.485190358380194 ], [ 118.531710648874039, 31.486002096075637 ], [ 118.532657892027217, 31.485990755882561 ], [ 118.532644654963491, 31.4851790185459 ], [ 118.531697419983544, 31.485190358380194 ] ] ] } },
{ "type": "Feature", "properties": { "area_m2": 8100.0000000471482, "area_km2": 0.0081000000000471476, "relative_position": "后方", "distance_m": 3632.5253909576227, "elevation": 131.0 }, "geometry": { "type": "Polygon", "coordinates": [ [ [ 118.530750184469113, 31.485201691209134 ], [ 118.530763405186377, 31.486013429263167 ], [ 118.531710648874039, 31.486002096075637 ], [ 118.531697419983544, 31.485190358380194 ], [ 118.530750184469113, 31.485201691209134 ] ] ] } },
{ "type": "Feature", "properties": { "area_m2": 8099.9999999947613, "area_km2": 0.0080999999999947607, "relative_position": "后方", "distance_m": 3651.7378651730769, "elevation": 127.8 }, "geometry": { "type": "Polygon", "coordinates": [ [ [ 118.529802948420581, 31.485213017032727 ], [ 118.529816160964558, 31.486024755445111 ], [ 118.530763405186377, 31.486013429263167 ], [ 118.530750184469113, 31.485201691209134 ], [ 118.529802948420581, 31.485213017032727 ] ] ] } },
{ "type": "Feature", "properties": { "area_m2": 8100.0000000366708, "area_km2": 0.0081000000000366716, "relative_position": "后方", "distance_m": 3487.507352004829, "elevation": 142.2 }, "geometry": { "type": "Polygon", "coordinates": [ [ [ 118.534552376728854, 31.485968054479745 ], [ 118.534565630674464, 31.486779790990074 ], [ 118.535512880395743, 31.486768429420916 ], [ 118.535499618276646, 31.485956693270062 ], [ 118.534552376728854, 31.485968054479745 ] ] ] } },
{ "type": "Feature", "properties": { "area_m2": 8099.9999999738066, "area_km2": 0.008099999999973807, "relative_position": "后方", "distance_m": 3809.6979136793479, "elevation": 163.2 }, "geometry": { "type": "Polygon", "coordinates": [ [ [ 118.52411952093108, 31.485280824861043 ], [ 118.524132684435045, 31.486092565418904 ], [ 118.525079931854833, 31.4860812812707 ], [ 118.525066760177467, 31.485269541069883 ], [ 118.52411952093108, 31.485280824861043 ] ] ] } },
{ "type": "Feature", "properties": { "area_m2": 8099.9999999633292, "area_km2": 0.0080999999999633292, "relative_position": "后方", "distance_m": 3842.7489124028734, "elevation": 113.6 }, "geometry": { "type": "Polygon", "coordinates": [ [ [ 118.523172281152867, 31.48529210164676 ], [ 118.523185436483459, 31.48610384256142 ], [ 118.524132684435045, 31.486092565418904 ], [ 118.52411952093108, 31.485280824861043 ], [ 118.523172281152867, 31.48529210164676 ] ] ] } },
{ "type": "Feature", "properties": { "area_m2": 8100.0000000366708, "area_km2": 0.0081000000000366716, "relative_position": "后方", "distance_m": 3877.5996666084584, "elevation": 78.4 }, "geometry": { "type": "Polygon", "coordinates": [ [ [ 118.522225040843182, 31.485303371427015 ], [ 118.522238188000344, 31.486115112698268 ], [ 118.523185436483459, 31.48610384256142 ], [ 118.523172281152867, 31.48529210164676 ], [ 118.522225040843182, 31.485303371427015 ] ] ] } },
{ "type": "Feature", "properties": { "area_m2": 8099.9999999790452, "area_km2": 0.0080999999999790458, "relative_position": "后方", "distance_m": 3585.6885702481286, "elevation": 158.6 }, "geometry": { "type": "Polygon", "coordinates": [ [ [ 118.528868916208936, 31.486036074621463 ], [ 118.528882121113114, 31.486847813283951 ], [ 118.52982937404235, 31.48683649374945 ], [ 118.529816160964558, 31.486024755445111 ], [ 118.528868916208936, 31.486036074621463 ] ] ] } },
{ "type": "Feature", "properties": { "area_m2": 8100.0000000261934, "area_km2": 0.0081000000000261939, "relative_position": "后方", "distance_m": 3609.6247673400981, "elevation": 166.6 }, "geometry": { "type": "Polygon", "coordinates": [ [ [ 118.527921670919824, 31.486047386792215 ], [ 118.527934867650359, 31.486859125812622 ], [ 118.528882121113114, 31.486847813283951 ], [ 118.528868916208936, 31.486036074621463 ], [ 118.527921670919824, 31.486047386792215 ] ] ] } },
{ "type": "Feature", "properties": { "area_m2": 8099.9999999476131, "area_km2": 0.0080999999999476126, "relative_position": "后方", "distance_m": 3635.6235064123443, "elevation": 190.4 }, "geometry": { "type": "Polygon", "coordinates": [ [ [ 118.526974425097549, 31.486058691957354 ], [ 118.526987613654441, 31.486870431335443 ], [ 118.527934867650359, 31.486859125812622 ], [ 118.527921670919824, 31.486047386792215 ], [ 118.526974425097549, 31.486058691957354 ] ] ] } },
{ "type": "Feature", "properties": { "area_m2": 8100.0000000261934, "area_km2": 0.0081000000000261939, "relative_position": "后方", "distance_m": 3663.6408798386328, "elevation": 216.2 }, "geometry": { "type": "Polygon", "coordinates": [ [ [ 118.526027178742439, 31.486069990116853 ], [ 118.526040359125659, 31.486881729852424 ], [ 118.526987613654441, 31.486870431335443 ], [ 118.526974425097549, 31.486058691957354 ], [ 118.526027178742439, 31.486069990116853 ] ] ] } },
{ "type": "Feature", "properties": { "area_m2": 8100.0000001833541, "area_km2": 0.0081000000001833546, "relative_position": "后方", "distance_m": 3693.6309540380803, "elevation": 197.8 }, "geometry": { "type": "Polygon", "coordinates": [ [ [ 118.525079931854833, 31.4860812812707 ], [ 118.525093104064354, 31.486893021363532 ], [ 118.526040359125659, 31.486881729852424 ], [ 118.526027178742439, 31.486069990116853 ], [ 118.525079931854833, 31.4860812812707 ] ] ] } },
{ "type": "Feature", "properties": { "area_m2": 8100.0000001309672, "area_km2": 0.0081000000001309677, "relative_position": "后方", "distance_m": 3725.5460915712169, "elevation": 152.2 }, "geometry": { "type": "Polygon", "coordinates": [ [ [ 118.524132684435045, 31.486092565418904 ], [ 118.52414584847088, 31.486904305868759 ], [ 118.525093104064354, 31.486893021363532 ], [ 118.525079931854833, 31.4860812812707 ], [ 118.524132684435045, 31.486092565418904 ] ] ] } },
{ "type": "Feature", "properties": { "area_m2": 8099.9999999580905, "area_km2": 0.0080999999999580904, "relative_position": "后方", "distance_m": 3759.3372659603156, "elevation": 106.2 }, "geometry": { "type": "Polygon", "coordinates": [ [ [ 118.523185436483459, 31.48610384256142 ], [ 118.523198592345537, 31.486915583368088 ], [ 118.52414584847088, 31.486904305868759 ], [ 118.524132684435045, 31.486092565418904 ], [ 118.523185436483459, 31.48610384256142 ] ] ] } },
{ "type": "Feature", "properties": { "area_m2": 8100.0000000576256, "area_km2": 0.0081000000000576253, "relative_position": "后方", "distance_m": 3498.3000167364307, "elevation": 131.0 }, "geometry": { "type": "Polygon", "coordinates": [ [ [ 118.533605134645612, 31.485979408683921 ], [ 118.533618380417678, 31.486791145553493 ], [ 118.534565630674464, 31.486779790990074 ], [ 118.534552376728854, 31.485968054479745 ], [ 118.533605134645612, 31.485979408683921 ] ] ] } },
{ "type": "Feature", "properties": { "area_m2": 8100.0000000052387, "area_km2": 0.0081000000000052384, "relative_position": "后方", "distance_m": 3511.3583229224791, "elevation": 118.6 }, "geometry": { "type": "Polygon", "coordinates": [ [ [ 118.532657892027217, 31.485990755882561 ], [ 118.532671129625783, 31.486802493111156 ], [ 118.533618380417678, 31.486791145553493 ], [ 118.533605134645612, 31.485979408683921 ], [ 118.532657892027217, 31.485990755882561 ] ] ] } },
{ "type": "Feature", "properties": { "area_m2": 8100.0000000366708, "area_km2": 0.0081000000000366716, "relative_position": "后方", "distance_m": 3526.6571055910777, "elevation": 125.6 }, "geometry": { "type": "Polygon", "coordinates": [ [ [ 118.531710648874039, 31.486002096075637 ], [ 118.531723878299033, 31.486813833663049 ], [ 118.532671129625783, 31.486802493111156 ], [ 118.532657892027217, 31.485990755882561 ], [ 118.531710648874039, 31.486002096075637 ] ] ] } },
{ "type": "Feature", "properties": { "area_m2": 8100.0000001047738, "area_km2": 0.0081000000001047734, "relative_position": "后方", "distance_m": 3544.1673532763448, "elevation": 138.8 }, "geometry": { "type": "Polygon", "coordinates": [ [ [ 118.530763405186377, 31.486013429263167 ], [ 118.53077662643777, 31.486825167209147 ], [ 118.531723878299033, 31.486813833663049 ], [ 118.531710648874039, 31.486002096075637 ], [ 118.530763405186377, 31.486013429263167 ] ] ] } },
{ "type": "Feature", "properties": { "area_m2": 8100.0000000628643, "area_km2": 0.0081000000000628642, "relative_position": "后方", "distance_m": 3563.856471621501, "elevation": 143.8 }, "geometry": { "type": "Polygon", "coordinates": [ [ [ 118.529816160964558, 31.486024755445111 ], [ 118.52982937404235, 31.48683649374945 ], [ 118.53077662643777, 31.486825167209147 ], [ 118.530763405186377, 31.486013429263167 ], [ 118.529816160964558, 31.486024755445111 ] ] ] } },
{ "type": "Feature", "properties": { "area_m2": 8099.9999999895226, "area_km2": 0.0080999999999895218, "relative_position": "后方", "distance_m": 3397.77549500755, "elevation": 163.4 }, "geometry": { "type": "Polygon", "coordinates": [ [ [ 118.534565630674464, 31.486779790990074 ], [ 118.534578885155554, 31.487591527392322 ], [ 118.53552614305066, 31.487580165463694 ], [ 118.535512880395743, 31.486768429420916 ], [ 118.534565630674464, 31.486779790990074 ] ] ] } },
{ "type": "Feature", "properties": { "area_m2": 8100.0000001676381, "area_km2": 0.008100000000167638, "relative_position": "后方", "distance_m": 3408.8525645363229, "elevation": 150.2 }, "geometry": { "type": "Polygon", "coordinates": [ [ [ 118.533618380417678, 31.486791145553493 ], [ 118.533631626724926, 31.487602882314992 ], [ 118.534578885155554, 31.487591527392322 ], [ 118.534565630674464, 31.486779790990074 ], [ 118.533618380417678, 31.486791145553493 ] ] ] } },
{ "type": "Feature", "properties": { "area_m2": 8099.9999998323619, "area_km2": 0.0080999999998323611, "relative_position": "后方", "distance_m": 3422.2524870473485, "elevation": 137.2 }, "geometry": { "type": "Polygon", "coordinates": [ [ [ 118.532671129625783, 31.486802493111156 ], [ 118.532684367759146, 31.487614230231681 ], [ 118.533631626724926, 31.487602882314992 ], [ 118.533618380417678, 31.486791145553493 ], [ 118.532671129625783, 31.486802493111156 ] ] ] } },
{ "type": "Feature", "properties": { "area_m2": 8099.9999999266583, "area_km2": 0.0080999999999266589, "relative_position": "后方", "distance_m": 3437.9481038977301, "elevation": 137.8 }, "geometry": { "type": "Polygon", "coordinates": [ [ [ 118.531723878299033, 31.486813833663049 ], [ 118.531737108258497, 31.487625571142381 ], [ 118.532684367759146, 31.487614230231681 ], [ 118.532671129625783, 31.486802493111156 ], [ 118.531723878299033, 31.486813833663049 ] ] ] } },
{ "type": "Feature", "properties": { "area_m2": 8099.9999999947613, "area_km2": 0.0080999999999947607, "relative_position": "后方", "distance_m": 3455.9081385754803, "elevation": 148.8 }, "geometry": { "type": "Polygon", "coordinates": [ [ [ 118.53077662643777, 31.486825167209147 ], [ 118.53078984822335, 31.487636905047072 ], [ 118.531737108258497, 31.487625571142381 ], [ 118.531723878299033, 31.486813833663049 ], [ 118.53077662643777, 31.486825167209147 ] ] ] } },
{ "type": "Feature", "properties": { "area_m2": 8100.0000000628643, "area_km2": 0.0081000000000628642, "relative_position": "后方", "distance_m": 3523.0066437790833, "elevation": 195.0 }, "geometry": { "type": "Polygon", "coordinates": [ [ [ 118.527934867650359, 31.486859125812622 ], [ 118.527948064914085, 31.487670864724986 ], [ 118.528895326550824, 31.487659551838387 ], [ 118.528882121113114, 31.486847813283951 ], [ 118.527934867650359, 31.486859125812622 ] ] ] } },
{ "type": "Feature", "properties": { "area_m2": 8099.9999999057036, "area_km2": 0.0080999999999057035, "relative_position": "后方", "distance_m": 3549.6401413636531, "elevation": 206.0 }, "geometry": { "type": "Polygon", "coordinates": [ [ [ 118.526987613654441, 31.486870431335443 ], [ 118.527000802744197, 31.487682170605513 ], [ 118.527948064914085, 31.487670864724986 ], [ 118.527934867650359, 31.486859125812622 ], [ 118.526987613654441, 31.486870431335443 ] ] ] } },
{ "type": "Feature", "properties": { "area_m2": 8100.0000000942964, "area_km2": 0.0081000000000942957, "relative_position": "后方", "distance_m": 3578.3310843143331, "elevation": 214.2 }, "geometry": { "type": "Polygon", "coordinates": [ [ [ 118.526040359125659, 31.486881729852424 ], [ 118.526053540041389, 31.487693469479964 ], [ 118.527000802744197, 31.487682170605513 ], [ 118.526987613654441, 31.486870431335443 ], [ 118.526040359125659, 31.486881729852424 ] ] ] } },
{ "type": "Feature", "properties": { "area_m2": 8099.9999999371357, "area_km2": 0.0080999999999371349, "relative_position": "后方", "distance_m": 3609.030406484233, "elevation": 186.0 }, "geometry": { "type": "Polygon", "coordinates": [ [ [ 118.525093104064354, 31.486893021363532 ], [ 118.525106276806085, 31.487704761348336 ], [ 118.526053540041389, 31.487693469479964 ], [ 118.526040359125659, 31.486881729852424 ], [ 118.525093104064354, 31.486893021363532 ] ] ] } },
{ "type": "Feature", "properties": { "area_m2": 8099.9999999685679, "area_km2": 0.0080999999999685681, "relative_position": "后方", "distance_m": 3641.6873186065632, "elevation": 146.8 }, "geometry": { "type": "Polygon", "coordinates": [ [ [ 118.52414584847088, 31.486904305868759 ], [ 118.524159013038556, 31.487716046210604 ], [ 118.525106276806085, 31.487704761348336 ], [ 118.525093104064354, 31.486893021363532 ], [ 118.52414584847088, 31.486904305868759 ] ] ] } },
{ "type": "Feature", "properties": { "area_m2": 8100.0000000523869, "area_km2": 0.0081000000000523865, "relative_position": "后方", "distance_m": 3676.2496540833822, "elevation": 105.8 }, "geometry": { "type": "Polygon", "coordinates": [ [ [ 118.523198592345537, 31.486915583368088 ], [ 118.523211748739172, 31.487727324066743 ], [ 118.524159013038556, 31.487716046210604 ], [ 118.52414584847088, 31.486904305868759 ], [ 118.523198592345537, 31.486915583368088 ] ] ] } },
{ "type": "Feature", "properties": { "area_m2": 8100.0000000576256, "area_km2": 0.0081000000000576253, "relative_position": "后方", "distance_m": 3436.5764934080357, "elevation": 208.4 }, "geometry": { "type": "Polygon", "coordinates": [ [ [ 118.527948064914085, 31.487670864724986 ], [ 118.527961262711031, 31.488482603529331 ], [ 118.528908532522038, 31.48847129028481 ], [ 118.528895326550824, 31.487659551838387 ], [ 118.527948064914085, 31.487670864724986 ] ] ] } },
{ "type": "Feature", "properties": { "area_m2": 8099.9999999109423, "area_km2": 0.0080999999999109423, "relative_position": "后方", "distance_m": 3463.874900036149, "elevation": 207.0 }, "geometry": { "type": "Polygon", "coordinates": [ [ [ 118.527000802744197, 31.487682170605513 ], [ 118.527013992366804, 31.488493909767563 ], [ 118.527961262711031, 31.488482603529331 ], [ 118.527948064914085, 31.487670864724986 ], [ 118.527000802744197, 31.487682170605513 ] ] ] } },
{ "type": "Feature", "properties": { "area_m2": 8100.0000001152512, "area_km2": 0.0081000000001152511, "relative_position": "后方", "distance_m": 3493.2706084522401, "elevation": 195.6 }, "geometry": { "type": "Polygon", "coordinates": [ [ [ 118.526053540041389, 31.487693469479964 ], [ 118.526066721489698, 31.488505208999509 ], [ 118.527013992366804, 31.488493909767563 ], [ 118.527000802744197, 31.487682170605513 ], [ 118.526053540041389, 31.487693469479964 ] ] ] } },
{ "type": "Feature", "properties": { "area_m2": 8100.0000001047738, "area_km2": 0.0081000000001047734, "relative_position": "后方", "distance_m": 3524.7111474372741, "elevation": 160.0 }, "geometry": { "type": "Polygon", "coordinates": [ [ [ 118.525106276806085, 31.487704761348336 ], [ 118.525119450080012, 31.488516501225142 ], [ 118.526066721489698, 31.488505208999509 ], [ 118.526053540041389, 31.487693469479964 ], [ 118.525106276806085, 31.487704761348336 ] ] ] } },
{ "type": "Feature", "properties": { "area_m2": 8099.9999999633292, "area_km2": 0.0080999999999633292, "relative_position": "后方", "distance_m": 3476.0974946273732, "elevation": 161.0 }, "geometry": { "type": "Polygon", "coordinates": [ [ [ 118.52982937404235, 31.48683649374945 ], [ 118.529842587654002, 31.487648231945748 ], [ 118.53078984822335, 31.487636905047072 ], [ 118.53077662643777, 31.486825167209147 ], [ 118.52982937404235, 31.48683649374945 ] ] ] } },
{ "type": "Feature", "properties": { "area_m2": 8099.9999998742715, "area_km2": 0.008099999999874272, "relative_position": "后方", "distance_m": 3498.4775789283062, "elevation": 181.8 }, "geometry": { "type": "Polygon", "coordinates": [ [ [ 118.528882121113114, 31.486847813283951 ], [ 118.528895326550824, 31.487659551838387 ], [ 118.529842587654002, 31.487648231945748 ], [ 118.52982937404235, 31.48683649374945 ], [ 118.528882121113114, 31.486847813283951 ] ] ] } },
{ "type": "Feature", "properties": { "area_m2": 8099.9999999266583, "area_km2": 0.0080999999999266589, "relative_position": "后方", "distance_m": 3308.0729123475107, "elevation": 194.6 }, "geometry": { "type": "Polygon", "coordinates": [ [ [ 118.534578885155554, 31.487591527392322 ], [ 118.534592140172151, 31.488403263686504 ], [ 118.535539406241412, 31.488391901398387 ], [ 118.53552614305066, 31.487580165463694 ], [ 118.534578885155554, 31.487591527392322 ] ] ] } },
{ "type": "Feature", "properties": { "area_m2": 8100.0000001623994, "area_km2": 0.0081000000001623992, "relative_position": "后方", "distance_m": 3319.4496390890249, "elevation": 177.4 }, "geometry": { "type": "Polygon", "coordinates": [ [ [ 118.533631626724926, 31.487602882314992 ], [ 118.53364487356734, 31.488414618968427 ], [ 118.534592140172151, 31.488403263686504 ], [ 118.534578885155554, 31.487591527392322 ], [ 118.533631626724926, 31.487602882314992 ] ] ] } },
{ "type": "Feature", "properties": { "area_m2": 8099.9999999423744, "area_km2": 0.0080999999999423738, "relative_position": "后方", "distance_m": 3333.2092948994782, "elevation": 166.0 }, "geometry": { "type": "Polygon", "coordinates": [ [ [ 118.532684367759146, 31.487614230231681 ], [ 118.532697606427362, 31.488425967244158 ], [ 118.53364487356734, 31.488414618968427 ], [ 118.533631626724926, 31.487602882314992 ], [ 118.532684367759146, 31.487614230231681 ] ] ] } },
{ "type": "Feature", "properties": { "area_m2": 8100.0000000052387, "area_km2": 0.0081000000000052384, "relative_position": "后方", "distance_m": 3349.3225136470337, "elevation": 166.2 }, "geometry": { "type": "Polygon", "coordinates": [ [ [ 118.531737108258497, 31.487625571142381 ], [ 118.531750338752516, 31.488437308513674 ], [ 118.532697606427362, 31.488425967244158 ], [ 118.532684367759146, 31.487614230231681 ], [ 118.531737108258497, 31.487625571142381 ] ] ] } },
{ "type": "Feature", "properties": { "area_m2": 8100.0000001204899, "area_km2": 0.00810000000012049, "relative_position": "后方", "distance_m": 3367.7555155398682, "elevation": 175.0 }, "geometry": { "type": "Polygon", "coordinates": [ [ [ 118.53078984822335, 31.487636905047072 ], [ 118.530803070543101, 31.488448642776962 ], [ 118.531750338752516, 31.488437308513674 ], [ 118.531737108258497, 31.487625571142381 ], [ 118.53078984822335, 31.487636905047072 ] ] ] } },
{ "type": "Feature", "properties": { "area_m2": 8100.0000000628643, "area_km2": 0.0081000000000628642, "relative_position": "后方", "distance_m": 3388.470444792275, "elevation": 180.2 }, "geometry": { "type": "Polygon", "coordinates": [ [ [ 118.529842587654002, 31.487648231945748 ], [ 118.529855801799513, 31.488459970034008 ], [ 118.530803070543101, 31.488448642776962 ], [ 118.53078984822335, 31.487636905047072 ], [ 118.529842587654002, 31.487648231945748 ] ] ] } },
{ "type": "Feature", "properties": { "area_m2": 8100.0000000261934, "area_km2": 0.0081000000000261939, "relative_position": "后方", "distance_m": 3411.4257348287283, "elevation": 196.6 }, "geometry": { "type": "Polygon", "coordinates": [ [ [ 118.528895326550824, 31.487659551838387 ], [ 118.528908532522038, 31.48847129028481 ], [ 118.529855801799513, 31.488459970034008 ], [ 118.529842587654002, 31.487648231945748 ], [ 118.528895326550824, 31.487659551838387 ] ] ] } },
{ "type": "Feature", "properties": { "area_m2": 8099.9999998742715, "area_km2": 0.008099999999874272, "relative_position": "后方", "distance_m": 3218.4020508457734, "elevation": 240.6 }, "geometry": { "type": "Polygon", "coordinates": [ [ [ 118.534592140172151, 31.488403263686504 ], [ 118.534605395724284, 31.489214999872608 ], [ 118.535552669968041, 31.489203637225 ], [ 118.535539406241412, 31.488391901398387 ], [ 118.534592140172151, 31.488403263686504 ] ] ] } },
{ "type": "Feature", "properties": { "area_m2": 8099.9999999633292, "area_km2": 0.0080999999999633292, "relative_position": "后方", "distance_m": 3558.1423138387613, "elevation": 126.4 }, "geometry": { "type": "Polygon", "coordinates": [ [ [ 118.524159013038556, 31.487716046210604 ], [ 118.52417217813813, 31.488527786444443 ], [ 118.525119450080012, 31.488516501225142 ], [ 118.525106276806085, 31.487704761348336 ], [ 118.524159013038556, 31.487716046210604 ] ] ] } },
{ "type": "Feature", "properties": { "area_m2": 8099.9999999371357, "area_km2": 0.0080999999999371349, "relative_position": "后方", "distance_m": 3593.5085525534555, "elevation": 94.4 }, "geometry": { "type": "Polygon", "coordinates": [ [ [ 118.523211748739172, 31.487727324066743 ], [ 118.523224905664321, 31.488539064657413 ], [ 118.52417217813813, 31.488527786444443 ], [ 118.524159013038556, 31.487716046210604 ], [ 118.523211748739172, 31.487727324066743 ] ] ] } },
{ "type": "Feature", "properties": { "area_m2": 8099.9999999528518, "area_km2": 0.0080999999999528515, "relative_position": "后方", "distance_m": 3350.3488629674525, "elevation": 196.8 }, "geometry": { "type": "Polygon", "coordinates": [ [ [ 118.527961262711031, 31.488482603529331 ], [ 118.527974461041154, 31.48929434222563 ], [ 118.528921739026799, 31.489283028623181 ], [ 118.528908532522038, 31.48847129028481 ], [ 118.527961262711031, 31.488482603529331 ] ] ] } },
{ "type": "Feature", "properties": { "area_m2": 8099.9999998795101, "area_km2": 0.0080999999998795109, "relative_position": "后方", "distance_m": 3378.3443939168287, "elevation": 177.4 }, "geometry": { "type": "Polygon", "coordinates": [ [ [ 118.527013992366804, 31.488493909767563 ], [ 118.527027182522289, 31.489305648821592 ], [ 118.527974461041154, 31.48929434222563 ], [ 118.527961262711031, 31.488482603529331 ], [ 118.527013992366804, 31.488493909767563 ] ] ] } },
{ "type": "Feature", "properties": { "area_m2": 8099.9999999685679, "area_km2": 0.0080999999999685681, "relative_position": "后方", "distance_m": 3408.4781171336836, "elevation": 160.6 }, "geometry": { "type": "Polygon", "coordinates": [ [ [ 118.526066721489698, 31.488505208999509 ], [ 118.526079903470517, 31.489316948411023 ], [ 118.527027182522289, 31.489305648821592 ], [ 118.527013992366804, 31.488493909767563 ], [ 118.526066721489698, 31.488505208999509 ] ] ] } },
{ "type": "Feature", "properties": { "area_m2": 8100.0000001414446, "area_km2": 0.0081000000001414454, "relative_position": "后方", "distance_m": 3440.6938562292803, "elevation": 135.6 }, "geometry": { "type": "Polygon", "coordinates": [ [ [ 118.525119450080012, 31.488516501225142 ], [ 118.525132623886151, 31.489328240993924 ], [ 118.526079903470517, 31.489316948411023 ], [ 118.526066721489698, 31.488505208999509 ], [ 118.525119450080012, 31.488516501225142 ] ] ] } },
{ "type": "Feature", "properties": { "area_m2": 8099.9999999266583, "area_km2": 0.0080999999999266589, "relative_position": "后方", "distance_m": 3474.9337074681507, "elevation": 102.0 }, "geometry": { "type": "Polygon", "coordinates": [ [ [ 118.52417217813813, 31.488527786444443 ], [ 118.52418534376956, 31.489339526570273 ], [ 118.525132623886151, 31.489328240993924 ], [ 118.525119450080012, 31.488516501225142 ], [ 118.52417217813813, 31.488527786444443 ] ] ] } },
{ "type": "Feature", "properties": { "area_m2": 8100.0000000419095, "area_km2": 0.0081000000000419087, "relative_position": "后方", "distance_m": 3264.3398002556355, "elevation": 167.8 }, "geometry": { "type": "Polygon", "coordinates": [ [ [ 118.527974461041154, 31.48929434222563 ], [ 118.527987659904554, 31.490106080813913 ], [ 118.528934946065135, 31.49009476685351 ], [ 118.528921739026799, 31.489283028623181 ], [ 118.527974461041154, 31.48929434222563 ] ] ] } },
{ "type": "Feature", "properties": { "area_m2": 8099.9999999633292, "area_km2": 0.0080999999999633292, "relative_position": "后方", "distance_m": 3293.0669123788061, "elevation": 152.4 }, "geometry": { "type": "Polygon", "coordinates": [ [ [ 118.527027182522289, 31.489305648821592 ], [ 118.527040373210696, 31.490117387767576 ], [ 118.527987659904554, 31.490106080813913 ], [ 118.527974461041154, 31.48929434222563 ], [ 118.527027182522289, 31.489305648821592 ] ] ] } },
{ "type": "Feature", "properties": { "area_m2": 8099.9999998899875, "area_km2": 0.0080999999998899869, "relative_position": "后方", "distance_m": 3323.9741178375948, "elevation": 133.0 }, "geometry": { "type": "Polygon", "coordinates": [ [ [ 118.526079903470517, 31.489316948411023 ], [ 118.526093085983931, 31.490128687714517 ], [ 118.527040373210696, 31.490117387767576 ], [ 118.527027182522289, 31.489305648821592 ], [ 118.526079903470517, 31.489316948411023 ] ] ] } },
{ "type": "Feature", "properties": { "area_m2": 8100.0000000628643, "area_km2": 0.0081000000000628642, "relative_position": "后方", "distance_m": 3230.094936686402, "elevation": 220.2 }, "geometry": { "type": "Polygon", "coordinates": [ [ [ 118.53364487356734, 31.488414618968427 ], [ 118.533658120944963, 31.489226355513807 ], [ 118.534605395724284, 31.489214999872608 ], [ 118.534592140172151, 31.488403263686504 ], [ 118.53364487356734, 31.488414618968427 ] ] ] } },
{ "type": "Feature", "properties": { "area_m2": 8099.999999931897, "area_km2": 0.0080999999999318978, "relative_position": "后方", "distance_m": 3244.2339035970122, "elevation": 205.4 }, "geometry": { "type": "Polygon", "coordinates": [ [ [ 118.532697606427362, 31.488425967244158 ], [ 118.532710845630447, 31.489237704148572 ], [ 118.533658120944963, 31.489226355513807 ], [ 118.53364487356734, 31.488414618968427 ], [ 118.532697606427362, 31.488425967244158 ] ] ] } },
{ "type": "Feature", "properties": { "area_m2": 8100.0000000471482, "area_km2": 0.0081000000000471476, "relative_position": "后方", "distance_m": 3260.7871350616333, "elevation": 205.4 }, "geometry": { "type": "Polygon", "coordinates": [ [ [ 118.531750338752516, 31.488437308513674 ], [ 118.531763569781035, 31.489249045776916 ], [ 118.532710845630447, 31.489237704148572 ], [ 118.532697606427362, 31.488425967244158 ], [ 118.531750338752516, 31.488437308513674 ] ] ] } },
{ "type": "Feature", "properties": { "area_m2": 8100.0000001990702, "area_km2": 0.0081000000001990695, "relative_position": "后方", "distance_m": 3279.7180781842212, "elevation": 205.2 }, "geometry": { "type": "Polygon", "coordinates": [ [ [ 118.530803070543101, 31.488448642776962 ], [ 118.530816293397066, 31.489260380398807 ], [ 118.531763569781035, 31.489249045776916 ], [ 118.531750338752516, 31.488437308513674 ], [ 118.530803070543101, 31.488448642776962 ] ] ] } },
{ "type": "Feature", "properties": { "area_m2": 8099.9999999580905, "area_km2": 0.0080999999999580904, "relative_position": "后方", "distance_m": 3300.9858274945809, "elevation": 198.8 }, "geometry": { "type": "Polygon", "coordinates": [ [ [ 118.529855801799513, 31.488459970034008 ], [ 118.529869016478884, 31.489271708014225 ], [ 118.530816293397066, 31.489260380398807 ], [ 118.530803070543101, 31.488448642776962 ], [ 118.529855801799513, 31.488459970034008 ] ] ] } },
{ "type": "Feature", "properties": { "area_m2": 8099.9999999947613, "area_km2": 0.0080999999999947607, "relative_position": "后方", "distance_m": 3324.5455386514286, "elevation": 194.4 }, "geometry": { "type": "Polygon", "coordinates": [ [ [ 118.528908532522038, 31.48847129028481 ], [ 118.528921739026799, 31.489283028623181 ], [ 118.529869016478884, 31.489271708014225 ], [ 118.529855801799513, 31.488459970034008 ], [ 118.528908532522038, 31.48847129028481 ] ] ] } },
{ "type": "Feature", "properties": { "area_m2": 8100.0, "area_km2": 0.0081, "relative_position": "后方", "distance_m": 3128.7656369110805, "elevation": 275.2 }, "geometry": { "type": "Polygon", "coordinates": [ [ [ 118.534605395724284, 31.489214999872608 ], [ 118.534618651811925, 31.490026735950636 ], [ 118.535565934230505, 31.490015372943542 ], [ 118.535552669968041, 31.489203637225 ], [ 118.534605395724284, 31.489214999872608 ] ] ] } },
{ "type": "Feature", "properties": { "area_m2": 8100.0000001257285, "area_km2": 0.0081000000001257288, "relative_position": "后方", "distance_m": 3140.7925721363681, "elevation": 260.0 }, "geometry": { "type": "Polygon", "coordinates": [ [ [ 118.533658120944963, 31.489226355513807 ], [ 118.533671368857767, 31.490038091951106 ], [ 118.534618651811925, 31.490026735950636 ], [ 118.534605395724284, 31.489214999872608 ], [ 118.533658120944963, 31.489226355513807 ] ] ] } },
{ "type": "Feature", "properties": { "area_m2": 8099.9999999738066, "area_km2": 0.008099999999973807, "relative_position": "后方", "distance_m": 3155.3320477933439, "elevation": 241.4 }, "geometry": { "type": "Polygon", "coordinates": [ [ [ 118.532710845630447, 31.489237704148572 ], [ 118.532724085368386, 31.490049440944929 ], [ 118.533671368857767, 31.490038091951106 ], [ 118.533658120944963, 31.489226355513807 ], [ 118.532710845630447, 31.489237704148572 ] ] ] } },
{ "type": "Feature", "properties": { "area_m2": 8099.9999999685679, "area_km2": 0.0080999999999685681, "relative_position": "后方", "distance_m": 3172.3495201799556, "elevation": 228.0 }, "geometry": { "type": "Polygon", "coordinates": [ [ [ 118.531763569781035, 31.489249045776916 ], [ 118.531776801344122, 31.490060782932098 ], [ 118.532724085368386, 31.490049440944929 ], [ 118.532710845630447, 31.489237704148572 ], [ 118.531763569781035, 31.489249045776916 ] ] ] } },
{ "type": "Feature", "properties": { "area_m2": 8100.0000000261934, "area_km2": 0.0081000000000261939, "relative_position": "后方", "distance_m": 3209.1819811845094, "elevation": 258.0 }, "geometry": { "type": "Polygon", "coordinates": [ [ [ 118.535539406241412, 31.488391901398387 ], [ 118.535552669968041, 31.489203637225 ], [ 118.536499943675921, 31.489192267571013 ], [ 118.536486671774824, 31.488380532104095 ], [ 118.535539406241412, 31.488391901398387 ] ] ] } },
{ "type": "Feature", "properties": { "area_m2": 8099.9999999842839, "area_km2": 0.0080999999999842847, "relative_position": "后方", "distance_m": 3108.0212715685507, "elevation": 244.6 }, "geometry": { "type": "Polygon", "coordinates": [ [ [ 118.53744721684761, 31.489180890910632 ], [ 118.537460497459676, 31.489992625909512 ], [ 118.538407778269615, 31.489981241882624 ], [ 118.538394489482755, 31.48916950724389 ], [ 118.53744721684761, 31.489180890910632 ] ] ] } },
{ "type": "Feature", "properties": { "area_m2": 8099.9999999947613, "area_km2": 0.0080999999999947607, "relative_position": "后方", "distance_m": 3112.3598037458, "elevation": 274.0 }, "geometry": { "type": "Polygon", "coordinates": [ [ [ 118.536499943675921, 31.489192267571013 ], [ 118.536513216113207, 31.490004002929837 ], [ 118.537460497459676, 31.489992625909512 ], [ 118.53744721684761, 31.489180890910632 ], [ 118.536499943675921, 31.489192267571013 ] ] ] } },
{ "type": "Feature", "properties": { "area_m2": 8099.9999999214197, "area_km2": 0.0080999999999214201, "relative_position": "后方", "distance_m": 3119.2803023823294, "elevation": 288.0 }, "geometry": { "type": "Polygon", "coordinates": [ [ [ 118.535552669968041, 31.489203637225 ], [ 118.535565934230505, 31.490015372943542 ], [ 118.536513216113207, 31.490004002929837 ], [ 118.536499943675921, 31.489192267571013 ], [ 118.535552669968041, 31.489203637225 ] ] ] } },
{ "type": "Feature", "properties": { "area_m2": 8099.9999999738066, "area_km2": 0.008099999999973807, "relative_position": "后方", "distance_m": 3017.8054988046615, "elevation": 226.2 }, "geometry": { "type": "Polygon", "coordinates": [ [ [ 118.537460497459676, 31.489992625909512 ], [ 118.53747377860833, 31.490804360800304 ], [ 118.538421067593319, 31.490792976413235 ], [ 118.538407778269615, 31.489981241882624 ], [ 118.537460497459676, 31.489992625909512 ] ] ] } },
{ "type": "Feature", "properties": { "area_m2": 8100.000000068103, "area_km2": 0.0081000000000681031, "relative_position": "后方", "distance_m": 3022.2738781674716, "elevation": 272.6 }, "geometry": { "type": "Polygon", "coordinates": [ [ [ 118.536513216113207, 31.490004002929837 ], [ 118.536526489086725, 31.490815738180558 ], [ 118.53747377860833, 31.490804360800304 ], [ 118.537460497459676, 31.489992625909512 ], [ 118.536513216113207, 31.490004002929837 ] ] ] } },
{ "type": "Feature", "properties": { "area_m2": 8100.0, "area_km2": 0.0081, "relative_position": "后方", "distance_m": 3029.4005169573607, "elevation": 304.0 }, "geometry": { "type": "Polygon", "coordinates": [ [ [ 118.535565934230505, 31.490015372943542 ], [ 118.535579199028888, 31.490827108553987 ], [ 118.536526489086725, 31.490815738180558 ], [ 118.536513216113207, 31.490004002929837 ], [ 118.535565934230505, 31.490015372943542 ] ] ] } },
{ "type": "Feature", "properties": { "area_m2": 8100.0000000261934, "area_km2": 0.0081000000000261939, "relative_position": "后方", "distance_m": 2932.199260054258, "elevation": 280.2 }, "geometry": { "type": "Polygon", "coordinates": [ [ [ 118.536526489086725, 31.490815738180558 ], [ 118.53653976259649, 31.491627473323199 ], [ 118.537487060293515, 31.491616095582998 ], [ 118.53747377860833, 31.490804360800304 ], [ 118.536526489086725, 31.490815738180558 ] ] ] } },
{ "type": "Feature", "properties": { "area_m2": 8100.0000001047738, "area_km2": 0.0081000000001047734, "relative_position": "后方", "distance_m": 2939.5446320945921, "elevation": 318.6 }, "geometry": { "type": "Polygon", "coordinates": [ [ [ 118.535579199028888, 31.490827108553987 ], [ 118.535592464363205, 31.491638844056361 ], [ 118.53653976259649, 31.491627473323199 ], [ 118.536526489086725, 31.490815738180558 ], [ 118.535579199028888, 31.490827108553987 ] ] ] } },
{ "type": "Feature", "properties": { "area_m2": 8100.0000000104774, "area_km2": 0.0081000000000104773, "relative_position": "后方", "distance_m": 2949.6087083789184, "elevation": 321.8 }, "geometry": { "type": "Polygon", "coordinates": [ [ [ 118.534631908435159, 31.49083847192059 ], [ 118.534645165593972, 31.491650207782456 ], [ 118.535592464363205, 31.491638844056361 ], [ 118.535579199028888, 31.490827108553987 ], [ 118.534631908435159, 31.49083847192059 ] ] ] } },
{ "type": "Feature", "properties": { "area_m2": 8100.000000068103, "area_km2": 0.0081000000000681031, "relative_position": "后方", "distance_m": 3191.8053568181845, "elevation": 210.6 }, "geometry": { "type": "Polygon", "coordinates": [ [ [ 118.530816293397066, 31.489260380398807 ], [ 118.530829516785261, 31.49007211791259 ], [ 118.531776801344122, 31.490060782932098 ], [ 118.531763569781035, 31.489249045776916 ], [ 118.530816293397066, 31.489260380398807 ] ] ] } },
{ "type": "Feature", "properties": { "area_m2": 8099.9999999423744, "area_km2": 0.0080999999999423738, "relative_position": "后方", "distance_m": 3213.6552740210363, "elevation": 192.0 }, "geometry": { "type": "Polygon", "coordinates": [ [ [ 118.529869016478884, 31.489271708014225 ], [ 118.529882231692156, 31.490083445886391 ], [ 118.530829516785261, 31.49007211791259 ], [ 118.530816293397066, 31.489260380398807 ], [ 118.529869016478884, 31.489271708014225 ] ] ] } },
{ "type": "Feature", "properties": { "area_m2": 8100.0000000314321, "area_km2": 0.0081000000000314328, "relative_position": "后方", "distance_m": 3237.8508067826301, "elevation": 177.4 }, "geometry": { "type": "Polygon", "coordinates": [ [ [ 118.528921739026799, 31.489283028623181 ], [ 118.528934946065135, 31.49009476685351 ], [ 118.529882231692156, 31.490083445886391 ], [ 118.529869016478884, 31.489271708014225 ], [ 118.528921739026799, 31.489283028623181 ] ] ] } },
{ "type": "Feature", "properties": { "area_m2": 8099.9999998533167, "area_km2": 0.0080999999998533165, "relative_position": "后方", "distance_m": 3039.1667174857134, "elevation": 298.0 }, "geometry": { "type": "Polygon", "coordinates": [ [ [ 118.534618651811925, 31.490026735950636 ], [ 118.534631908435159, 31.49083847192059 ], [ 118.535579199028888, 31.490827108553987 ], [ 118.535565934230505, 31.490015372943542 ], [ 118.534618651811925, 31.490026735950636 ] ] ] } },
{ "type": "Feature", "properties": { "area_m2": 8099.9999999842839, "area_km2": 0.0080999999999842847, "relative_position": "后方", "distance_m": 3051.5471393721145, "elevation": 278.0 }, "geometry": { "type": "Polygon", "coordinates": [ [ [ 118.533671368857767, 31.490038091951106 ], [ 118.533684617305838, 31.490849828280322 ], [ 118.534631908435159, 31.49083847192059 ], [ 118.534618651811925, 31.490026735950636 ], [ 118.533671368857767, 31.490038091951106 ] ] ] } },
{ "type": "Feature", "properties": { "area_m2": 8099.9999999371357, "area_km2": 0.0080999999999371349, "relative_position": "后方", "distance_m": 3066.5101221339119, "elevation": 261.6 }, "geometry": { "type": "Polygon", "coordinates": [ [ [ 118.532724085368386, 31.490049440944929 ], [ 118.532737325641264, 31.49086117763321 ], [ 118.533684617305838, 31.490849828280322 ], [ 118.533671368857767, 31.490038091951106 ], [ 118.532724085368386, 31.490049440944929 ] ] ] } },
{ "type": "Feature", "properties": { "area_m2": 8099.9999999423744, "area_km2": 0.0080999999999423738, "relative_position": "后方", "distance_m": 3084.0180784526401, "elevation": 236.8 }, "geometry": { "type": "Polygon", "coordinates": [ [ [ 118.531776801344122, 31.490060782932098 ], [ 118.531790033441766, 31.490872519979209 ], [ 118.532737325641264, 31.49086117763321 ], [ 118.532724085368386, 31.490049440944929 ], [ 118.531776801344122, 31.490060782932098 ] ] ] } },
{ "type": "Feature", "properties": { "area_m2": 8100.0, "area_km2": 0.0081, "relative_position": "后方", "distance_m": 3104.0279471354606, "elevation": 200.6 }, "geometry": { "type": "Polygon", "coordinates": [ [ [ 118.530829516785261, 31.49007211791259 ], [ 118.530842740707683, 31.490883855318312 ], [ 118.531790033441766, 31.490872519979209 ], [ 118.531776801344122, 31.490060782932098 ], [ 118.530829516785261, 31.49007211791259 ] ] ] } },
{ "type": "Feature", "properties": { "area_m2": 8099.999999931897, "area_km2": 0.0080999999999318978, "relative_position": "后方", "distance_m": 3126.4916935418332, "elevation": 171.4 }, "geometry": { "type": "Polygon", "coordinates": [ [ [ 118.529882231692156, 31.490083445886391 ], [ 118.52989544743933, 31.490895183650515 ], [ 118.530842740707683, 31.490883855318312 ], [ 118.530829516785261, 31.49007211791259 ], [ 118.529882231692156, 31.490083445886391 ] ] ] } },
{ "type": "Feature", "properties": { "area_m2": 8100.0000000785803, "area_km2": 0.0081000000000785808, "relative_position": "后方", "distance_m": 3151.3568448083442, "elevation": 149.0 }, "geometry": { "type": "Polygon", "coordinates": [ [ [ 118.528934946065135, 31.49009476685351 ], [ 118.528948153637046, 31.49090650497579 ], [ 118.52989544743933, 31.490895183650515 ], [ 118.529882231692156, 31.490083445886391 ], [ 118.528934946065135, 31.49009476685351 ] ] ] } },
{ "type": "Feature", "properties": { "area_m2": 8099.9999999057036, "area_km2": 0.0080999999999057035, "relative_position": "后方", "distance_m": 3558.363109440586, "elevation": 188.4 }, "geometry": { "type": "Polygon", "coordinates": [ [ [ 118.539275284830666, 31.485099443557488 ], [ 118.539288579106454, 31.485911178376355 ], [ 118.540235817971947, 31.48589978213926 ], [ 118.54022251552307, 31.485088047680968 ], [ 118.539275284830666, 31.485099443557488 ] ] ] } },
{ "type": "Feature", "properties": { "area_m2": 8099.9999999214197, "area_km2": 0.0080999999999214201, "relative_position": "后方", "distance_m": 3557.6182719631188, "elevation": 177.0 }, "geometry": { "type": "Polygon", "coordinates": [ [ [ 118.538328053601163, 31.485110832428781 ], [ 118.538341339703862, 31.485922567607993 ], [ 118.539288579106454, 31.485911178376355 ], [ 118.539275284830666, 31.485099443557488 ], [ 118.538328053601163, 31.485110832428781 ] ] ] } },
{ "type": "Feature", "properties": { "area_m2": 8099.9999998899875, "area_km2": 0.0080999999998899869, "relative_position": "后方", "distance_m": 3468.113524897115, "elevation": 214.2 }, "geometry": { "type": "Polygon", "coordinates": [ [ [ 118.539288579106454, 31.485911178376355 ], [ 118.539301873919399, 31.486722913087114 ], [ 118.540249120958279, 31.486711516489446 ], [ 118.540235817971947, 31.48589978213926 ], [ 118.539288579106454, 31.485911178376355 ] ] ] } },
{ "type": "Feature", "properties": { "area_m2": 8099.9999999371357, "area_km2": 0.0080999999999371349, "relative_position": "后方", "distance_m": 3467.3495918269714, "elevation": 210.6 }, "geometry": { "type": "Polygon", "coordinates": [ [ [ 118.538341339703862, 31.485922567607993 ], [ 118.538354626343363, 31.486734302679114 ], [ 118.539301873919399, 31.486722913087114 ], [ 118.539288579106454, 31.485911178376355 ], [ 118.538341339703862, 31.485922567607993 ] ] ] } },
{ "type": "Feature", "properties": { "area_m2": 8099.9999999004649, "area_km2": 0.0080999999999004646, "relative_position": "后方", "distance_m": 3377.8650208298791, "elevation": 225.8 }, "geometry": { "type": "Polygon", "coordinates": [ [ [ 118.539301873919399, 31.486722913087114 ], [ 118.539315169269443, 31.487534647689774 ], [ 118.540262424482066, 31.487523250731517 ], [ 118.540249120958279, 31.486711516489446 ], [ 118.539301873919399, 31.486722913087114 ] ] ] } },
{ "type": "Feature", "properties": { "area_m2": 8100.0, "area_km2": 0.0081, "relative_position": "后方", "distance_m": 3377.0809724680444, "elevation": 240.0 }, "geometry": { "type": "Polygon", "coordinates": [ [ [ 118.538354626343363, 31.486734302679114 ], [ 118.538367913519664, 31.487546037642122 ], [ 118.539315169269443, 31.487534647689774 ], [ 118.539301873919399, 31.486722913087114 ], [ 118.538354626343363, 31.486734302679114 ] ] ] } },
{ "type": "Feature", "properties": { "area_m2": 8100.0000000104774, "area_km2": 0.0081000000000104773, "relative_position": "后方", "distance_m": 3287.6176852713875, "elevation": 219.2 }, "geometry": { "type": "Polygon", "coordinates": [ [ [ 118.539315169269443, 31.487534647689774 ], [ 118.539328465156657, 31.488346382184336 ], [ 118.540275728543349, 31.488334984865496 ], [ 118.540262424482066, 31.487523250731517 ], [ 118.539315169269443, 31.487534647689774 ] ] ] } },
{ "type": "Feature", "properties": { "area_m2": 8099.9999999371357, "area_km2": 0.0080999999999371349, "relative_position": "后方", "distance_m": 3286.8124179503634, "elevation": 245.4 }, "geometry": { "type": "Polygon", "coordinates": [ [ [ 118.538367913519664, 31.487546037642122 ], [ 118.538381201232795, 31.488357772497057 ], [ 118.539328465156657, 31.488346382184336 ], [ 118.539315169269443, 31.487534647689774 ], [ 118.538367913519664, 31.487546037642122 ] ] ] } },
{ "type": "Feature", "properties": { "area_m2": 8099.9999999842839, "area_km2": 0.0080999999999842847, "relative_position": "后方", "distance_m": 3197.371616200981, "elevation": 199.8 }, "geometry": { "type": "Polygon", "coordinates": [ [ [ 118.539328465156657, 31.488346382184336 ], [ 118.539341761581042, 31.489158116570788 ], [ 118.540289033142145, 31.489146718891355 ], [ 118.540275728543349, 31.488334984865496 ], [ 118.539328465156657, 31.488346382184336 ] ] ] } },
{ "type": "Feature", "properties": { "area_m2": 8099.9999998899875, "area_km2": 0.0080999999998899869, "relative_position": "后方", "distance_m": 3196.5439327951126, "elevation": 233.0 }, "geometry": { "type": "Polygon", "coordinates": [ [ [ 118.538381201232795, 31.488357772497057 ], [ 118.538394489482755, 31.48916950724389 ], [ 118.539341761581042, 31.489158116570788 ], [ 118.539328465156657, 31.488346382184336 ], [ 118.538381201232795, 31.488357772497057 ] ] ] } },
{ "type": "Feature", "properties": { "area_m2": 8100.0000000785803, "area_km2": 0.0081000000000785808, "relative_position": "后方", "distance_m": 3583.9274301587352, "elevation": 136.6 }, "geometry": { "type": "Polygon", "coordinates": [ [ [ 118.543064204374417, 31.485053818020148 ], [ 118.543077531342405, 31.485865551395403 ], [ 118.544024768056133, 31.48585412713663 ], [ 118.544011432915127, 31.485042394122836 ], [ 118.543064204374417, 31.485053818020148 ] ] ] } },
{ "type": "Feature", "properties": { "area_m2": 8099.9999999738066, "area_km2": 0.008099999999973807, "relative_position": "后方", "distance_m": 3574.1685583262824, "elevation": 157.0 }, "geometry": { "type": "Polygon", "coordinates": [ [ [ 118.542116975295286, 31.48506523491228 ], [ 118.542130294090242, 31.485876968648764 ], [ 118.543077531342405, 31.485865551395403 ], [ 118.543064204374417, 31.485053818020148 ], [ 118.542116975295286, 31.48506523491228 ] ] ] } },
{ "type": "Feature", "properties": { "area_m2": 8100.0000000052387, "area_km2": 0.0081000000000052384, "relative_position": "后方", "distance_m": 3494.3370083601685, "elevation": 117.2 }, "geometry": { "type": "Polygon", "coordinates": [ [ [ 118.543077531342405, 31.485865551395403 ], [ 118.543090858848856, 31.48667728466253 ], [ 118.5440381037359, 31.486665860042304 ], [ 118.544024768056133, 31.48585412713663 ], [ 118.543077531342405, 31.485865551395403 ] ] ] } },
{ "type": "Feature", "properties": { "area_m2": 8100.0000000785803, "area_km2": 0.0081000000000785808, "relative_position": "后方", "distance_m": 3484.3275125230739, "elevation": 139.4 }, "geometry": { "type": "Polygon", "coordinates": [ [ [ 118.542130294090242, 31.485876968648764 ], [ 118.542143613423335, 31.486688702277139 ], [ 118.543090858848856, 31.48667728466253 ], [ 118.543077531342405, 31.485865551395403 ], [ 118.542130294090242, 31.485876968648764 ] ] ] } },
{ "type": "Feature", "properties": { "area_m2": 8099.9999999842839, "area_km2": 0.0080999999999842847, "relative_position": "后方", "distance_m": 3404.7824724182192, "elevation": 102.8 }, "geometry": { "type": "Polygon", "coordinates": [ [ [ 118.543090858848856, 31.48667728466253 ], [ 118.543104186893729, 31.487489017821527 ], [ 118.544051439954444, 31.487477592839827 ], [ 118.5440381037359, 31.486665860042304 ], [ 118.543090858848856, 31.48667728466253 ] ] ] } },
{ "type": "Feature", "properties": { "area_m2": 8100.0000001047738, "area_km2": 0.0081000000001047734, "relative_position": "后方", "distance_m": 3394.5092140386046, "elevation": 126.0 }, "geometry": { "type": "Polygon", "coordinates": [ [ [ 118.542143613423335, 31.486688702277139 ], [ 118.542156933294535, 31.487500435797376 ], [ 118.543104186893729, 31.487489017821527 ], [ 118.543090858848856, 31.48667728466253 ], [ 118.542143613423335, 31.486688702277139 ] ] ] } },
{ "type": "Feature", "properties": { "area_m2": 8100.0000001362059, "area_km2": 0.0081000000001362066, "relative_position": "后方", "distance_m": 3315.2667295285528, "elevation": 89.2 }, "geometry": { "type": "Polygon", "coordinates": [ [ [ 118.543104186893729, 31.487489017821527 ], [ 118.543117515477093, 31.488300750872405 ], [ 118.544064776711807, 31.488289325529241 ], [ 118.544051439954444, 31.487477592839827 ], [ 118.543104186893729, 31.487489017821527 ] ] ] } },
{ "type": "Feature", "properties": { "area_m2": 8100.0000001152512, "area_km2": 0.0081000000001152511, "relative_position": "后方", "distance_m": 3304.7155166682237, "elevation": 114.4 }, "geometry": { "type": "Polygon", "coordinates": [ [ [ 118.542156933294535, 31.487500435797376 ], [ 118.542170253703901, 31.488312169209514 ], [ 118.543117515477093, 31.488300750872405 ], [ 118.543104186893729, 31.487489017821527 ], [ 118.542156933294535, 31.487500435797376 ] ] ] } },
{ "type": "Feature", "properties": { "area_m2": 8099.9999999004649, "area_km2": 0.0080999999999004646, "relative_position": "后方", "distance_m": 3214.9484807821618, "elevation": 96.2 }, "geometry": { "type": "Polygon", "coordinates": [ [ [ 118.542170253703901, 31.488312169209514 ], [ 118.542183574651432, 31.489123902513516 ], [ 118.543130844598963, 31.489112483815152 ], [ 118.543117515477093, 31.488300750872405 ], [ 118.542170253703901, 31.488312169209514 ] ] ] } },
{ "type": "Feature", "properties": { "area_m2": 8099.9999999371357, "area_km2": 0.0080999999999371349, "relative_position": "后方", "distance_m": 3125.2104028201074, "elevation": 83.8 }, "geometry": { "type": "Polygon", "coordinates": [ [ [ 118.542183574651432, 31.489123902513516 ], [ 118.542196896137142, 31.489935635709408 ], [ 118.543144174259325, 31.489924216649779 ], [ 118.543130844598963, 31.489112483815152 ], [ 118.542183574651432, 31.489123902513516 ] ] ] } },
{ "type": "Feature", "properties": { "area_m2": 8100.0000000366708, "area_km2": 0.0081000000000366716, "relative_position": "后方", "distance_m": 3472.7989977132775, "elevation": 173.6 }, "geometry": { "type": "Polygon", "coordinates": [ [ [ 118.536446859288631, 31.48594532505486 ], [ 118.536460129581201, 31.486757060846024 ], [ 118.537407378230526, 31.486745685265415 ], [ 118.53739409976447, 31.485933949834159 ], [ 118.536446859288631, 31.48594532505486 ] ] ] } },
{ "type": "Feature", "properties": { "area_m2": 8099.9999999580905, "area_km2": 0.0080999999999580904, "relative_position": "后方", "distance_m": 3479.001412180553, "elevation": 156.2 }, "geometry": { "type": "Polygon", "coordinates": [ [ [ 118.535499618276646, 31.485956693270062 ], [ 118.535512880395743, 31.486768429420916 ], [ 118.536460129581201, 31.486757060846024 ], [ 118.536446859288631, 31.48594532505486 ], [ 118.535499618276646, 31.485956693270062 ] ] ] } },
{ "type": "Feature", "properties": { "area_m2": 8099.9999999633292, "area_km2": 0.0080999999999633292, "relative_position": "后方", "distance_m": 3378.685898153657, "elevation": 223.8 }, "geometry": { "type": "Polygon", "coordinates": [ [ [ 118.537407378230526, 31.486745685265415 ], [ 118.537420657233056, 31.487557420588576 ], [ 118.538367913519664, 31.487546037642122 ], [ 118.538354626343363, 31.486734302679114 ], [ 118.537407378230526, 31.486745685265415 ] ] ] } },
{ "type": "Feature", "properties": { "area_m2": 8100.000000151922, "area_km2": 0.0081000000001519214, "relative_position": "后方", "distance_m": 3382.6763998164447, "elevation": 206.0 }, "geometry": { "type": "Polygon", "coordinates": [ [ [ 118.536460129581201, 31.486757060846024 ], [ 118.536473400409932, 31.487568796529104 ], [ 118.537420657233056, 31.487557420588576 ], [ 118.537407378230526, 31.486745685265415 ], [ 118.536460129581201, 31.486757060846024 ] ] ] } },
{ "type": "Feature", "properties": { "area_m2": 8099.9999999057036, "area_km2": 0.0080999999999057035, "relative_position": "后方", "distance_m": 3389.0440529312455, "elevation": 184.6 }, "geometry": { "type": "Polygon", "coordinates": [ [ [ 118.535512880395743, 31.486768429420916 ], [ 118.53552614305066, 31.487580165463694 ], [ 118.536473400409932, 31.487568796529104 ], [ 118.536460129581201, 31.486757060846024 ], [ 118.535512880395743, 31.486768429420916 ] ] ] } },
{ "type": "Feature", "properties": { "area_m2": 8100.000000083819, "area_km2": 0.0081000000000838197, "relative_position": "后方", "distance_m": 3288.4617077293356, "elevation": 247.4 }, "geometry": { "type": "Polygon", "coordinates": [ [ [ 118.537420657233056, 31.487557420588576 ], [ 118.537433936772061, 31.488369155803653 ], [ 118.538381201232795, 31.488357772497057 ], [ 118.538367913519664, 31.487546037642122 ], [ 118.537420657233056, 31.487557420588576 ] ] ] } },
{ "type": "Feature", "properties": { "area_m2": 8100.0000000733417, "area_km2": 0.0081000000000733419, "relative_position": "后方", "distance_m": 3292.5618684213628, "elevation": 236.0 }, "geometry": { "type": "Polygon", "coordinates": [ [ [ 118.536473400409932, 31.487568796529104 ], [ 118.536486671774824, 31.488380532104095 ], [ 118.537433936772061, 31.488369155803653 ], [ 118.537420657233056, 31.487557420588576 ], [ 118.536473400409932, 31.487568796529104 ] ] ] } },
{ "type": "Feature", "properties": { "area_m2": 8099.9999999895226, "area_km2": 0.0080999999999895218, "relative_position": "后方", "distance_m": 3299.1037644972153, "elevation": 219.4 }, "geometry": { "type": "Polygon", "coordinates": [ [ [ 118.53552614305066, 31.487580165463694 ], [ 118.535539406241412, 31.488391901398387 ], [ 118.536486671774824, 31.488380532104095 ], [ 118.536473400409932, 31.487568796529104 ], [ 118.53552614305066, 31.487580165463694 ] ] ] } },
{ "type": "Feature", "properties": { "area_m2": 8100.0000000209548, "area_km2": 0.008100000000020955, "relative_position": "后方", "distance_m": 3198.2400911527047, "elevation": 257.0 }, "geometry": { "type": "Polygon", "coordinates": [ [ [ 118.537433936772061, 31.488369155803653 ], [ 118.53744721684761, 31.489180890910632 ], [ 118.538394489482755, 31.48916950724389 ], [ 118.538381201232795, 31.488357772497057 ], [ 118.537433936772061, 31.488369155803653 ] ] ] } },
{ "type": "Feature", "properties": { "area_m2": 8100.0000000576256, "area_km2": 0.0081000000000576253, "relative_position": "后方", "distance_m": 3202.4560835107513, "elevation": 265.0 }, "geometry": { "type": "Polygon", "coordinates": [ [ [ 118.536486671774824, 31.488380532104095 ], [ 118.536499943675921, 31.489192267571013 ], [ 118.53744721684761, 31.489180890910632 ], [ 118.537433936772061, 31.488369155803653 ], [ 118.536486671774824, 31.488380532104095 ] ] ] } },
{ "type": "Feature", "properties": { "area_m2": 8100.0000002147863, "area_km2": 0.0081000000002147861, "relative_position": "后方", "distance_m": 3107.1269229721825, "elevation": 166.2 }, "geometry": { "type": "Polygon", "coordinates": [ [ [ 118.539341761581042, 31.489158116570788 ], [ 118.53935505854264, 31.48996985084915 ], [ 118.540302338278451, 31.489958452809105 ], [ 118.540289033142145, 31.489146718891355 ], [ 118.539341761581042, 31.489158116570788 ] ] ] } },
{ "type": "Feature", "properties": { "area_m2": 8100.000000068103, "area_km2": 0.0081000000000681031, "relative_position": "后方", "distance_m": 3106.2755220501231, "elevation": 206.4 }, "geometry": { "type": "Polygon", "coordinates": [ [ [ 118.538394489482755, 31.48916950724389 ], [ 118.538407778269615, 31.489981241882624 ], [ 118.53935505854264, 31.48996985084915 ], [ 118.539341761581042, 31.489158116570788 ], [ 118.538394489482755, 31.48916950724389 ] ] ] } },
{ "type": "Feature", "properties": { "area_m2": 8099.999999764259, "area_km2": 0.0080999999997642593, "relative_position": "后方", "distance_m": 3016.8837280245693, "elevation": 148.2 }, "geometry": { "type": "Polygon", "coordinates": [ [ [ 118.53935505854264, 31.48996985084915 ], [ 118.53936835604145, 31.490781585019374 ], [ 118.540315643952312, 31.49077018661874 ], [ 118.540302338278451, 31.489958452809105 ], [ 118.53935505854264, 31.48996985084915 ] ] ] } },
{ "type": "Feature", "properties": { "area_m2": 8099.9999999057036, "area_km2": 0.0080999999999057035, "relative_position": "后方", "distance_m": 3016.0071913716838, "elevation": 185.2 }, "geometry": { "type": "Polygon", "coordinates": [ [ [ 118.538407778269615, 31.489981241882624 ], [ 118.538421067593319, 31.490792976413235 ], [ 118.53936835604145, 31.490781585019374 ], [ 118.53935505854264, 31.48996985084915 ], [ 118.538407778269615, 31.489981241882624 ] ] ] } },
{ "type": "Feature", "properties": { "area_m2": 8099.9999999738066, "area_km2": 0.008099999999973807, "relative_position": "后方", "distance_m": 2926.6421688968135, "elevation": 152.0 }, "geometry": { "type": "Polygon", "coordinates": [ [ [ 118.53936835604145, 31.490781585019374 ], [ 118.539381654077459, 31.49159331908151 ], [ 118.540328950163726, 31.49158192032025 ], [ 118.540315643952312, 31.49077018661874 ], [ 118.53936835604145, 31.490781585019374 ] ] ] } },
{ "type": "Feature", "properties": { "area_m2": 8100.0000001204899, "area_km2": 0.00810000000012049, "relative_position": "后方", "distance_m": 2925.7389471079855, "elevation": 183.4 }, "geometry": { "type": "Polygon", "coordinates": [ [ [ 118.538421067593319, 31.490792976413235 ], [ 118.538434357453937, 31.491604710835766 ], [ 118.539381654077459, 31.49159331908151 ], [ 118.53936835604145, 31.490781585019374 ], [ 118.538421067593319, 31.490792976413235 ] ] ] } },
{ "type": "Feature", "properties": { "area_m2": 8099.9999998952262, "area_km2": 0.0080999999998952257, "relative_position": "后方", "distance_m": 2927.5930534677004, "elevation": 225.6 }, "geometry": { "type": "Polygon", "coordinates": [ [ [ 118.53747377860833, 31.490804360800304 ], [ 118.537487060293515, 31.491616095582998 ], [ 118.538434357453937, 31.491604710835766 ], [ 118.538421067593319, 31.490792976413235 ], [ 118.53747377860833, 31.490804360800304 ] ] ] } },
{ "type": "Feature", "properties": { "area_m2": 8099.9999999266583, "area_km2": 0.0080999999999266589, "relative_position": "后方", "distance_m": 2836.4024006290256, "elevation": 181.6 }, "geometry": { "type": "Polygon", "coordinates": [ [ [ 118.539381654077459, 31.49159331908151 ], [ 118.539394952650753, 31.492405053035526 ], [ 118.540342256912723, 31.492393653913663 ], [ 118.540328950163726, 31.49158192032025 ], [ 118.539381654077459, 31.49159331908151 ] ] ] } },
{ "type": "Feature", "properties": { "area_m2": 8100.0000000733417, "area_km2": 0.0081000000000733419, "relative_position": "后方", "distance_m": 2835.4707964146464, "elevation": 202.8 }, "geometry": { "type": "Polygon", "coordinates": [ [ [ 118.538434357453937, 31.491604710835766 ], [ 118.538447647851513, 31.492416445150184 ], [ 118.539394952650753, 31.492405053035526 ], [ 118.539381654077459, 31.49159331908151 ], [ 118.538434357453937, 31.491604710835766 ] ] ] } },
{ "type": "Feature", "properties": { "area_m2": 8100.0000000314321, "area_km2": 0.0081000000000314328, "relative_position": "后方", "distance_m": 2837.3842518419742, "elevation": 232.4 }, "geometry": { "type": "Polygon", "coordinates": [ [ [ 118.537487060293515, 31.491616095582998 ], [ 118.537500342515301, 31.492427830257583 ], [ 118.538447647851513, 31.492416445150184 ], [ 118.538434357453937, 31.491604710835766 ], [ 118.537487060293515, 31.491616095582998 ] ] ] } },
{ "type": "Feature", "properties": { "area_m2": 8100.0000001466833, "area_km2": 0.0081000000001466826, "relative_position": "后方", "distance_m": 3116.6061593674153, "elevation": 115.6 }, "geometry": { "type": "Polygon", "coordinates": [ [ [ 118.541236304165707, 31.489135314205594 ], [ 118.541249617476737, 31.489947047762531 ], [ 118.542196896137142, 31.489935635709408 ], [ 118.542183574651432, 31.489123902513516 ], [ 118.541236304165707, 31.489135314205594 ] ] ] } },
{ "type": "Feature", "properties": { "area_m2": 8100.0000001623994, "area_km2": 0.0081000000001623992, "relative_position": "后方", "distance_m": 3110.5733392048805, "elevation": 141.0 }, "geometry": { "type": "Polygon", "coordinates": [ [ [ 118.540289033142145, 31.489146718891355 ], [ 118.540302338278451, 31.489958452809105 ], [ 118.541249617476737, 31.489947047762531 ], [ 118.541236304165707, 31.489135314205594 ], [ 118.540289033142145, 31.489146718891355 ] ] ] } },
{ "type": "Feature", "properties": { "area_m2": 8099.9999998899875, "area_km2": 0.0080999999998899869, "relative_position": "后方", "distance_m": 3026.6449356574508, "elevation": 108.6 }, "geometry": { "type": "Polygon", "coordinates": [ [ [ 118.541249617476737, 31.489947047762531 ], [ 118.541262931325633, 31.490758781211316 ], [ 118.54221021816106, 31.490747368797155 ], [ 118.542196896137142, 31.489935635709408 ], [ 118.541249617476737, 31.489947047762531 ] ] ] } },
{ "type": "Feature", "properties": { "area_m2": 8099.9999998795101, "area_km2": 0.0080999999998795109, "relative_position": "后方", "distance_m": 3020.4327774363855, "elevation": 128.2 }, "geometry": { "type": "Polygon", "coordinates": [ [ [ 118.540302338278451, 31.489958452809105 ], [ 118.540315643952312, 31.49077018661874 ], [ 118.541262931325633, 31.490758781211316 ], [ 118.541249617476737, 31.489947047762531 ], [ 118.540302338278451, 31.489958452809105 ] ] ] } },
{ "type": "Feature", "properties": { "area_m2": 8100.0000000733417, "area_km2": 0.0081000000000733419, "relative_position": "后方", "distance_m": 2936.7026429709367, "elevation": 110.2 }, "geometry": { "type": "Polygon", "coordinates": [ [ [ 118.541262931325633, 31.490758781211316 ], [ 118.54127624571241, 31.491570514552006 ], [ 118.542223540723171, 31.49155910177679 ], [ 118.54221021816106, 31.490747368797155 ], [ 118.541262931325633, 31.490758781211316 ] ] ] } },
{ "type": "Feature", "properties": { "area_m2": 8100.0000001466833, "area_km2": 0.0081000000001466826, "relative_position": "后方", "distance_m": 2930.3001664545568, "elevation": 128.8 }, "geometry": { "type": "Polygon", "coordinates": [ [ [ 118.540315643952312, 31.49077018661874 ], [ 118.540328950163726, 31.49158192032025 ], [ 118.54127624571241, 31.491570514552006 ], [ 118.541262931325633, 31.490758781211316 ], [ 118.540315643952312, 31.49077018661874 ] ] ] } },
{ "type": "Feature", "properties": { "area_m2": 8099.9999999580905, "area_km2": 0.0080999999999580904, "relative_position": "后方", "distance_m": 2846.7810745575712, "elevation": 142.0 }, "geometry": { "type": "Polygon", "coordinates": [ [ [ 118.54127624571241, 31.491570514552006 ], [ 118.541289560637097, 31.492382247784565 ], [ 118.542236863823561, 31.492370834648291 ], [ 118.542223540723171, 31.49155910177679 ], [ 118.54127624571241, 31.491570514552006 ] ] ] } },
{ "type": "Feature", "properties": { "area_m2": 8100.0000000628643, "area_km2": 0.0081000000000628642, "relative_position": "后方", "distance_m": 2840.1762621158095, "elevation": 161.4 }, "geometry": { "type": "Polygon", "coordinates": [ [ [ 118.540328950163726, 31.49158192032025 ], [ 118.540342256912723, 31.492393653913663 ], [ 118.541289560637097, 31.492382247784565 ], [ 118.54127624571241, 31.491570514552006 ], [ 118.540328950163726, 31.49158192032025 ] ] ] } },
{ "type": "Feature", "properties": { "area_m2": 8100.0000000995351, "area_km2": 0.0081000000000995345, "relative_position": "后方", "distance_m": 2756.882257193432, "elevation": 179.8 }, "geometry": { "type": "Polygon", "coordinates": [ [ [ 118.541289560637097, 31.492382247784565 ], [ 118.541302876099735, 31.493193980909016 ], [ 118.542250187462201, 31.493182567411647 ], [ 118.542236863823561, 31.492370834648291 ], [ 118.541289560637097, 31.492382247784565 ] ] ] } },
{ "type": "Feature", "properties": { "area_m2": 8100.0000000419095, "area_km2": 0.0081000000000419087, "relative_position": "后方", "distance_m": 2750.0619192869076, "elevation": 199.2 }, "geometry": { "type": "Polygon", "coordinates": [ [ [ 118.540342256912723, 31.492393653913663 ], [ 118.540355564199317, 31.493205387398934 ], [ 118.541302876099735, 31.493193980909016 ], [ 118.541289560637097, 31.492382247784565 ], [ 118.540342256912723, 31.492393653913663 ] ] ] } },
{ "type": "Feature", "properties": { "area_m2": 8099.9999999633292, "area_km2": 0.0080999999999633292, "relative_position": "后方", "distance_m": 2746.1645986330254, "elevation": 211.2 }, "geometry": { "type": "Polygon", "coordinates": [ [ [ 118.539394952650753, 31.492405053035526 ], [ 118.539408251761287, 31.493216786881447 ], [ 118.540355564199317, 31.493205387398934 ], [ 118.540342256912723, 31.492393653913663 ], [ 118.539394952650753, 31.492405053035526 ] ] ] } },
{ "type": "Feature", "properties": { "area_m2": 8100.0000000104774, "area_km2": 0.0081000000000104773, "relative_position": "后方", "distance_m": 2745.2027473939497, "elevation": 221.2 }, "geometry": { "type": "Polygon", "coordinates": [ [ [ 118.538447647851513, 31.492416445150184 ], [ 118.538460938785974, 31.4932281793565 ], [ 118.539408251761287, 31.493216786881447 ], [ 118.539394952650753, 31.492405053035526 ], [ 118.538447647851513, 31.492416445150184 ] ] ] } },
{ "type": "Feature", "properties": { "area_m2": 8100.0000000523869, "area_km2": 0.0081000000000523865, "relative_position": "后方", "distance_m": 2747.1794517460207, "elevation": 232.0 }, "geometry": { "type": "Polygon", "coordinates": [ [ [ 118.537500342515301, 31.492427830257583 ], [ 118.537513625273718, 31.493239564824091 ], [ 118.538460938785974, 31.4932281793565 ], [ 118.538447647851513, 31.492416445150184 ], [ 118.537500342515301, 31.492427830257583 ] ] ] } },
{ "type": "Feature", "properties": { "area_m2": 8100.0000000523869, "area_km2": 0.0081000000000523865, "relative_position": "后方", "distance_m": 2655.9289621603129, "elevation": 192.2 }, "geometry": { "type": "Polygon", "coordinates": [ [ [ 118.539408251761287, 31.493216786881447 ], [ 118.539421551409134, 31.494028520619231 ], [ 118.540368872023549, 31.4940171207761 ], [ 118.540355564199317, 31.493205387398934 ], [ 118.539408251761287, 31.493216786881447 ] ] ] } },
{ "type": "Feature", "properties": { "area_m2": 8099.9999998847488, "area_km2": 0.008099999999884748, "relative_position": "后方", "distance_m": 2654.9348092471059, "elevation": 191.0 }, "geometry": { "type": "Polygon", "coordinates": [ [ [ 118.538460938785974, 31.4932281793565 ], [ 118.538474230257435, 31.494039913454692 ], [ 118.539421551409134, 31.494028520619231 ], [ 118.539408251761287, 31.493216786881447 ], [ 118.538460938785974, 31.4932281793565 ] ] ] } },
{ "type": "Feature", "properties": { "area_m2": 8099.9999999004649, "area_km2": 0.0080999999999004646, "relative_position": "后方", "distance_m": 2656.9790595645372, "elevation": 198.0 }, "geometry": { "type": "Polygon", "coordinates": [ [ [ 118.537513625273718, 31.493239564824091 ], [ 118.537526908568751, 31.494051299282475 ], [ 118.538474230257435, 31.494039913454692 ], [ 118.538460938785974, 31.4932281793565 ], [ 118.537513625273718, 31.493239564824091 ] ] ] } },
{ "type": "Feature", "properties": { "area_m2": 8100.0000001152512, "area_km2": 0.0081000000001152511, "relative_position": "后方", "distance_m": 2565.6957184849407, "elevation": 148.6 }, "geometry": { "type": "Polygon", "coordinates": [ [ [ 118.539421551409134, 31.494028520619231 ], [ 118.53943485159428, 31.494840254248906 ], [ 118.540382180385407, 31.494828854045146 ], [ 118.540368872023549, 31.4940171207761 ], [ 118.539421551409134, 31.494028520619231 ] ] ] } },
{ "type": "Feature", "properties": { "area_m2": 8099.9999998742715, "area_km2": 0.008099999999874272, "relative_position": "后方", "distance_m": 2564.6669924741377, "elevation": 152.0 }, "geometry": { "type": "Polygon", "coordinates": [ [ [ 118.538474230257435, 31.494039913454692 ], [ 118.538487522265854, 31.494851647444783 ], [ 118.53943485159428, 31.494840254248906 ], [ 118.539421551409134, 31.494028520619231 ], [ 118.538474230257435, 31.494039913454692 ] ] ] } },
{ "type": "Feature", "properties": { "area_m2": 8099.9999998795101, "area_km2": 0.0080999999998795109, "relative_position": "后方", "distance_m": 2566.7835387938617, "elevation": 169.6 }, "geometry": { "type": "Polygon", "coordinates": [ [ [ 118.537526908568751, 31.494051299282475 ], [ 118.537540192400428, 31.494863033632768 ], [ 118.538487522265854, 31.494851647444783 ], [ 118.538474230257435, 31.494039913454692 ], [ 118.537526908568751, 31.494051299282475 ] ] ] } },
{ "type": "Feature", "properties": { "area_m2": 8100.0000000314321, "area_km2": 0.0081000000000314328, "relative_position": "后方", "distance_m": 2475.4651280155877, "elevation": 139.0 }, "geometry": { "type": "Polygon", "coordinates": [ [ [ 118.53943485159428, 31.494840254248906 ], [ 118.53944815231678, 31.495651987770465 ], [ 118.540395489284919, 31.495640587206051 ], [ 118.540382180385407, 31.494828854045146 ], [ 118.53943485159428, 31.494840254248906 ] ] ] } },
{ "type": "Feature", "properties": { "area_m2": 8100.0000000314321, "area_km2": 0.0081000000000314328, "relative_position": "后方", "distance_m": 2667.0084903748893, "elevation": 184.8 }, "geometry": { "type": "Polygon", "coordinates": [ [ [ 118.541302876099735, 31.493193980909016 ], [ 118.541316192100311, 31.494005713925315 ], [ 118.542263511639106, 31.493994300066884 ], [ 118.542250187462201, 31.493182567411647 ], [ 118.541302876099735, 31.493193980909016 ] ] ] } },
{ "type": "Feature", "properties": { "area_m2": 8099.9999999633292, "area_km2": 0.0080999999999633292, "relative_position": "后方", "distance_m": 2659.9581085764266, "elevation": 200.2 }, "geometry": { "type": "Polygon", "coordinates": [ [ [ 118.540355564199317, 31.493205387398934 ], [ 118.540368872023549, 31.4940171207761 ], [ 118.541316192100311, 31.494005713925315 ], [ 118.541302876099735, 31.493193980909016 ], [ 118.540355564199317, 31.493205387398934 ] ] ] } },
{ "type": "Feature", "properties": { "area_m2": 8100.0000000576256, "area_km2": 0.0081000000000576253, "relative_position": "后方", "distance_m": 2577.1623936719207, "elevation": 143.0 }, "geometry": { "type": "Polygon", "coordinates": [ [ [ 118.541316192100311, 31.494005713925315 ], [ 118.541329508638853, 31.494817446833501 ], [ 118.542276836354304, 31.494806032613997 ], [ 118.542263511639106, 31.493994300066884 ], [ 118.541316192100311, 31.494005713925315 ] ] ] } },
{ "type": "Feature", "properties": { "area_m2": 8099.9999999947613, "area_km2": 0.0080999999999947607, "relative_position": "后方", "distance_m": 2569.8659365998606, "elevation": 146.0 }, "geometry": { "type": "Polygon", "coordinates": [ [ [ 118.540368872023549, 31.4940171207761 ], [ 118.540382180385407, 31.494828854045146 ], [ 118.541329508638853, 31.494817446833501 ], [ 118.541316192100311, 31.494005713925315 ], [ 118.540368872023549, 31.4940171207761 ] ] ] } },
{ "type": "Feature", "properties": { "area_m2": 8099.9999998952262, "area_km2": 0.0080999999998952257, "relative_position": "后方", "distance_m": 2487.3469642773016, "elevation": 115.6 }, "geometry": { "type": "Polygon", "coordinates": [ [ [ 118.541329508638853, 31.494817446833501 ], [ 118.541342825715404, 31.49562917963355 ], [ 118.542290161607852, 31.495617765052955 ], [ 118.542276836354304, 31.494806032613997 ], [ 118.541329508638853, 31.494817446833501 ] ] ] } },
{ "type": "Feature", "properties": { "area_m2": 8100.0000000157161, "area_km2": 0.0081000000000157162, "relative_position": "后方", "distance_m": 2479.7866706314917, "elevation": 125.4 }, "geometry": { "type": "Polygon", "coordinates": [ [ [ 118.540382180385407, 31.494828854045146 ], [ 118.540395489284919, 31.495640587206051 ], [ 118.541342825715404, 31.49562917963355 ], [ 118.541329508638853, 31.494817446833501 ], [ 118.540382180385407, 31.494828854045146 ] ] ] } },
{ "type": "Feature", "properties": { "area_m2": 8099.9999999738066, "area_km2": 0.008099999999973807, "relative_position": "后方", "distance_m": 2389.7217688294841, "elevation": 164.2 }, "geometry": { "type": "Polygon", "coordinates": [ [ [ 118.540395489284919, 31.495640587206051 ], [ 118.540408798722126, 31.496452320258847 ], [ 118.541356143329935, 31.496440912325472 ], [ 118.541342825715404, 31.49562917963355 ], [ 118.540395489284919, 31.495640587206051 ] ] ] } },
{ "type": "Feature", "properties": { "area_m2": 8099.9999999842839, "area_km2": 0.0080999999999842847, "relative_position": "后方", "distance_m": 2385.2374905504143, "elevation": 186.8 }, "geometry": { "type": "Polygon", "coordinates": [ [ [ 118.53944815231678, 31.495651987770465 ], [ 118.539461453576592, 31.496463721183915 ], [ 118.540408798722126, 31.496452320258847 ], [ 118.540395489284919, 31.495640587206051 ], [ 118.53944815231678, 31.495651987770465 ] ] ] } },
{ "type": "Feature", "properties": { "area_m2": 8100.0000000890577, "area_km2": 0.0081000000000890585, "relative_position": "后方", "distance_m": 2295.0131530264748, "elevation": 211.6 }, "geometry": { "type": "Polygon", "coordinates": [ [ [ 118.539461453576592, 31.496463721183915 ], [ 118.539474755373789, 31.497275454489216 ], [ 118.540422108697001, 31.497264053203502 ], [ 118.540408798722126, 31.496452320258847 ], [ 118.539461453576592, 31.496463721183915 ] ] ] } },
{ "type": "Feature", "properties": { "area_m2": 8100.0000000261934, "area_km2": 0.0081000000000261939, "relative_position": "后方", "distance_m": 2474.3993090998506, "elevation": 157.8 }, "geometry": { "type": "Polygon", "coordinates": [ [ [ 118.538487522265854, 31.494851647444783 ], [ 118.538500814811272, 31.495663381326764 ], [ 118.53944815231678, 31.495651987770465 ], [ 118.53943485159428, 31.494840254248906 ], [ 118.538487522265854, 31.494851647444783 ] ] ] } },
{ "type": "Feature", "properties": { "area_m2": 8099.9999999423744, "area_km2": 0.0080999999999423738, "relative_position": "后方", "distance_m": 2476.5934204161567, "elevation": 179.6 }, "geometry": { "type": "Polygon", "coordinates": [ [ [ 118.537540192400428, 31.494863033632768 ], [ 118.537553476768764, 31.495674767874938 ], [ 118.538500814811272, 31.495663381326764 ], [ 118.538487522265854, 31.494851647444783 ], [ 118.537540192400428, 31.494863033632768 ] ] ] } },
{ "type": "Feature", "properties": { "area_m2": 8100.0000000890577, "area_km2": 0.0081000000000890585, "relative_position": "后方", "distance_m": 2384.1317729773837, "elevation": 193.6 }, "geometry": { "type": "Polygon", "coordinates": [ [ [ 118.538500814811272, 31.495663381326764 ], [ 118.538514107893704, 31.49647511510063 ], [ 118.539461453576592, 31.496463721183915 ], [ 118.53944815231678, 31.495651987770465 ], [ 118.538500814811272, 31.495663381326764 ] ] ] } },
{ "type": "Feature", "properties": { "area_m2": 8099.9999998952262, "area_km2": 0.0080999999998952257, "relative_position": "后方", "distance_m": 2386.4093156536001, "elevation": 213.0 }, "geometry": { "type": "Polygon", "coordinates": [ [ [ 118.537553476768764, 31.495674767874938 ], [ 118.537566761673816, 31.496486502009024 ], [ 118.538514107893704, 31.49647511510063 ], [ 118.538500814811272, 31.495663381326764 ], [ 118.537553476768764, 31.495674767874938 ] ] ] } },
{ "type": "Feature", "properties": { "area_m2": 8099.9999999580905, "area_km2": 0.0080999999999580904, "relative_position": "后方", "distance_m": 2293.8644001365019, "elevation": 232.0 }, "geometry": { "type": "Polygon", "coordinates": [ [ [ 118.538514107893704, 31.49647511510063 ], [ 118.538527401513207, 31.49728684876639 ], [ 118.539474755373789, 31.497275454489216 ], [ 118.539461453576592, 31.496463721183915 ], [ 118.538514107893704, 31.49647511510063 ] ] ] } },
{ "type": "Feature", "properties": { "area_m2": 8099.9999999790452, "area_km2": 0.0080999999999790458, "relative_position": "后方", "distance_m": 2296.2319317064935, "elevation": 252.2 }, "geometry": { "type": "Polygon", "coordinates": [ [ [ 118.537566761673816, 31.496486502009024 ], [ 118.53758004711554, 31.497298236034975 ], [ 118.538527401513207, 31.49728684876639 ], [ 118.538514107893704, 31.49647511510063 ], [ 118.537566761673816, 31.496486502009024 ] ] ] } },
{ "type": "Feature", "properties": { "area_m2": 8099.9999999738066, "area_km2": 0.008099999999973807, "relative_position": "后方", "distance_m": 2203.597209234234, "elevation": 246.2 }, "geometry": { "type": "Polygon", "coordinates": [ [ [ 118.538527401513207, 31.49728684876639 ], [ 118.538540695669738, 31.498098582324022 ], [ 118.539488057708382, 31.498087187686419 ], [ 118.539474755373789, 31.497275454489216 ], [ 118.538527401513207, 31.49728684876639 ] ] ] } },
{ "type": "Feature", "properties": { "area_m2": 8099.9999999528518, "area_km2": 0.0080999999999528515, "relative_position": "后方", "distance_m": 2206.0620913488851, "elevation": 268.8 }, "geometry": { "type": "Polygon", "coordinates": [ [ [ 118.53758004711554, 31.497298236034975 ], [ 118.537593333094023, 31.498109969952829 ], [ 118.538540695669738, 31.498098582324022 ], [ 118.538527401513207, 31.49728684876639 ], [ 118.53758004711554, 31.497298236034975 ] ] ] } },
{ "type": "Feature", "properties": { "area_m2": 8099.9999999738066, "area_km2": 0.008099999999973807, "relative_position": "后方", "distance_m": 2115.9007575327364, "elevation": 250.0 }, "geometry": { "type": "Polygon", "coordinates": [ [ [ 118.537593333094023, 31.498109969952829 ], [ 118.537606619609235, 31.498921703762576 ], [ 118.53855399036334, 31.498910315773543 ], [ 118.538540695669738, 31.498098582324022 ], [ 118.537593333094023, 31.498109969952829 ] ] ] } },
{ "type": "Feature", "properties": { "area_m2": 8100.0000000995351, "area_km2": 0.0081000000000995345, "relative_position": "后方", "distance_m": 3357.0012044943096, "elevation": 105.6 }, "geometry": { "type": "Polygon", "coordinates": [ [ [ 118.525132623886151, 31.489328240993924 ], [ 118.525145798224571, 31.490139980654696 ], [ 118.526093085983931, 31.490128687714517 ], [ 118.526079903470517, 31.489316948411023 ], [ 118.525132623886151, 31.489328240993924 ] ] ] } },
{ "type": "Feature", "properties": { "area_m2": 8100.000000083819, "area_km2": 0.0081000000000838197, "relative_position": "后方", "distance_m": 3392.0862544465876, "elevation": 86.0 }, "geometry": { "type": "Polygon", "coordinates": [ [ [ 118.52418534376956, 31.489339526570273 ], [ 118.52419850993293, 31.490151266588114 ], [ 118.525145798224571, 31.490139980654696 ], [ 118.525132623886151, 31.489328240993924 ], [ 118.52418534376956, 31.489339526570273 ] ] ] } },
{ "type": "Feature", "properties": { "area_m2": 8099.9999998585554, "area_km2": 0.0080999999998585554, "relative_position": "后方", "distance_m": 3178.567047064244, "elevation": 135.4 }, "geometry": { "type": "Polygon", "coordinates": [ [ [ 118.527987659904554, 31.490106080813913 ], [ 118.528000859301187, 31.490917819294136 ], [ 118.528948153637046, 31.49090650497579 ], [ 118.528934946065135, 31.49009476685351 ], [ 118.527987659904554, 31.490106080813913 ] ] ] } },
{ "type": "Feature", "properties": { "area_m2": 8099.9999999947613, "area_km2": 0.0080999999999947607, "relative_position": "后方", "distance_m": 3208.0626323977717, "elevation": 117.2 }, "geometry": { "type": "Polygon", "coordinates": [ [ [ 118.527040373210696, 31.490117387767576 ], [ 118.527053564432023, 31.490929126605533 ], [ 118.528000859301187, 31.490917819294136 ], [ 118.527987659904554, 31.490106080813913 ], [ 118.527040373210696, 31.490117387767576 ] ] ] } },
{ "type": "Feature", "properties": { "area_m2": 8099.9999999633292, "area_km2": 0.0080999999999633292, "relative_position": "后方", "distance_m": 3239.7811841091734, "elevation": 99.6 }, "geometry": { "type": "Polygon", "coordinates": [ [ [ 118.526093085983931, 31.490128687714517 ], [ 118.526106269029924, 31.490940426909972 ], [ 118.527053564432023, 31.490929126605533 ], [ 118.527040373210696, 31.490117387767576 ], [ 118.526093085983931, 31.490128687714517 ] ] ] } },
{ "type": "Feature", "properties": { "area_m2": 8099.9999999528518, "area_km2": 0.0080999999999528515, "relative_position": "后方", "distance_m": 3273.6580900731528, "elevation": 86.8 }, "geometry": { "type": "Polygon", "coordinates": [ [ [ 118.525145798224571, 31.490139980654696 ], [ 118.525158973095202, 31.490951720207445 ], [ 118.526106269029924, 31.490940426909972 ], [ 118.526093085983931, 31.490128687714517 ], [ 118.525145798224571, 31.490139980654696 ] ] ] } },
{ "type": "Feature", "properties": { "area_m2": 8099.9999998585554, "area_km2": 0.0080999999998585554, "relative_position": "后方", "distance_m": 3093.0502616054591, "elevation": 102.0 }, "geometry": { "type": "Polygon", "coordinates": [ [ [ 118.528000859301187, 31.490917819294136 ], [ 118.528014059231083, 31.491729557666346 ], [ 118.528961361742574, 31.491718242990046 ], [ 118.528948153637046, 31.49090650497579 ], [ 118.528000859301187, 31.490917819294136 ] ] ] } },
{ "type": "Feature", "properties": { "area_m2": 8100.0000000471482, "area_km2": 0.0081000000000471476, "relative_position": "后方", "distance_m": 3123.3538591770084, "elevation": 84.6 }, "geometry": { "type": "Polygon", "coordinates": [ [ [ 118.527053564432023, 31.490929126605533 ], [ 118.527066756186272, 31.491740865335476 ], [ 118.528014059231083, 31.491729557666346 ], [ 118.528000859301187, 31.490917819294136 ], [ 118.527053564432023, 31.490929126605533 ] ] ] } },
{ "type": "Feature", "properties": { "area_m2": 8100.0000000471482, "area_km2": 0.0081000000000471476, "relative_position": "后方", "distance_m": 2922.8743923118823, "elevation": 89.0 }, "geometry": { "type": "Polygon", "coordinates": [ [ [ 118.528027259694269, 31.492541295930508 ], [ 118.528040460690761, 31.493353034086635 ], [ 118.528987779554484, 31.493341718694406 ], [ 118.52897457038172, 31.492529980896251 ], [ 118.528027259694269, 31.492541295930508 ] ] ] } },
{ "type": "Feature", "properties": { "area_m2": 8100.0000001047738, "area_km2": 0.0081000000001047734, "relative_position": "后方", "distance_m": 2962.363782803201, "elevation": 294.0 }, "geometry": { "type": "Polygon", "coordinates": [ [ [ 118.533684617305838, 31.490849828280322 ], [ 118.533697866289145, 31.491661564501484 ], [ 118.534645165593972, 31.491650207782456 ], [ 118.534631908435159, 31.49083847192059 ], [ 118.533684617305838, 31.490849828280322 ] ] ] } },
{ "type": "Feature", "properties": { "area_m2": 8100.0000001152512, "area_km2": 0.0081000000001152511, "relative_position": "后方", "distance_m": 2977.7752781211493, "elevation": 255.0 }, "geometry": { "type": "Polygon", "coordinates": [ [ [ 118.532737325641264, 31.49086117763321 ], [ 118.532750566449039, 31.491672914213432 ], [ 118.533697866289145, 31.491661564501484 ], [ 118.533684617305838, 31.490849828280322 ], [ 118.532737325641264, 31.49086117763321 ] ] ] } },
{ "type": "Feature", "properties": { "area_m2": 8099.9999999371357, "area_km2": 0.0080999999999371349, "relative_position": "后方", "distance_m": 2995.8022004271911, "elevation": 212.2 }, "geometry": { "type": "Polygon", "coordinates": [ [ [ 118.531790033441766, 31.490872519979209 ], [ 118.531803266074022, 31.491684256918266 ], [ 118.532750566449039, 31.491672914213432 ], [ 118.532737325641264, 31.49086117763321 ], [ 118.531790033441766, 31.490872519979209 ] ] ] } },
{ "type": "Feature", "properties": { "area_m2": 8099.9999998795101, "area_km2": 0.0080999999998795109, "relative_position": "后方", "distance_m": 3016.3976608683192, "elevation": 174.4 }, "geometry": { "type": "Polygon", "coordinates": [ [ [ 118.530842740707683, 31.490883855318312 ], [ 118.530855965164378, 31.49169559261599 ], [ 118.531803266074022, 31.491684256918266 ], [ 118.531790033441766, 31.490872519979209 ], [ 118.530842740707683, 31.490883855318312 ] ] ] } },
{ "type": "Feature", "properties": { "area_m2": 8099.9999999738066, "area_km2": 0.008099999999973807, "relative_position": "后方", "distance_m": 3039.5094498519211, "elevation": 147.6 }, "geometry": { "type": "Polygon", "coordinates": [ [ [ 118.52989544743933, 31.490895183650515 ], [ 118.529908663720434, 31.491706921306594 ], [ 118.530855965164378, 31.49169559261599 ], [ 118.530842740707683, 31.490883855318312 ], [ 118.52989544743933, 31.490895183650515 ] ] ] } },
{ "type": "Feature", "properties": { "area_m2": 8099.9999999790452, "area_km2": 0.0080999999999790458, "relative_position": "后方", "distance_m": 3065.0806484242976, "elevation": 122.2 }, "geometry": { "type": "Polygon", "coordinates": [ [ [ 118.528948153637046, 31.49090650497579 ], [ 118.528961361742574, 31.491718242990046 ], [ 118.529908663720434, 31.491706921306594 ], [ 118.52989544743933, 31.490895183650515 ], [ 118.528948153637046, 31.49090650497579 ] ] ] } },
{ "type": "Feature", "properties": { "area_m2": 8100.0000000052387, "area_km2": 0.0081000000000052384, "relative_position": "后方", "distance_m": 2873.2482817414402, "elevation": 302.4 }, "geometry": { "type": "Polygon", "coordinates": [ [ [ 118.533697866289145, 31.491661564501484 ], [ 118.533711115807733, 31.492473300614574 ], [ 118.534658423288377, 31.492461943536252 ], [ 118.534645165593972, 31.491650207782456 ], [ 118.533697866289145, 31.491661564501484 ] ] ] } },
{ "type": "Feature", "properties": { "area_m2": 8100.0000000576256, "area_km2": 0.0081000000000576253, "relative_position": "后方", "distance_m": 2889.1355383834948, "elevation": 254.0 }, "geometry": { "type": "Polygon", "coordinates": [ [ [ 118.532750566449039, 31.491672914213432 ], [ 118.532763807791795, 31.492484650685576 ], [ 118.533711115807733, 31.492473300614574 ], [ 118.533697866289145, 31.491661564501484 ], [ 118.532750566449039, 31.491672914213432 ] ] ] } },
{ "type": "Feature", "properties": { "area_m2": 8099.9999999528518, "area_km2": 0.0080999999999528515, "relative_position": "后方", "distance_m": 2907.7124031711851, "elevation": 203.2 }, "geometry": { "type": "Polygon", "coordinates": [ [ [ 118.531803266074022, 31.491684256918266 ], [ 118.53181649924089, 31.492495993749259 ], [ 118.532763807791795, 31.492484650685576 ], [ 118.532750566449039, 31.491672914213432 ], [ 118.531803266074022, 31.491684256918266 ] ] ] } },
{ "type": "Feature", "properties": { "area_m2": 8100.0000000261934, "area_km2": 0.0081000000000261939, "relative_position": "后方", "distance_m": 2928.9277022991564, "elevation": 166.0 }, "geometry": { "type": "Polygon", "coordinates": [ [ [ 118.530855965164378, 31.49169559261599 ], [ 118.530869190155343, 31.492507329805608 ], [ 118.53181649924089, 31.492495993749259 ], [ 118.531803266074022, 31.491684256918266 ], [ 118.530855965164378, 31.49169559261599 ] ] ] } },
{ "type": "Feature", "properties": { "area_m2": 8100.0000000628643, "area_km2": 0.0081000000000628642, "relative_position": "后方", "distance_m": 2952.7245675631484, "elevation": 128.0 }, "geometry": { "type": "Polygon", "coordinates": [ [ [ 118.529908663720434, 31.491706921306594 ], [ 118.529921880535525, 31.492518658854621 ], [ 118.530869190155343, 31.492507329805608 ], [ 118.530855965164378, 31.49169559261599 ], [ 118.529908663720434, 31.491706921306594 ] ] ] } },
{ "type": "Feature", "properties": { "area_m2": 8099.9999999633292, "area_km2": 0.0080999999999633292, "relative_position": "后方", "distance_m": 2979.0411368211344, "elevation": 106.0 }, "geometry": { "type": "Polygon", "coordinates": [ [ [ 118.528961361742574, 31.491718242990046 ], [ 118.52897457038172, 31.492529980896251 ], [ 118.529921880535525, 31.492518658854621 ], [ 118.529908663720434, 31.491706921306594 ], [ 118.528961361742574, 31.491718242990046 ] ] ] } },
{ "type": "Feature", "properties": { "area_m2": 8099.9999999738066, "area_km2": 0.008099999999973807, "relative_position": "后方", "distance_m": 2784.2071507374571, "elevation": 292.6 }, "geometry": { "type": "Polygon", "coordinates": [ [ [ 118.533711115807733, 31.492473300614574 ], [ 118.533724365861602, 31.493285036619572 ], [ 118.534671681518418, 31.493273679181961 ], [ 118.534658423288377, 31.492461943536252 ], [ 118.533711115807733, 31.492473300614574 ] ] ] } },
{ "type": "Feature", "properties": { "area_m2": 8099.9999999633292, "area_km2": 0.0080999999999633292, "relative_position": "后方", "distance_m": 2800.5999320552096, "elevation": 257.6 }, "geometry": { "type": "Polygon", "coordinates": [ [ [ 118.532763807791795, 31.492484650685576 ], [ 118.532777049669477, 31.493296387049661 ], [ 118.533724365861602, 31.493285036619572 ], [ 118.533711115807733, 31.492473300614574 ], [ 118.532763807791795, 31.492484650685576 ] ] ] } },
{ "type": "Feature", "properties": { "area_m2": 8100.0000000314321, "area_km2": 0.0081000000000314328, "relative_position": "后方", "distance_m": 2819.7605019645625, "elevation": 214.2 }, "geometry": { "type": "Polygon", "coordinates": [ [ [ 118.53181649924089, 31.492495993749259 ], [ 118.53182973294237, 31.493307730472196 ], [ 118.532777049669477, 31.493296387049661 ], [ 118.532763807791795, 31.492484650685576 ], [ 118.53181649924089, 31.492495993749259 ] ] ] } },
{ "type": "Feature", "properties": { "area_m2": 8100.0000001257285, "area_km2": 0.0081000000001257288, "relative_position": "后方", "distance_m": 2841.6328757965471, "elevation": 168.6 }, "geometry": { "type": "Polygon", "coordinates": [ [ [ 118.530869190155343, 31.492507329805608 ], [ 118.530882415680622, 31.493319066887175 ], [ 118.53182973294237, 31.493307730472196 ], [ 118.53181649924089, 31.492495993749259 ], [ 118.530869190155343, 31.492507329805608 ] ] ] } },
{ "type": "Feature", "properties": { "area_m2": 8099.9999999842839, "area_km2": 0.0080999999999842847, "relative_position": "后方", "distance_m": 2866.154973486473, "elevation": 134.4 }, "geometry": { "type": "Polygon", "coordinates": [ [ [ 118.529921880535525, 31.492518658854621 ], [ 118.529935097884547, 31.493330396294589 ], [ 118.530882415680622, 31.493319066887175 ], [ 118.530869190155343, 31.492507329805608 ], [ 118.529921880535525, 31.492518658854621 ] ] ] } },
{ "type": "Feature", "properties": { "area_m2": 8100.000000068103, "area_km2": 0.0081000000000681031, "relative_position": "后方", "distance_m": 2893.2594245397149, "elevation": 111.4 }, "geometry": { "type": "Polygon", "coordinates": [ [ [ 118.52897457038172, 31.492529980896251 ], [ 118.528987779554484, 31.493341718694406 ], [ 118.529935097884547, 31.493330396294589 ], [ 118.529921880535525, 31.492518658854621 ], [ 118.52897457038172, 31.492529980896251 ] ] ] } },
{ "type": "Feature", "properties": { "area_m2": 8099.9999999423744, "area_km2": 0.0080999999999423738, "relative_position": "后方", "distance_m": 2695.2477593913104, "elevation": 258.2 }, "geometry": { "type": "Polygon", "coordinates": [ [ [ 118.533724365861602, 31.493285036619572 ], [ 118.533737616450779, 31.4940967725165 ], [ 118.53468494028408, 31.494085414719589 ], [ 118.534671681518418, 31.493273679181961 ], [ 118.533724365861602, 31.493285036619572 ] ] ] } },
{ "type": "Feature", "properties": { "area_m2": 8099.9999999947613, "area_km2": 0.0080999999999947607, "relative_position": "后方", "distance_m": 2712.1786559162579, "elevation": 226.2 }, "geometry": { "type": "Polygon", "coordinates": [ [ [ 118.532777049669477, 31.493296387049661 ], [ 118.53279029208214, 31.494108123305669 ], [ 118.533737616450779, 31.4940967725165 ], [ 118.533724365861602, 31.493285036619572 ], [ 118.532777049669477, 31.493296387049661 ] ] ] } },
{ "type": "Feature", "properties": { "area_m2": 8099.999999931897, "area_km2": 0.0080999999999318978, "relative_position": "后方", "distance_m": 2842.1370233979555, "elevation": 283.0 }, "geometry": { "type": "Polygon", "coordinates": [ [ [ 118.53653976259649, 31.491627473323199 ], [ 118.536553036642502, 31.492439208357752 ], [ 118.537500342515301, 31.492427830257583 ], [ 118.537487060293515, 31.491616095582998 ], [ 118.53653976259649, 31.491627473323199 ] ] ] } },
{ "type": "Feature", "properties": { "area_m2": 8099.9999998533167, "area_km2": 0.0080999999998533165, "relative_position": "后方", "distance_m": 2849.7149075679063, "elevation": 321.8 }, "geometry": { "type": "Polygon", "coordinates": [ [ [ 118.535592464363205, 31.491638844056361 ], [ 118.535605730233428, 31.49245057945064 ], [ 118.536553036642502, 31.492439208357752 ], [ 118.53653976259649, 31.491627473323199 ], [ 118.535592464363205, 31.491638844056361 ] ] ] } },
{ "type": "Feature", "properties": { "area_m2": 8100.0000000523869, "area_km2": 0.0081000000000523865, "relative_position": "后方", "distance_m": 2860.0954515796993, "elevation": 332.0 }, "geometry": { "type": "Polygon", "coordinates": [ [ [ 118.534645165593972, 31.491650207782456 ], [ 118.534658423288377, 31.492461943536252 ], [ 118.535605730233428, 31.49245057945064 ], [ 118.535592464363205, 31.491638844056361 ], [ 118.534645165593972, 31.491650207782456 ] ] ] } },
{ "type": "Feature", "properties": { "area_m2": 8100.0000001466833, "area_km2": 0.0081000000001466826, "relative_position": "后方", "distance_m": 2752.0883826240506, "elevation": 259.0 }, "geometry": { "type": "Polygon", "coordinates": [ [ [ 118.536553036642502, 31.492439208357752 ], [ 118.536566311224803, 31.493250943284213 ], [ 118.537513625273718, 31.493239564824091 ], [ 118.537500342515301, 31.492427830257583 ], [ 118.536553036642502, 31.492439208357752 ] ] ] } },
{ "type": "Feature", "properties": { "area_m2": 8100.0000000104774, "area_km2": 0.0081000000000104773, "relative_position": "后方", "distance_m": 2759.9138966578989, "elevation": 290.0 }, "geometry": { "type": "Polygon", "coordinates": [ [ [ 118.535605730233428, 31.49245057945064 ], [ 118.535618996639585, 31.493262314736839 ], [ 118.536566311224803, 31.493250943284213 ], [ 118.536553036642502, 31.492439208357752 ], [ 118.535605730233428, 31.49245057945064 ] ] ] } },
{ "type": "Feature", "properties": { "area_m2": 8100.0000001100125, "area_km2": 0.0081000000001100123, "relative_position": "后方", "distance_m": 2770.6312835257122, "elevation": 308.4 }, "geometry": { "type": "Polygon", "coordinates": [ [ [ 118.534658423288377, 31.492461943536252 ], [ 118.534671681518418, 31.493273679181961 ], [ 118.535618996639585, 31.493262314736839 ], [ 118.535605730233428, 31.49245057945064 ], [ 118.534658423288377, 31.492461943536252 ] ] ] } },
{ "type": "Feature", "properties": { "area_m2": 8100.0000000471482, "area_km2": 0.0081000000000471476, "relative_position": "后方", "distance_m": 2662.0547162825069, "elevation": 221.2 }, "geometry": { "type": "Polygon", "coordinates": [ [ [ 118.536566311224803, 31.493250943284213 ], [ 118.536579586343393, 31.494062678102551 ], [ 118.537526908568751, 31.494051299282475 ], [ 118.537513625273718, 31.493239564824091 ], [ 118.536566311224803, 31.493250943284213 ] ] ] } },
{ "type": "Feature", "properties": { "area_m2": 8099.9999998795101, "area_km2": 0.0080999999998795109, "relative_position": "后方", "distance_m": 2670.1444952506208, "elevation": 250.4 }, "geometry": { "type": "Polygon", "coordinates": [ [ [ 118.535618996639585, 31.493262314736839 ], [ 118.535632263581732, 31.494074049914936 ], [ 118.536579586343393, 31.494062678102551 ], [ 118.536566311224803, 31.493250943284213 ], [ 118.535618996639585, 31.493262314736839 ] ] ] } },
{ "type": "Feature", "properties": { "area_m2": 8099.9999999842839, "area_km2": 0.0080999999999842847, "relative_position": "后方", "distance_m": 2681.2211168901595, "elevation": 271.2 }, "geometry": { "type": "Polygon", "coordinates": [ [ [ 118.534671681518418, 31.493273679181961 ], [ 118.53468494028408, 31.494085414719589 ], [ 118.535632263581732, 31.494074049914936 ], [ 118.535618996639585, 31.493262314736839 ], [ 118.534671681518418, 31.493273679181961 ] ] ] } },
{ "type": "Feature", "properties": { "area_m2": 8100.0000000995351, "area_km2": 0.0081000000000995345, "relative_position": "后方", "distance_m": 2572.0375956963667, "elevation": 202.2 }, "geometry": { "type": "Polygon", "coordinates": [ [ [ 118.536579586343393, 31.494062678102551 ], [ 118.536592861998315, 31.494874412812816 ], [ 118.537540192400428, 31.494863033632768 ], [ 118.537526908568751, 31.494051299282475 ], [ 118.536579586343393, 31.494062678102551 ] ] ] } },
{ "type": "Feature", "properties": { "area_m2": 8099.9999999214197, "area_km2": 0.0080999999999214201, "relative_position": "后方", "distance_m": 2731.959813856336, "elevation": 194.2 }, "geometry": { "type": "Polygon", "coordinates": [ [ [ 118.53182973294237, 31.493307730472196 ], [ 118.531842967178505, 31.49411946708706 ], [ 118.53279029208214, 31.494108123305669 ], [ 118.532777049669477, 31.493296387049661 ], [ 118.53182973294237, 31.493307730472196 ] ] ] } },
{ "type": "Feature", "properties": { "area_m2": 8099.9999999109423, "area_km2": 0.0080999999999109423, "relative_position": "后方", "distance_m": 2754.5298308087381, "elevation": 158.8 }, "geometry": { "type": "Polygon", "coordinates": [ [ [ 118.530882415680622, 31.493319066887175 ], [ 118.530895641740202, 31.494130803860674 ], [ 118.531842967178505, 31.49411946708706 ], [ 118.53182973294237, 31.493307730472196 ], [ 118.530882415680622, 31.493319066887175 ] ] ] } },
{ "type": "Feature", "properties": { "area_m2": 8099.999999916181, "area_km2": 0.0080999999999161812, "relative_position": "后方", "distance_m": 2779.820780193641, "elevation": 130.2 }, "geometry": { "type": "Polygon", "coordinates": [ [ [ 118.529935097884547, 31.493330396294589 ], [ 118.529948315767555, 31.494142133626507 ], [ 118.530895641740202, 31.494130803860674 ], [ 118.530882415680622, 31.493319066887175 ], [ 118.529935097884547, 31.493330396294589 ] ] ] } },
{ "type": "Feature", "properties": { "area_m2": 8099.9999999895226, "area_km2": 0.0080999999999895218, "relative_position": "后方", "distance_m": 2807.7591391687397, "elevation": 115.2 }, "geometry": { "type": "Polygon", "coordinates": [ [ [ 118.528987779554484, 31.493341718694406 ], [ 118.529000989260922, 31.494153456384513 ], [ 118.529948315767555, 31.494142133626507 ], [ 118.529935097884547, 31.493330396294589 ], [ 118.528987779554484, 31.493341718694406 ] ] ] } },
{ "type": "Feature", "properties": { "area_m2": 8099.9999998952262, "area_km2": 0.0080999999998952257, "relative_position": "后方", "distance_m": 2606.3784761986344, "elevation": 230.2 }, "geometry": { "type": "Polygon", "coordinates": [ [ [ 118.533737616450779, 31.4940967725165 ], [ 118.533750867575293, 31.494908508305347 ], [ 118.534698199585407, 31.494897150149122 ], [ 118.53468494028408, 31.494085414719589 ], [ 118.533737616450779, 31.4940967725165 ] ] ] } },
{ "type": "Feature", "properties": { "area_m2": 8100.0000001728768, "area_km2": 0.0081000000001728769, "relative_position": "后方", "distance_m": 2623.8832671231989, "elevation": 196.6 }, "geometry": { "type": "Polygon", "coordinates": [ [ [ 118.53279029208214, 31.494108123305669 ], [ 118.532803535029799, 31.494919859453599 ], [ 118.533750867575293, 31.494908508305347 ], [ 118.533737616450779, 31.4940967725165 ], [ 118.53279029208214, 31.494108123305669 ] ] ] } },
{ "type": "Feature", "properties": { "area_m2": 8100.0000000628643, "area_km2": 0.0081000000000628642, "relative_position": "后方", "distance_m": 2644.325400100141, "elevation": 160.6 }, "geometry": { "type": "Polygon", "coordinates": [ [ [ 118.531842967178505, 31.49411946708706 ], [ 118.53185620194931, 31.49493120359385 ], [ 118.532803535029799, 31.494919859453599 ], [ 118.53279029208214, 31.494108123305669 ], [ 118.531842967178505, 31.49411946708706 ] ] ] } },
{ "type": "Feature", "properties": { "area_m2": 8100.0000000471482, "area_km2": 0.0081000000000471476, "relative_position": "后方", "distance_m": 2667.6373522510639, "elevation": 135.8 }, "geometry": { "type": "Polygon", "coordinates": [ [ [ 118.530895641740202, 31.494130803860674 ], [ 118.530908868334137, 31.494942540726115 ], [ 118.53185620194931, 31.49493120359385 ], [ 118.531842967178505, 31.49411946708706 ], [ 118.530895641740202, 31.494130803860674 ] ] ] } },
{ "type": "Feature", "properties": { "area_m2": 8100.0000000209548, "area_km2": 0.008100000000020955, "relative_position": "后方", "distance_m": 2693.7446203250888, "elevation": 117.6 }, "geometry": { "type": "Polygon", "coordinates": [ [ [ 118.529948315767555, 31.494142133626507 ], [ 118.529961534184594, 31.494953870850367 ], [ 118.530908868334137, 31.494942540726115 ], [ 118.530895641740202, 31.494130803860674 ], [ 118.529948315767555, 31.494142133626507 ] ] ] } },
{ "type": "Feature", "properties": { "area_m2": 8099.9999999004649, "area_km2": 0.0080999999999004646, "relative_position": "后方", "distance_m": 2517.60884215029, "elevation": 219.4 }, "geometry": { "type": "Polygon", "coordinates": [ [ [ 118.533750867575293, 31.494908508305347 ], [ 118.533764119235158, 31.495720243986117 ], [ 118.534711459422425, 31.49570888547057 ], [ 118.534698199585407, 31.494897150149122 ], [ 118.533750867575293, 31.494908508305347 ] ] ] } },
{ "type": "Feature", "properties": { "area_m2": 8100.0000000471482, "area_km2": 0.0081000000000471476, "relative_position": "后方", "distance_m": 2580.4100011165547, "elevation": 230.8 }, "geometry": { "type": "Polygon", "coordinates": [ [ [ 118.535632263581732, 31.494074049914936 ], [ 118.53564553105987, 31.494885784984952 ], [ 118.536592861998315, 31.494874412812816 ], [ 118.536579586343393, 31.494062678102551 ], [ 118.535632263581732, 31.494074049914936 ] ] ] } },
{ "type": "Feature", "properties": { "area_m2": 8100.0000001204899, "area_km2": 0.00810000000012049, "relative_position": "后方", "distance_m": 2591.8705390462733, "elevation": 249.0 }, "geometry": { "type": "Polygon", "coordinates": [ [ [ 118.53468494028408, 31.494085414719589 ], [ 118.534698199585407, 31.494897150149122 ], [ 118.53564553105987, 31.494885784984952 ], [ 118.535632263581732, 31.494074049914936 ], [ 118.53468494028408, 31.494085414719589 ] ] ] } },
{ "type": "Feature", "properties": { "area_m2": 8099.9999998795101, "area_km2": 0.0080999999998795109, "relative_position": "后方", "distance_m": 2482.0388198323581, "elevation": 213.4 }, "geometry": { "type": "Polygon", "coordinates": [ [ [ 118.536592861998315, 31.494874412812816 ], [ 118.536606138189569, 31.495686147414972 ], [ 118.537553476768764, 31.495674767874938 ], [ 118.537540192400428, 31.494863033632768 ], [ 118.536592861998315, 31.494874412812816 ] ] ] } },
{ "type": "Feature", "properties": { "area_m2": 8099.9999999685679, "area_km2": 0.0080999999999685681, "relative_position": "后方", "distance_m": 2490.7141858896889, "elevation": 240.4 }, "geometry": { "type": "Polygon", "coordinates": [ [ [ 118.53564553105987, 31.494885784984952 ], [ 118.535658799074028, 31.495697519946859 ], [ 118.536606138189569, 31.495686147414972 ], [ 118.536592861998315, 31.494874412812816 ], [ 118.53564553105987, 31.494885784984952 ] ] ] } },
{ "type": "Feature", "properties": { "area_m2": 8100.0000000314321, "area_km2": 0.0081000000000314328, "relative_position": "后方", "distance_m": 2502.5859313065221, "elevation": 249.4 }, "geometry": { "type": "Polygon", "coordinates": [ [ [ 118.534698199585407, 31.494897150149122 ], [ 118.534711459422425, 31.49570888547057 ], [ 118.535658799074028, 31.495697519946859 ], [ 118.53564553105987, 31.494885784984952 ], [ 118.534698199585407, 31.494897150149122 ] ] ] } },
{ "type": "Feature", "properties": { "area_m2": 8100.000000068103, "area_km2": 0.0081000000000681031, "relative_position": "后方", "distance_m": 2392.0604579932365, "elevation": 235.8 }, "geometry": { "type": "Polygon", "coordinates": [ [ [ 118.536606138189569, 31.495686147414972 ], [ 118.536619414917169, 31.49649788190904 ], [ 118.537566761673816, 31.496486502009024 ], [ 118.537553476768764, 31.495674767874938 ], [ 118.536606138189569, 31.495686147414972 ] ] ] } },
{ "type": "Feature", "properties": { "area_m2": 8099.9999999685679, "area_km2": 0.0080999999999685681, "relative_position": "后方", "distance_m": 2401.0613830361981, "elevation": 247.4 }, "geometry": { "type": "Polygon", "coordinates": [ [ [ 118.535658799074028, 31.495697519946859 ], [ 118.535672067624176, 31.496509254800685 ], [ 118.536619414917169, 31.49649788190904 ], [ 118.536606138189569, 31.495686147414972 ], [ 118.535658799074028, 31.495697519946859 ] ] ] } },
{ "type": "Feature", "properties": { "area_m2": 8100.0000000523869, "area_km2": 0.0081000000000523865, "relative_position": "后方", "distance_m": 2413.3746142410332, "elevation": 236.6 }, "geometry": { "type": "Polygon", "coordinates": [ [ [ 118.534711459422425, 31.49570888547057 ], [ 118.534724719795136, 31.496520620683942 ], [ 118.535672067624176, 31.496509254800685 ], [ 118.535658799074028, 31.495697519946859 ], [ 118.534711459422425, 31.49570888547057 ] ] ] } },
{ "type": "Feature", "properties": { "area_m2": 8100.0000001152512, "area_km2": 0.0081000000001152511, "relative_position": "后方", "distance_m": 2302.1049024998124, "elevation": 263.8 }, "geometry": { "type": "Polygon", "coordinates": [ [ [ 118.536619414917169, 31.49649788190904 ], [ 118.536632692181158, 31.497309616294995 ], [ 118.53758004711554, 31.497298236034975 ], [ 118.537566761673816, 31.496486502009024 ], [ 118.536619414917169, 31.49649788190904 ] ] ] } },
{ "type": "Feature", "properties": { "area_m2": 8099.9999999214197, "area_km2": 0.0080999999999214201, "relative_position": "后方", "distance_m": 2311.4565960863624, "elevation": 245.0 }, "geometry": { "type": "Polygon", "coordinates": [ [ [ 118.535672067624176, 31.496509254800685 ], [ 118.535685336710387, 31.497320989546399 ], [ 118.536632692181158, 31.497309616294995 ], [ 118.536619414917169, 31.49649788190904 ], [ 118.535672067624176, 31.496509254800685 ] ] ] } },
{ "type": "Feature", "properties": { "area_m2": 8099.9999999895226, "area_km2": 0.0080999999999895218, "relative_position": "后方", "distance_m": 2535.7269148827927, "elevation": 177.2 }, "geometry": { "type": "Polygon", "coordinates": [ [ [ 118.532803535029799, 31.494919859453599 ], [ 118.532816778512512, 31.495731595493449 ], [ 118.533764119235158, 31.495720243986117 ], [ 118.533750867575293, 31.494908508305347 ], [ 118.532803535029799, 31.494919859453599 ] ] ] } },
{ "type": "Feature", "properties": { "area_m2": 8099.9999999214197, "area_km2": 0.0080999999999214201, "relative_position": "后方", "distance_m": 2556.874356219339, "elevation": 145.6 }, "geometry": { "type": "Polygon", "coordinates": [ [ [ 118.53185620194931, 31.49493120359385 ], [ 118.531869437254812, 31.495742939992589 ], [ 118.532816778512512, 31.495731595493449 ], [ 118.532803535029799, 31.494919859453599 ], [ 118.53185620194931, 31.49493120359385 ] ] ] } },
{ "type": "Feature", "properties": { "area_m2": 8099.9999999371357, "area_km2": 0.0080999999999371349, "relative_position": "后方", "distance_m": 2580.976706113629, "elevation": 123.8 }, "geometry": { "type": "Polygon", "coordinates": [ [ [ 118.530908868334137, 31.494942540726115 ], [ 118.530922095462429, 31.495754277483496 ], [ 118.531869437254812, 31.495742939992589 ], [ 118.53185620194931, 31.49493120359385 ], [ 118.530908868334137, 31.494942540726115 ] ] ] } },
{ "type": "Feature", "properties": { "area_m2": 8099.999999931897, "area_km2": 0.0080999999999318978, "relative_position": "后方", "distance_m": 2428.9497814774718, "elevation": 197.4 }, "geometry": { "type": "Polygon", "coordinates": [ [ [ 118.533764119235158, 31.495720243986117 ], [ 118.533777371430375, 31.496531979558792 ], [ 118.534724719795136, 31.496520620683942 ], [ 118.534711459422425, 31.49570888547057 ], [ 118.533764119235158, 31.495720243986117 ] ] ] } },
{ "type": "Feature", "properties": { "area_m2": 8100.0000000890577, "area_km2": 0.0081000000000890585, "relative_position": "后方", "distance_m": 2447.7246204419462, "elevation": 164.2 }, "geometry": { "type": "Polygon", "coordinates": [ [ [ 118.532816778512512, 31.495731595493449 ], [ 118.532830022530206, 31.496543331425237 ], [ 118.533777371430375, 31.496531979558792 ], [ 118.533764119235158, 31.495720243986117 ], [ 118.532816778512512, 31.495731595493449 ] ] ] } },
{ "type": "Feature", "properties": { "area_m2": 8100.0000001414446, "area_km2": 0.0081000000001414454, "relative_position": "后方", "distance_m": 2469.6261607673382, "elevation": 135.8 }, "geometry": { "type": "Polygon", "coordinates": [ [ [ 118.531869437254812, 31.495742939992589 ], [ 118.531882673094998, 31.496554676283242 ], [ 118.532830022530206, 31.496543331425237 ], [ 118.532816778512512, 31.495731595493449 ], [ 118.531869437254812, 31.495742939992589 ] ] ] } },
{ "type": "Feature", "properties": { "area_m2": 8100.0000000104774, "area_km2": 0.0081000000000104773, "relative_position": "后方", "distance_m": 2340.4138590397502, "elevation": 177.2 }, "geometry": { "type": "Polygon", "coordinates": [ [ [ 118.533777371430375, 31.496531979558792 ], [ 118.533790624160986, 31.497343715023387 ], [ 118.534737980703568, 31.497332355789204 ], [ 118.534724719795136, 31.496520620683942 ], [ 118.533777371430375, 31.496531979558792 ] ] ] } },
{ "type": "Feature", "properties": { "area_m2": 8100.0000000104774, "area_km2": 0.0081000000000104773, "relative_position": "后方", "distance_m": 2359.8936173589018, "elevation": 141.6 }, "geometry": { "type": "Polygon", "coordinates": [ [ [ 118.532830022530206, 31.496543331425237 ], [ 118.53284326708301, 31.497355067248936 ], [ 118.533790624160986, 31.497343715023387 ], [ 118.533777371430375, 31.496531979558792 ], [ 118.532830022530206, 31.496543331425237 ] ] ] } },
{ "type": "Feature", "properties": { "area_m2": 8100.0000000523869, "area_km2": 0.0081000000000523865, "relative_position": "后方", "distance_m": 2252.0155967042037, "elevation": 162.4 }, "geometry": { "type": "Polygon", "coordinates": [ [ [ 118.533790624160986, 31.497343715023387 ], [ 118.533803877426976, 31.498155450379901 ], [ 118.534751242147706, 31.49814409078639 ], [ 118.534737980703568, 31.497332355789204 ], [ 118.533790624160986, 31.497343715023387 ] ] ] } },
{ "type": "Feature", "properties": { "area_m2": 8099.9999999057036, "area_km2": 0.0080999999999057035, "relative_position": "后方", "distance_m": 2324.2450258568929, "elevation": 209.0 }, "geometry": { "type": "Polygon", "coordinates": [ [ [ 118.534724719795136, 31.496520620683942 ], [ 118.534737980703568, 31.497332355789204 ], [ 118.535685336710387, 31.497320989546399 ], [ 118.535672067624176, 31.496509254800685 ], [ 118.534724719795136, 31.496520620683942 ] ] ] } },
{ "type": "Feature", "properties": { "area_m2": 8100.000000083819, "area_km2": 0.0081000000000838197, "relative_position": "后方", "distance_m": 2212.1749341283085, "elevation": 274.6 }, "geometry": { "type": "Polygon", "coordinates": [ [ [ 118.536632692181158, 31.497309616294995 ], [ 118.536645969981549, 31.498121350572841 ], [ 118.537593333094023, 31.498109969952829 ], [ 118.53758004711554, 31.497298236034975 ], [ 118.536632692181158, 31.497309616294995 ] ] ] } },
{ "type": "Feature", "properties": { "area_m2": 8100.0000000261934, "area_km2": 0.0081000000000261939, "relative_position": "后方", "distance_m": 2221.9056327930116, "elevation": 241.4 }, "geometry": { "type": "Polygon", "coordinates": [ [ [ 118.535685336710387, 31.497320989546399 ], [ 118.535698606332673, 31.498132724184039 ], [ 118.536645969981549, 31.498121350572841 ], [ 118.536632692181158, 31.497309616294995 ], [ 118.535685336710387, 31.497320989546399 ] ] ] } },
{ "type": "Feature", "properties": { "area_m2": 8099.9999999528518, "area_km2": 0.0080999999999528515, "relative_position": "后方", "distance_m": 2235.2069416607178, "elevation": 203.4 }, "geometry": { "type": "Polygon", "coordinates": [ [ [ 118.534737980703568, 31.497332355789204 ], [ 118.534751242147706, 31.49814409078639 ], [ 118.535698606332673, 31.498132724184039 ], [ 118.535685336710387, 31.497320989546399 ], [ 118.534737980703568, 31.497332355789204 ] ] ] } },
{ "type": "Feature", "properties": { "area_m2": 8100.0000001204899, "area_km2": 0.00810000000012049, "relative_position": "后方", "distance_m": 2122.2738041319176, "elevation": 258.6 }, "geometry": { "type": "Polygon", "coordinates": [ [ [ 118.536645969981549, 31.498121350572841 ], [ 118.536659248318344, 31.498933084742582 ], [ 118.537606619609235, 31.498921703762576 ], [ 118.537593333094023, 31.498109969952829 ], [ 118.536645969981549, 31.498121350572841 ] ] ] } },
{ "type": "Feature", "properties": { "area_m2": 8099.9999999476131, "area_km2": 0.0080999999999476126, "relative_position": "后方", "distance_m": 2132.4152726995817, "elevation": 242.2 }, "geometry": { "type": "Polygon", "coordinates": [ [ [ 118.535698606332673, 31.498132724184039 ], [ 118.53571187649105, 31.498944458713556 ], [ 118.536659248318344, 31.498933084742582 ], [ 118.536645969981549, 31.498121350572841 ], [ 118.535698606332673, 31.498132724184039 ] ] ] } },
{ "type": "Feature", "properties": { "area_m2": 8100.0000000523869, "area_km2": 0.0081000000000523865, "relative_position": "后方", "distance_m": 2146.271748389704, "elevation": 208.2 }, "geometry": { "type": "Polygon", "coordinates": [ [ [ 118.534751242147706, 31.49814409078639 ], [ 118.534764504127622, 31.498955825675477 ], [ 118.53571187649105, 31.498944458713556 ], [ 118.535698606332673, 31.498132724184039 ], [ 118.534751242147706, 31.49814409078639 ] ] ] } },
{ "type": "Feature", "properties": { "area_m2": 8100.0000001152512, "area_km2": 0.0081000000001152511, "relative_position": "后方", "distance_m": 2032.4053378872291, "elevation": 232.6 }, "geometry": { "type": "Polygon", "coordinates": [ [ [ 118.536659248318344, 31.498933084742582 ], [ 118.53667252719157, 31.499744818804224 ], [ 118.537619906661206, 31.499733437464204 ], [ 118.537606619609235, 31.498921703762576 ], [ 118.536659248318344, 31.498933084742582 ] ] ] } },
{ "type": "Feature", "properties": { "area_m2": 8099.9999999633292, "area_km2": 0.0080999999999633292, "relative_position": "后方", "distance_m": 2042.9934782074113, "elevation": 232.4 }, "geometry": { "type": "Polygon", "coordinates": [ [ [ 118.53571187649105, 31.498944458713556 ], [ 118.535725147185502, 31.499756193134985 ], [ 118.53667252719157, 31.499744818804224 ], [ 118.536659248318344, 31.498933084742582 ], [ 118.53571187649105, 31.498944458713556 ] ] ] } }
]
}
