{
"type": "FeatureCollection",
"name": "relative_position_filter_后方_20260203_151933",
"crs": { "type": "name", "properties": { "name": "urn:ogc:def:crs:OGC:1.3:CRS84" } },
"features": [
{ "type": "Feature", "properties": { "area_m2": 8100.0000000052387, "area_km2": 0.0081000000000052384, "distance_m": 2999.6813094799804, "relative_position": "后方" }, "geometry": { "type": "Polygon", "coordinates": [ [ [ 118.52286987655836, 31.525078566689857 ], [ 118.522856703883264, 31.524266830604077 ], [ 118.521909070344904, 31.52427811049095 ], [ 118.521922234830683, 31.525089846933387 ], [ 118.52286987655836, 31.525078566689857 ] ] ] } },
{ "type": "Feature", "properties": { "area_m2": 8099.9999999528518, "area_km2": 0.0080999999999528515, "distance_m": 2937.902902971864, "relative_position": "后方" }, "geometry": { "type": "Polygon", "coordinates": [ [ [ 118.524778348003437, 31.525867720417541 ], [ 118.524765158417082, 31.525055985153799 ], [ 118.523817517753926, 31.525067279429994 ], [ 118.523830699150707, 31.525879015050826 ], [ 118.524778348003437, 31.525867720417541 ] ] ] } },
{ "type": "Feature", "properties": { "area_m2": 8100.0000000104774, "area_km2": 0.0081000000000104773, "distance_m": 2922.6509988648263, "relative_position": "后方" }, "geometry": { "type": "Polygon", "coordinates": [ [ [ 118.523830699150707, 31.525879015050826 ], [ 118.523817517753926, 31.525067279429994 ], [ 118.52286987655836, 31.525078566689857 ], [ 118.522883049765539, 31.52589030266757 ], [ 118.523830699150707, 31.525879015050826 ] ] ] } },
{ "type": "Feature", "properties": { "area_m2": 8100.0000000890577, "area_km2": 0.0081000000000890585, "distance_m": 2910.0933052172327, "relative_position": "后方" }, "geometry": { "type": "Polygon", "coordinates": [ [ [ 118.522883049765539, 31.52589030266757 ], [ 118.52286987655836, 31.525078566689857 ], [ 118.521922234830683, 31.525089846933387 ], [ 118.521935399848246, 31.525901583267757 ], [ 118.522883049765539, 31.52589030266757 ] ] ] } },
{ "type": "Feature", "properties": { "area_m2": 8099.9999999109423, "area_km2": 0.0080999999999109423, "distance_m": 2849.2317821879897, "relative_position": "后方" }, "geometry": { "type": "Polygon", "coordinates": [ [ [ 118.524791538122571, 31.526679455573177 ], [ 118.524778348003437, 31.525867720417541 ], [ 118.523830699150707, 31.525879015050826 ], [ 118.523843881079912, 31.526690750563585 ], [ 118.524791538122571, 31.526679455573177 ] ] ] } },
{ "type": "Feature", "properties": { "area_m2": 8099.9999999895226, "area_km2": 0.0080999999999895218, "distance_m": 2833.5029884337009, "relative_position": "后方" }, "geometry": { "type": "Polygon", "coordinates": [ [ [ 118.523843881079912, 31.526690750563585 ], [ 118.523830699150707, 31.525879015050826 ], [ 118.522883049765539, 31.52589030266757 ], [ 118.522896223504816, 31.526702038537209 ], [ 118.523843881079912, 31.526690750563585 ] ] ] } },
{ "type": "Feature", "properties": { "area_m2": 8100.0000001257285, "area_km2": 0.0081000000001257288, "distance_m": 2820.5487782212044, "relative_position": "后方" }, "geometry": { "type": "Polygon", "coordinates": [ [ [ 118.522896223504816, 31.526702038537209 ], [ 118.522883049765539, 31.52589030266757 ], [ 118.521935399848246, 31.525901583267757 ], [ 118.521948565397565, 31.526713319494057 ], [ 118.522896223504816, 31.526702038537209 ] ] ] } },
{ "type": "Feature", "properties": { "area_m2": 8099.9999999738066, "area_km2": 0.008099999999973807, "distance_m": 2760.6642845337346, "relative_position": "后方" }, "geometry": { "type": "Polygon", "coordinates": [ [ [ 118.524804728774484, 31.527491190620758 ], [ 118.524791538122571, 31.526679455573177 ], [ 118.523843881079912, 31.526690750563585 ], [ 118.523857063541598, 31.52750248596826 ], [ 118.524804728774484, 31.527491190620758 ] ] ] } },
{ "type": "Feature", "properties": { "area_m2": 8100.0, "area_km2": 0.0081, "distance_m": 2744.4283151373484, "relative_position": "后方" }, "geometry": { "type": "Polygon", "coordinates": [ [ [ 118.523857063541598, 31.52750248596826 ], [ 118.523843881079912, 31.526690750563585 ], [ 118.522896223504816, 31.526702038537209 ], [ 118.522909397776203, 31.527513774298772 ], [ 118.523857063541598, 31.52750248596826 ] ] ] } },
{ "type": "Feature", "properties": { "area_m2": 8100.000000083819, "area_km2": 0.0081000000000838197, "distance_m": 2731.0520039008629, "relative_position": "后方" }, "geometry": { "type": "Polygon", "coordinates": [ [ [ 118.522909397776203, 31.527513774298772 ], [ 118.522896223504816, 31.526702038537209 ], [ 118.521948565397565, 31.526713319494057 ], [ 118.521961731478669, 31.527525055612287 ], [ 118.522909397776203, 31.527513774298772 ] ] ] } },
{ "type": "Feature", "properties": { "area_m2": 8100.0, "area_km2": 0.0081, "distance_m": 2990.1469719916695, "relative_position": "后方" }, "geometry": { "type": "Polygon", "coordinates": [ [ [ 118.521922234830683, 31.525089846933387 ], [ 118.521909070344904, 31.52427811049095 ], [ 118.520961436274789, 31.524289383361694 ], [ 118.520974592571264, 31.525101120160564 ], [ 118.521922234830683, 31.525089846933387 ] ] ] } },
{ "type": "Feature", "properties": { "area_m2": 8099.9999999109423, "area_km2": 0.0080999999999109423, "distance_m": 2983.2882349386869, "relative_position": "后方" }, "geometry": { "type": "Polygon", "coordinates": [ [ [ 118.520974592571264, 31.525101120160564 ], [ 118.520961436274789, 31.524289383361694 ], [ 118.520013801673286, 31.524300649216293 ], [ 118.52002694978043, 31.525112386371362 ], [ 118.520974592571264, 31.525101120160564 ] ] ] } },
{ "type": "Feature", "properties": { "area_m2": 8100.0000000576256, "area_km2": 0.0081000000000576253, "distance_m": 2979.1235808068127, "relative_position": "后方" }, "geometry": { "type": "Polygon", "coordinates": [ [ [ 118.52002694978043, 31.525112386371362 ], [ 118.520013801673286, 31.524300649216293 ], [ 118.519066166540696, 31.524311908054724 ], [ 118.51907930645848, 31.525123645565792 ], [ 118.52002694978043, 31.525112386371362 ] ] ] } },
{ "type": "Feature", "properties": { "area_m2": 8099.9999999057036, "area_km2": 0.0080999999999057035, "distance_m": 2900.2648214383316, "relative_position": "后方" }, "geometry": { "type": "Polygon", "coordinates": [ [ [ 118.521935399848246, 31.525901583267757 ], [ 118.521922234830683, 31.525089846933387 ], [ 118.520974592571264, 31.525101120160564 ], [ 118.520987749399183, 31.525912856851352 ], [ 118.521935399848246, 31.525901583267757 ] ] ] } },
{ "type": "Feature", "properties": { "area_m2": 8100.0000000104774, "area_km2": 0.0081000000000104773, "distance_m": 2893.1933645783206, "relative_position": "后方" }, "geometry": { "type": "Polygon", "coordinates": [ [ [ 118.520987749399183, 31.525912856851352 ], [ 118.520974592571264, 31.525101120160564 ], [ 118.52002694978043, 31.525112386371362 ], [ 118.520040098418662, 31.525924123418378 ], [ 118.520987749399183, 31.525912856851352 ] ] ] } },
{ "type": "Feature", "properties": { "area_m2": 8100.0000000157161, "area_km2": 0.0081000000000157162, "distance_m": 2888.8991833595314, "relative_position": "后方" }, "geometry": { "type": "Polygon", "coordinates": [ [ [ 118.520040098418662, 31.525924123418378 ], [ 118.52002694978043, 31.525112386371362 ], [ 118.51907930645848, 31.525123645565792 ], [ 118.519092446907038, 31.52593538296879 ], [ 118.520040098418662, 31.525924123418378 ] ] ] } },
{ "type": "Feature", "properties": { "area_m2": 8100.0000000419095, "area_km2": 0.0081000000000419087, "distance_m": 2810.4075218227099, "relative_position": "后方" }, "geometry": { "type": "Polygon", "coordinates": [ [ [ 118.521948565397565, 31.526713319494057 ], [ 118.521935399848246, 31.525901583267757 ], [ 118.520987749399183, 31.525912856851352 ], [ 118.52100090675853, 31.526724593434096 ], [ 118.521948565397565, 31.526713319494057 ] ] ] } },
{ "type": "Feature", "properties": { "area_m2": 8100.0000000314321, "area_km2": 0.0081000000000314328, "distance_m": 2803.1097527728198, "relative_position": "后方" }, "geometry": { "type": "Polygon", "coordinates": [ [ [ 118.52100090675853, 31.526724593434096 ], [ 118.520987749399183, 31.525912856851352 ], [ 118.520040098418662, 31.525924123418378 ], [ 118.520053247588024, 31.526735860357338 ], [ 118.52100090675853, 31.526724593434096 ] ] ] } },
{ "type": "Feature", "properties": { "area_m2": 8100.0000000471482, "area_km2": 0.0081000000000471476, "distance_m": 2798.6777177592935, "relative_position": "后方" }, "geometry": { "type": "Polygon", "coordinates": [ [ [ 118.520053247588024, 31.526735860357338 ], [ 118.520040098418662, 31.525924123418378 ], [ 118.519092446907038, 31.52593538296879 ], [ 118.519105587886372, 31.526747120263749 ], [ 118.520053247588024, 31.526735860357338 ] ] ] } },
{ "type": "Feature", "properties": { "area_m2": 8099.9999999790452, "area_km2": 0.0080999999999790458, "distance_m": 2720.5775343921864, "relative_position": "后方" }, "geometry": { "type": "Polygon", "coordinates": [ [ [ 118.521961731478669, 31.527525055612287 ], [ 118.521948565397565, 31.526713319494057 ], [ 118.52100090675853, 31.526724593434096 ], [ 118.52101406464935, 31.527536329908781 ], [ 118.521961731478669, 31.527525055612287 ] ] ] } },
{ "type": "Feature", "properties": { "area_m2": 8100.0000001152512, "area_km2": 0.0081000000001152511, "distance_m": 2982.870487523448, "relative_position": "后方" }, "geometry": { "type": "Polygon", "coordinates": [ [ [ 118.517184018222636, 31.525146142905434 ], [ 118.517170894683588, 31.524334404683078 ], [ 118.516223257959737, 31.524345642472948 ], [ 118.516236373309368, 31.525157381050629 ], [ 118.517184018222636, 31.525146142905434 ] ] ] } },
{ "type": "Feature", "properties": { "area_m2": 8100.0000000104774, "area_km2": 0.0081000000000104773, "distance_m": 2989.521779502239, "relative_position": "后方" }, "geometry": { "type": "Polygon", "coordinates": [ [ [ 118.516236373309368, 31.525157381050629 ], [ 118.516223257959737, 31.524345642472948 ], [ 118.515275620706134, 31.524356873246614 ], [ 118.515288727866348, 31.525168612179396 ], [ 118.516236373309368, 31.525157381050629 ] ] ] } },
{ "type": "Feature", "properties": { "area_m2": 8100.0000000366708, "area_km2": 0.0081000000000366716, "distance_m": 2998.8503647780449, "relative_position": "后方" }, "geometry": { "type": "Polygon", "coordinates": [ [ [ 118.515288727866348, 31.525168612179396 ], [ 118.515275620706134, 31.524356873246614 ], [ 118.51432798292312, 31.524368097004047 ], [ 118.514341081893889, 31.525179836291709 ], [ 118.515288727866348, 31.525168612179396 ] ] ] } },
{ "type": "Feature", "properties": { "area_m2": 8100.000000068103, "area_km2": 0.0081000000000681031, "distance_m": 2892.7640077755718, "relative_position": "后方" }, "geometry": { "type": "Polygon", "coordinates": [ [ [ 118.517197142291778, 31.52595788101975 ], [ 118.517184018222636, 31.525146142905434 ], [ 118.516236373309368, 31.525157381050629 ], [ 118.51624948918878, 31.525969119520269 ], [ 118.517197142291778, 31.52595788101975 ] ] ] } },
{ "type": "Feature", "properties": { "area_m2": 8099.9999999580905, "area_km2": 0.0080999999999580904, "distance_m": 2899.622346326672, "relative_position": "后方" }, "geometry": { "type": "Polygon", "coordinates": [ [ [ 118.51624948918878, 31.525969119520269 ], [ 118.516236373309368, 31.525157381050629 ], [ 118.515288727866348, 31.525168612179396 ], [ 118.515301835555988, 31.525980351004137 ], [ 118.51624948918878, 31.525969119520269 ] ] ] } },
{ "type": "Feature", "properties": { "area_m2": 8099.999999916181, "area_km2": 0.0080999999999161812, "distance_m": 2909.2395589583216, "relative_position": "后方" }, "geometry": { "type": "Polygon", "coordinates": [ [ [ 118.515301835555988, 31.525980351004137 ], [ 118.515288727866348, 31.525168612179396 ], [ 118.514341081893889, 31.525179836291709 ], [ 118.514354181393742, 31.52599157547133 ], [ 118.515301835555988, 31.525980351004137 ] ] ] } },
{ "type": "Feature", "properties": { "area_m2": 8099.9999999528518, "area_km2": 0.0080999999999528515, "distance_m": 2802.6680456535428, "relative_position": "后方" }, "geometry": { "type": "Polygon", "coordinates": [ [ [ 118.517210266891027, 31.526769619026034 ], [ 118.517197142291778, 31.52595788101975 ], [ 118.51624948918878, 31.525969119520269 ], [ 118.516262605597973, 31.526780857881892 ], [ 118.517210266891027, 31.526769619026034 ] ] ] } },
{ "type": "Feature", "properties": { "area_m2": 8100.0000001466833, "area_km2": 0.0081000000001466826, "distance_m": 2809.7466696922911, "relative_position": "后方" }, "geometry": { "type": "Polygon", "coordinates": [ [ [ 118.516262605597973, 31.526780857881892 ], [ 118.51624948918878, 31.525969119520269 ], [ 118.515301835555988, 31.525980351004137 ], [ 118.515314943775095, 31.526792089720868 ], [ 118.516262605597973, 31.526780857881892 ] ] ] } },
{ "type": "Feature", "properties": { "area_m2": 8100.0000000628643, "area_km2": 0.0081000000000628642, "distance_m": 2819.6708022465236, "relative_position": "后方" }, "geometry": { "type": "Polygon", "coordinates": [ [ [ 118.515314943775095, 31.526792089720868 ], [ 118.515301835555988, 31.525980351004137 ], [ 118.514354181393742, 31.52599157547133 ], [ 118.51436728142275, 31.526803314542956 ], [ 118.515314943775095, 31.526792089720868 ] ] ] } },
{ "type": "Feature", "properties": { "area_m2": 8099.9999999371357, "area_km2": 0.0080999999999371349, "distance_m": 2712.5836480056732, "relative_position": "后方" }, "geometry": { "type": "Polygon", "coordinates": [ [ [ 118.517223392020455, 31.527581356924284 ], [ 118.517210266891027, 31.526769619026034 ], [ 118.516262605597973, 31.526780857881892 ], [ 118.516275722537003, 31.527592596135474 ], [ 118.517223392020455, 31.527581356924284 ] ] ] } },
{ "type": "Feature", "properties": { "area_m2": 8100.000000068103, "area_km2": 0.0081000000000681031, "distance_m": 2977.66431629611, "relative_position": "后方" }, "geometry": { "type": "Polygon", "coordinates": [ [ [ 118.51907930645848, 31.525123645565792 ], [ 118.519066166540696, 31.524311908054724 ], [ 118.518118530877345, 31.524323159876992 ], [ 118.518131662605768, 31.525134897743815 ], [ 118.51907930645848, 31.525123645565792 ] ] ] } },
{ "type": "Feature", "properties": { "area_m2": 8099.9999999895226, "area_km2": 0.0080999999999895218, "distance_m": 2978.9144198195272, "relative_position": "后方" }, "geometry": { "type": "Polygon", "coordinates": [ [ [ 118.518131662605768, 31.525134897743815 ], [ 118.518118530877345, 31.524323159876992 ], [ 118.517170894683588, 31.524334404683078 ], [ 118.517184018222636, 31.525146142905434 ], [ 118.518131662605768, 31.525134897743815 ] ] ] } },
{ "type": "Feature", "properties": { "area_m2": 8100.0000001100125, "area_km2": 0.0081000000001100123, "distance_m": 2887.3946717123895, "relative_position": "后方" }, "geometry": { "type": "Polygon", "coordinates": [ [ [ 118.519092446907038, 31.52593538296879 ], [ 118.51907930645848, 31.525123645565792 ], [ 118.518131662605768, 31.525134897743815 ], [ 118.518144794864625, 31.525946635502585 ], [ 118.519092446907038, 31.52593538296879 ] ] ] } },
{ "type": "Feature", "properties": { "area_m2": 8099.9999999214197, "area_km2": 0.0080999999999214201, "distance_m": 2888.6841911360893, "relative_position": "后方" }, "geometry": { "type": "Polygon", "coordinates": [ [ [ 118.518144794864625, 31.525946635502585 ], [ 118.518131662605768, 31.525134897743815 ], [ 118.517184018222636, 31.525146142905434 ], [ 118.517197142291778, 31.52595788101975 ], [ 118.518144794864625, 31.525946635502585 ] ] ] } },
{ "type": "Feature", "properties": { "area_m2": 8099.999999916181, "area_km2": 0.0080999999999161812, "distance_m": 2797.1250418139884, "relative_position": "后方" }, "geometry": { "type": "Polygon", "coordinates": [ [ [ 118.519105587886372, 31.526747120263749 ], [ 118.519092446907038, 31.52593538296879 ], [ 118.518144794864625, 31.525946635502585 ], [ 118.518157927653959, 31.526758373153321 ], [ 118.519105587886372, 31.526747120263749 ] ] ] } },
{ "type": "Feature", "properties": { "area_m2": 8100.0000000419095, "area_km2": 0.0081000000000419087, "distance_m": 2798.4565203845091, "relative_position": "后方" }, "geometry": { "type": "Polygon", "coordinates": [ [ [ 118.518157927653959, 31.526758373153321 ], [ 118.518144794864625, 31.525946635502585 ], [ 118.517197142291778, 31.52595788101975 ], [ 118.517210266891027, 31.526769619026034 ], [ 118.518157927653959, 31.526758373153321 ] ] ] } },
{ "type": "Feature", "properties": { "area_m2": 8099.9999999109423, "area_km2": 0.0080999999999109423, "distance_m": 2706.8554269203091, "relative_position": "后方" }, "geometry": { "type": "Polygon", "coordinates": [ [ [ 118.519118729396538, 31.527558857450654 ], [ 118.519105587886372, 31.526747120263749 ], [ 118.518157927653959, 31.526758373153321 ], [ 118.518171060973728, 31.527570110696008 ], [ 118.519118729396538, 31.527558857450654 ] ] ] } },
{ "type": "Feature", "properties": { "area_m2": 8099.9999999842839, "area_km2": 0.0080999999999842847, "distance_m": 2708.2316620795159, "relative_position": "后方" }, "geometry": { "type": "Polygon", "coordinates": [ [ [ 118.518171060973728, 31.527570110696008 ], [ 118.518157927653959, 31.526758373153321 ], [ 118.517210266891027, 31.526769619026034 ], [ 118.517223392020455, 31.527581356924284 ], [ 118.518171060973728, 31.527570110696008 ] ] ] } },
{ "type": "Feature", "properties": { "area_m2": 8099.9999999790452, "area_km2": 0.0080999999999790458, "distance_m": 2616.5858274013367, "relative_position": "后方" }, "geometry": { "type": "Polygon", "coordinates": [ [ [ 118.519131871437509, 31.528370594529498 ], [ 118.519118729396538, 31.527558857450654 ], [ 118.518171060973728, 31.527570110696008 ], [ 118.518184194824016, 31.528381848130646 ], [ 118.519131871437509, 31.528370594529498 ] ] ] } },
{ "type": "Feature", "properties": { "area_m2": 8099.9999998218846, "area_km2": 0.0080999999998218851, "distance_m": 2618.0099058095498, "relative_position": "后方" }, "geometry": { "type": "Polygon", "coordinates": [ [ [ 118.518184194824016, 31.528381848130646 ], [ 118.518171060973728, 31.527570110696008 ], [ 118.517223392020455, 31.527581356924284 ], [ 118.517236517680018, 31.528393094714488 ], [ 118.518184194824016, 31.528381848130646 ] ] ] } },
{ "type": "Feature", "properties": { "area_m2": 8100.0000000733417, "area_km2": 0.0081000000000733419, "distance_m": 2713.0385198623444, "relative_position": "后方" }, "geometry": { "type": "Polygon", "coordinates": [ [ [ 118.52101406464935, 31.527536329908781 ], [ 118.52100090675853, 31.526724593434096 ], [ 118.520053247588024, 31.526735860357338 ], [ 118.520066397288517, 31.527547597188242 ], [ 118.52101406464935, 31.527536329908781 ] ] ] } },
{ "type": "Feature", "properties": { "area_m2": 8100.0000001100125, "area_km2": 0.0081000000001100123, "distance_m": 2708.4594758486642, "relative_position": "后方" }, "geometry": { "type": "Polygon", "coordinates": [ [ [ 118.520066397288517, 31.527547597188242 ], [ 118.520053247588024, 31.526735860357338 ], [ 118.519105587886372, 31.526747120263749 ], [ 118.519118729396538, 31.527558857450654 ], [ 118.520066397288517, 31.527547597188242 ] ] ] } },
{ "type": "Feature", "properties": { "area_m2": 8099.9999999476131, "area_km2": 0.0080999999999476126, "distance_m": 2630.7776557552361, "relative_position": "后方" }, "geometry": { "type": "Polygon", "coordinates": [ [ [ 118.521974898091628, 31.528336791622447 ], [ 118.521961731478669, 31.527525055612287 ], [ 118.52101406464935, 31.527536329908781 ], [ 118.521027223071627, 31.528348066275385 ], [ 118.521974898091628, 31.528336791622447 ] ] ] } },
{ "type": "Feature", "properties": { "area_m2": 8099.9999999266583, "area_km2": 0.0080999999999266589, "distance_m": 2622.9809399110172, "relative_position": "后方" }, "geometry": { "type": "Polygon", "coordinates": [ [ [ 118.521027223071627, 31.528348066275385 ], [ 118.52101406464935, 31.527536329908781 ], [ 118.520066397288517, 31.527547597188242 ], [ 118.520079547520169, 31.528359333911077 ], [ 118.521027223071627, 31.528348066275385 ] ] ] } },
{ "type": "Feature", "properties": { "area_m2": 8099.9999999109423, "area_km2": 0.0080999999999109423, "distance_m": 2618.2447896822268, "relative_position": "后方" }, "geometry": { "type": "Polygon", "coordinates": [ [ [ 118.520079547520169, 31.528359333911077 ], [ 118.520066397288517, 31.527547597188242 ], [ 118.519118729396538, 31.527558857450654 ], [ 118.519131871437509, 31.528370594529498 ], [ 118.520079547520169, 31.528359333911077 ] ] ] } },
{ "type": "Feature", "properties": { "area_m2": 8100.0000000471482, "area_km2": 0.0081000000000471476, "distance_m": 2541.0110768485592, "relative_position": "后方" }, "geometry": { "type": "Polygon", "coordinates": [ [ [ 118.521988065236386, 31.52914852752453 ], [ 118.521974898091628, 31.528336791622447 ], [ 118.521027223071627, 31.528348066275385 ], [ 118.521040382025447, 31.529159802533929 ], [ 118.521988065236386, 31.52914852752453 ] ] ] } },
{ "type": "Feature", "properties": { "area_m2": 8100.0000000104774, "area_km2": 0.0081000000000104773, "distance_m": 2532.9384679679911, "relative_position": "后方" }, "geometry": { "type": "Polygon", "coordinates": [ [ [ 118.521040382025447, 31.529159802533929 ], [ 118.521027223071627, 31.528348066275385 ], [ 118.520079547520169, 31.528359333911077 ], [ 118.52009269828298, 31.529171070525862 ], [ 118.521040382025447, 31.529159802533929 ] ] ] } },
{ "type": "Feature", "properties": { "area_m2": 8099.9999999790452, "area_km2": 0.0080999999999790458, "distance_m": 2528.034038700519, "relative_position": "后方" }, "geometry": { "type": "Polygon", "coordinates": [ [ [ 118.52009269828298, 31.529171070525862 ], [ 118.520079547520169, 31.528359333911077 ], [ 118.519131871437509, 31.528370594529498 ], [ 118.519145014009339, 31.529182331500291 ], [ 118.52009269828298, 31.529171070525862 ] ] ] } },
{ "type": "Feature", "properties": { "area_m2": 8099.9999998847488, "area_km2": 0.008099999999884748, "distance_m": 2451.2814547395924, "relative_position": "后方" }, "geometry": { "type": "Polygon", "coordinates": [ [ [ 118.522001232912999, 31.529960263318539 ], [ 118.521988065236386, 31.52914852752453 ], [ 118.521040382025447, 31.529159802533929 ], [ 118.521053541510781, 31.529971538684411 ], [ 118.522001232912999, 31.529960263318539 ] ] ] } },
{ "type": "Feature", "properties": { "area_m2": 8100.0000000995351, "area_km2": 0.0081000000000995345, "distance_m": 2442.9127733469104, "relative_position": "后方" }, "geometry": { "type": "Polygon", "coordinates": [ [ [ 118.521053541510781, 31.529971538684411 ], [ 118.521040382025447, 31.529159802533929 ], [ 118.52009269828298, 31.529171070525862 ], [ 118.520105849576979, 31.529982807032574 ], [ 118.521053541510781, 31.529971538684411 ] ] ] } },
{ "type": "Feature", "properties": { "area_m2": 8100.0000000157161, "area_km2": 0.0081000000000157162, "distance_m": 2719.8971034730671, "relative_position": "后方" }, "geometry": { "type": "Polygon", "coordinates": [ [ [ 118.516275722537003, 31.527592596135474 ], [ 118.516262605597973, 31.526780857881892 ], [ 118.515314943775095, 31.526792089720868 ], [ 118.515328052523714, 31.527603828329571 ], [ 118.516275722537003, 31.527592596135474 ] ] ] } },
{ "type": "Feature", "properties": { "area_m2": 8099.9999999633292, "area_km2": 0.0080999999999633292, "distance_m": 2730.1482320588971, "relative_position": "后方" }, "geometry": { "type": "Polygon", "coordinates": [ [ [ 118.515328052523714, 31.527603828329571 ], [ 118.515314943775095, 31.526792089720868 ], [ 118.51436728142275, 31.526803314542956 ], [ 118.514380381980928, 31.527615053506544 ], [ 118.515328052523714, 31.527603828329571 ] ] ] } },
{ "type": "Feature", "properties": { "area_m2": 8100.0000000576256, "area_km2": 0.0081000000000576253, "distance_m": 2622.5120053888177, "relative_position": "后方" }, "geometry": { "type": "Polygon", "coordinates": [ [ [ 118.517236517680018, 31.528393094714488 ], [ 118.517223392020455, 31.527581356924284 ], [ 118.516275722537003, 31.527592596135474 ], [ 118.516288840005828, 31.528404334281021 ], [ 118.517236517680018, 31.528393094714488 ] ] ] } },
{ "type": "Feature", "properties": { "area_m2": 8099.9999999633292, "area_km2": 0.0080999999999633292, "distance_m": 2630.076322468708, "relative_position": "后方" }, "geometry": { "type": "Polygon", "coordinates": [ [ [ 118.516288840005828, 31.528404334281021 ], [ 118.516275722537003, 31.527592596135474 ], [ 118.515328052523714, 31.527603828329571 ], [ 118.5153411618018, 31.528415566830233 ], [ 118.516288840005828, 31.528404334281021 ] ] ] } },
{ "type": "Feature", "properties": { "area_m2": 8099.9999999057036, "area_km2": 0.0080999999999057035, "distance_m": 2640.6765445843826, "relative_position": "后方" }, "geometry": { "type": "Polygon", "coordinates": [ [ [ 118.5153411618018, 31.528415566830233 ], [ 118.515328052523714, 31.527603828329571 ], [ 118.514380381980928, 31.527615053506544 ], [ 118.514393483068247, 31.528426792362097 ], [ 118.5153411618018, 31.528415566830233 ] ] ] } },
{ "type": "Feature", "properties": { "area_m2": 8099.9999998376006, "area_km2": 0.0080999999998376, "distance_m": 2654.2763019508702, "relative_position": "后方" }, "geometry": { "type": "Polygon", "coordinates": [ [ [ 118.514393483068247, 31.528426792362097 ], [ 118.514380381980928, 31.527615053506544 ], [ 118.513432710908972, 31.527626271666392 ], [ 118.513445803805496, 31.528438010876624 ], [ 118.514393483068247, 31.528426792362097 ] ] ] } },
{ "type": "Feature", "properties": { "area_m2": 8100.0000000366708, "area_km2": 0.0081000000000366716, "distance_m": 2540.2873788691868, "relative_position": "后方" }, "geometry": { "type": "Polygon", "coordinates": [ [ [ 118.516301958004533, 31.529216072318526 ], [ 118.516288840005828, 31.528404334281021 ], [ 118.5153411618018, 31.528415566830233 ], [ 118.515354271609397, 31.529227305222861 ], [ 118.516301958004533, 31.529216072318526 ] ] ] } },
{ "type": "Feature", "properties": { "area_m2": 8100.0000000419095, "area_km2": 0.0081000000000419087, "distance_m": 2551.2610919207395, "relative_position": "后方" }, "geometry": { "type": "Polygon", "coordinates": [ [ [ 118.515354271609397, 31.529227305222861 ], [ 118.5153411618018, 31.528415566830233 ], [ 118.514393483068247, 31.528426792362097 ], [ 118.51440658468475, 31.529238531109645 ], [ 118.515354271609397, 31.529227305222861 ] ] ] } },
{ "type": "Feature", "properties": { "area_m2": 8100.0000000052387, "area_km2": 0.0081000000000052384, "distance_m": 2565.3353137436629, "relative_position": "后方" }, "geometry": { "type": "Polygon", "coordinates": [ [ [ 118.51440658468475, 31.529238531109645 ], [ 118.514393483068247, 31.528426792362097 ], [ 118.513445803805496, 31.528438010876624 ], [ 118.513458897230905, 31.529249749978845 ], [ 118.51440658468475, 31.529238531109645 ] ] ] } },
{ "type": "Feature", "properties": { "area_m2": 8100.0000000995351, "area_km2": 0.0081000000000995345, "distance_m": 2450.5337710270542, "relative_position": "后方" }, "geometry": { "type": "Polygon", "coordinates": [ [ [ 118.51631507653309, 31.530027810247994 ], [ 118.516301958004533, 31.529216072318526 ], [ 118.515354271609397, 31.529227305222861 ], [ 118.515367381946561, 31.530039043507468 ], [ 118.51631507653309, 31.530027810247994 ] ] ] } },
{ "type": "Feature", "properties": { "area_m2": 8099.9999998637941, "area_km2": 0.0080999999998637943, "distance_m": 2672.2107122913976, "relative_position": "后方" }, "geometry": { "type": "Polygon", "coordinates": [ [ [ 118.524817919959204, 31.528302925560219 ], [ 118.524804728774484, 31.527491190620758 ], [ 118.523857063541598, 31.52750248596826 ], [ 118.523870246535722, 31.528314221264846 ], [ 118.524817919959204, 31.528302925560219 ] ] ] } },
{ "type": "Feature", "properties": { "area_m2": 8099.999999931897, "area_km2": 0.0080999999999318978, "distance_m": 2655.4343579474757, "relative_position": "后方" }, "geometry": { "type": "Polygon", "coordinates": [ [ [ 118.523870246535722, 31.528314221264846 ], [ 118.523857063541598, 31.52750248596826 ], [ 118.522909397776203, 31.527513774298772 ], [ 118.522922572579745, 31.528325509952261 ], [ 118.523870246535722, 31.528314221264846 ] ] ] } },
{ "type": "Feature", "properties": { "area_m2": 8099.9999998847488, "area_km2": 0.008099999999884748, "distance_m": 2641.6078346196064, "relative_position": "后方" }, "geometry": { "type": "Polygon", "coordinates": [ [ [ 118.522922572579745, 31.528325509952261 ], [ 118.522909397776203, 31.527513774298772 ], [ 118.521961731478669, 31.527525055612287 ], [ 118.521974898091628, 31.528336791622447 ], [ 118.522922572579745, 31.528325509952261 ] ] ] } },
{ "type": "Feature", "properties": { "area_m2": 8099.9999999685679, "area_km2": 0.0080999999999685681, "distance_m": 2583.8827642482247, "relative_position": "后方" }, "geometry": { "type": "Polygon", "coordinates": [ [ [ 118.524831111676761, 31.529114660391588 ], [ 118.524817919959204, 31.528302925560219 ], [ 118.523870246535722, 31.528314221264846 ], [ 118.523883430062384, 31.529125956453356 ], [ 118.524831111676761, 31.529114660391588 ] ] ] } },
{ "type": "Feature", "properties": { "area_m2": 8100.0000002986053, "area_km2": 0.0081000000002986045, "distance_m": 2566.5295121156655, "relative_position": "后方" }, "geometry": { "type": "Polygon", "coordinates": [ [ [ 118.523883430062384, 31.529125956453356 ], [ 118.523870246535722, 31.528314221264846 ], [ 118.522922572579745, 31.528325509952261 ], [ 118.522935747915454, 31.529137245497665 ], [ 118.523883430062384, 31.529125956453356 ] ] ] } },
{ "type": "Feature", "properties": { "area_m2": 8099.9999999423744, "area_km2": 0.0080999999999423738, "distance_m": 2552.2217998903579, "relative_position": "后方" }, "geometry": { "type": "Polygon", "coordinates": [ [ [ 118.522935747915454, 31.529137245497665 ], [ 118.522922572579745, 31.528325509952261 ], [ 118.521974898091628, 31.528336791622447 ], [ 118.521988065236386, 31.52914852752453 ], [ 118.522935747915454, 31.529137245497665 ] ] ] } },
{ "type": "Feature", "properties": { "area_m2": 8100.0000000104774, "area_km2": 0.0081000000000104773, "distance_m": 2495.6937775222787, "relative_position": "后方" }, "geometry": { "type": "Polygon", "coordinates": [ [ [ 118.524844303927168, 31.529926395114888 ], [ 118.524831111676761, 31.529114660391588 ], [ 118.523883430062384, 31.529125956453356 ], [ 118.523896614121512, 31.529937691533764 ], [ 118.524844303927168, 31.529926395114888 ] ] ] } },
{ "type": "Feature", "properties": { "area_m2": 8099.9999999528518, "area_km2": 0.0080999999999528515, "distance_m": 2477.7233688030792, "relative_position": "后方" }, "geometry": { "type": "Polygon", "coordinates": [ [ [ 118.523896614121512, 31.529937691533764 ], [ 118.523883430062384, 31.529125956453356 ], [ 118.522935747915454, 31.529137245497665 ], [ 118.52294892378336, 31.529948980934986 ], [ 118.523896614121512, 31.529937691533764 ] ] ] } },
{ "type": "Feature", "properties": { "area_m2": 8099.999999931897, "area_km2": 0.0080999999999318978, "distance_m": 2462.9002280932532, "relative_position": "后方" }, "geometry": { "type": "Polygon", "coordinates": [ [ [ 118.52294892378336, 31.529948980934986 ], [ 118.522935747915454, 31.529137245497665 ], [ 118.521988065236386, 31.52914852752453 ], [ 118.522001232912999, 31.529960263318539 ], [ 118.52294892378336, 31.529948980934986 ] ] ] } },
{ "type": "Feature", "properties": { "area_m2": 8099.9999999842839, "area_km2": 0.0080999999999842847, "distance_m": 2407.6590207167214, "relative_position": "后方" }, "geometry": { "type": "Polygon", "coordinates": [ [ [ 118.52485749671041, 31.530738129730075 ], [ 118.524844303927168, 31.529926395114888 ], [ 118.523896614121512, 31.529937691533764 ], [ 118.52390979871322, 31.530749426506098 ], [ 118.52485749671041, 31.530738129730075 ] ] ] } },
{ "type": "Feature", "properties": { "area_m2": 8100.0000000890577, "area_km2": 0.0081000000000890585, "distance_m": 2526.3162436715988, "relative_position": "后方" }, "geometry": { "type": "Polygon", "coordinates": [ [ [ 118.519145014009339, 31.529182331500291 ], [ 118.519131871437509, 31.528370594529498 ], [ 118.518184194824016, 31.528381848130646 ], [ 118.51819732920481, 31.529193585457232 ], [ 118.519145014009339, 31.529182331500291 ] ] ] } },
{ "type": "Feature", "properties": { "area_m2": 8099.9999999476131, "area_km2": 0.0080999999999476126, "distance_m": 2527.7915825030882, "relative_position": "后方" }, "geometry": { "type": "Polygon", "coordinates": [ [ [ 118.51819732920481, 31.529193585457232 ], [ 118.518184194824016, 31.528381848130646 ], [ 118.517236517680018, 31.528393094714488 ], [ 118.517249643869775, 31.529204832396641 ], [ 118.51819732920481, 31.529193585457232 ] ] ] } },
{ "type": "Feature", "properties": { "area_m2": 8100.000000083819, "area_km2": 0.0081000000000838197, "distance_m": 2532.4544775458553, "relative_position": "后方" }, "geometry": { "type": "Polygon", "coordinates": [ [ [ 118.517249643869775, 31.529204832396641 ], [ 118.517236517680018, 31.528393094714488 ], [ 118.516288840005828, 31.528404334281021 ], [ 118.516301958004533, 31.529216072318526 ], [ 118.517249643869775, 31.529204832396641 ] ] ] } },
{ "type": "Feature", "properties": { "area_m2": 8100.0000000523869, "area_km2": 0.0081000000000523865, "distance_m": 2436.0466762142814, "relative_position": "后方" }, "geometry": { "type": "Polygon", "coordinates": [ [ [ 118.519158157112003, 31.529994068363038 ], [ 118.519145014009339, 31.529182331500291 ], [ 118.51819732920481, 31.529193585457232 ], [ 118.518210464116137, 31.53000532267577 ], [ 118.519158157112003, 31.529994068363038 ] ] ] } },
{ "type": "Feature", "properties": { "area_m2": 8099.9999999214197, "area_km2": 0.0080999999999214201, "distance_m": 2437.577072060923, "relative_position": "后方" }, "geometry": { "type": "Polygon", "coordinates": [ [ [ 118.518210464116137, 31.53000532267577 ], [ 118.51819732920481, 31.529193585457232 ], [ 118.517249643869775, 31.529204832396641 ], [ 118.517262770589724, 31.530016569970766 ], [ 118.518210464116137, 31.53000532267577 ] ] ] } },
{ "type": "Feature", "properties": { "area_m2": 8099.9999999790452, "area_km2": 0.0080999999999790458, "distance_m": 2442.4126245415064, "relative_position": "后方" }, "geometry": { "type": "Polygon", "coordinates": [ [ [ 118.517262770589724, 31.530016569970766 ], [ 118.517249643869775, 31.529204832396641 ], [ 118.516301958004533, 31.529216072318526 ], [ 118.51631507653309, 31.530027810247994 ], [ 118.517262770589724, 31.530016569970766 ] ] ] } },
{ "type": "Feature", "properties": { "area_m2": 8099.9999999685679, "area_km2": 0.0080999999999685681, "distance_m": 2345.7771255822145, "relative_position": "后方" }, "geometry": { "type": "Polygon", "coordinates": [ [ [ 118.519171300745555, 31.530805805117726 ], [ 118.519158157112003, 31.529994068363038 ], [ 118.518210464116137, 31.53000532267577 ], [ 118.518223599558027, 31.530817059786258 ], [ 118.519171300745555, 31.530805805117726 ] ] ] } },
{ "type": "Feature", "properties": { "area_m2": 8100.0, "area_km2": 0.0081, "distance_m": 2347.3668127702458, "relative_position": "后方" }, "geometry": { "type": "Polygon", "coordinates": [ [ [ 118.518223599558027, 31.530817059786258 ], [ 118.518210464116137, 31.53000532267577 ], [ 118.517262770589724, 31.530016569970766 ], [ 118.517275897839895, 31.530828307436831 ], [ 118.518223599558027, 31.530817059786258 ] ] ] } },
{ "type": "Feature", "properties": { "area_m2": 8099.9999999685679, "area_km2": 0.0080999999999685681, "distance_m": 2352.3882450041574, "relative_position": "后方" }, "geometry": { "type": "Polygon", "coordinates": [ [ [ 118.517275897839895, 31.530828307436831 ], [ 118.517262770589724, 31.530016569970766 ], [ 118.51631507653309, 31.530027810247994 ], [ 118.516328195591541, 31.530839548069423 ], [ 118.517275897839895, 31.530828307436831 ] ] ] } },
{ "type": "Feature", "properties": { "area_m2": 8099.9999999738066, "area_km2": 0.008099999999973807, "distance_m": 2255.5075924205057, "relative_position": "后方" }, "geometry": { "type": "Polygon", "coordinates": [ [ [ 118.519184444910024, 31.531617541764348 ], [ 118.519171300745555, 31.530805805117726 ], [ 118.518223599558027, 31.530817059786258 ], [ 118.518236735530451, 31.531628796788688 ], [ 118.519184444910024, 31.531617541764348 ] ] ] } },
{ "type": "Feature", "properties": { "area_m2": 8099.9999999476131, "area_km2": 0.0080999999999476126, "distance_m": 2437.827658486869, "relative_position": "后方" }, "geometry": { "type": "Polygon", "coordinates": [ [ [ 118.520105849576979, 31.529982807032574 ], [ 118.52009269828298, 31.529171070525862 ], [ 118.519145014009339, 31.529182331500291 ], [ 118.519158157112003, 31.529994068363038 ], [ 118.520105849576979, 31.529982807032574 ] ] ] } },
{ "type": "Feature", "properties": { "area_m2": 8099.9999998323619, "area_km2": 0.0080999999998323611, "distance_m": 2361.5930006801327, "relative_position": "后方" }, "geometry": { "type": "Polygon", "coordinates": [ [ [ 118.522014401121481, 31.530771999004482 ], [ 118.522001232912999, 31.529960263318539 ], [ 118.521053541510781, 31.529971538684411 ], [ 118.521066701527644, 31.530783274726819 ], [ 118.522014401121481, 31.530771999004482 ] ] ] } },
{ "type": "Feature", "properties": { "area_m2": 8100.0000001414446, "area_km2": 0.0081000000001414454, "distance_m": 2352.9057805027169, "relative_position": "后方" }, "geometry": { "type": "Polygon", "coordinates": [ [ [ 118.521066701527644, 31.530783274726819 ], [ 118.521053541510781, 31.529971538684411 ], [ 118.520105849576979, 31.529982807032574 ], [ 118.520119001402207, 31.530794543431227 ], [ 118.521066701527644, 31.530783274726819 ] ] ] } },
{ "type": "Feature", "properties": { "area_m2": 8100.0000000523869, "area_km2": 0.0081000000000523865, "distance_m": 2347.6261515531974, "relative_position": "后方" }, "geometry": { "type": "Polygon", "coordinates": [ [ [ 118.520119001402207, 31.530794543431227 ], [ 118.520105849576979, 31.529982807032574 ], [ 118.519158157112003, 31.529994068363038 ], [ 118.519171300745555, 31.530805805117726 ], [ 118.520119001402207, 31.530794543431227 ] ] ] } },
{ "type": "Feature", "properties": { "area_m2": 8099.999999931897, "area_km2": 0.0080999999999318978, "distance_m": 2271.950588810224, "relative_position": "后方" }, "geometry": { "type": "Polygon", "coordinates": [ [ [ 118.522027569861876, 31.531583734582338 ], [ 118.522014401121481, 31.530771999004482 ], [ 118.521066701527644, 31.530783274726819 ], [ 118.521079862076064, 31.531595010661157 ], [ 118.522027569861876, 31.531583734582338 ] ] ] } },
{ "type": "Feature", "properties": { "area_m2": 8100.0000000576256, "area_km2": 0.0081000000000576253, "distance_m": 2262.9197196379791, "relative_position": "后方" }, "geometry": { "type": "Polygon", "coordinates": [ [ [ 118.521079862076064, 31.531595010661157 ], [ 118.521066701527644, 31.530783274726819 ], [ 118.520119001402207, 31.530794543431227 ], [ 118.520132153758667, 31.531606279721828 ], [ 118.521079862076064, 31.531595010661157 ] ] ] } },
{ "type": "Feature", "properties": { "area_m2": 8100.0000000471482, "area_km2": 0.0081000000000471476, "distance_m": 2257.4301006977394, "relative_position": "后方" }, "geometry": { "type": "Polygon", "coordinates": [ [ [ 118.520132153758667, 31.531606279721828 ], [ 118.520119001402207, 31.530794543431227 ], [ 118.519171300745555, 31.530805805117726 ], [ 118.519184444910024, 31.531617541764348 ], [ 118.520132153758667, 31.531606279721828 ] ] ] } },
{ "type": "Feature", "properties": { "area_m2": 8099.9999999685679, "area_km2": 0.0080999999999685681, "distance_m": 2182.3598913886585, "relative_position": "后方" }, "geometry": { "type": "Polygon", "coordinates": [ [ [ 118.522040739134169, 31.532395470052119 ], [ 118.522027569861876, 31.531583734582338 ], [ 118.521079862076064, 31.531595010661157 ], [ 118.52109302315607, 31.532406746487414 ], [ 118.522040739134169, 31.532395470052119 ] ] ] } },
{ "type": "Feature", "properties": { "area_m2": 8099.9999999842839, "area_km2": 0.0080999999999842847, "distance_m": 2172.9571898192307, "relative_position": "后方" }, "geometry": { "type": "Polygon", "coordinates": [ [ [ 118.52109302315607, 31.532406746487414 ], [ 118.521079862076064, 31.531595010661157 ], [ 118.520132153758667, 31.531606279721828 ], [ 118.520145306646356, 31.532418015904337 ], [ 118.52109302315607, 31.532406746487414 ] ] ] } },
{ "type": "Feature", "properties": { "area_m2": 8099.9999999738066, "area_km2": 0.008099999999973807, "distance_m": 2167.2401857009058, "relative_position": "后方" }, "geometry": { "type": "Polygon", "coordinates": [ [ [ 118.520145306646356, 31.532418015904337 ], [ 118.520132153758667, 31.531606279721828 ], [ 118.519184444910024, 31.531617541764348 ], [ 118.519197589605383, 31.532429278302896 ], [ 118.520145306646356, 31.532418015904337 ] ] ] } },
{ "type": "Feature", "properties": { "area_m2": 8099.9999999842839, "area_km2": 0.0080999999999842847, "distance_m": 2389.0269337936161, "relative_position": "后方" }, "geometry": { "type": "Polygon", "coordinates": [ [ [ 118.52390979871322, 31.530749426506098 ], [ 118.523896614121512, 31.529937691533764 ], [ 118.52294892378336, 31.529948980934986 ], [ 118.522962100183463, 31.530760716264236 ], [ 118.52390979871322, 31.530749426506098 ] ] ] } },
{ "type": "Feature", "properties": { "area_m2": 8100.000000083819, "area_km2": 0.0081000000000838197, "distance_m": 2373.6503952440789, "relative_position": "后方" }, "geometry": { "type": "Polygon", "coordinates": [ [ [ 118.522962100183463, 31.530760716264236 ], [ 118.52294892378336, 31.529948980934986 ], [ 118.522001232912999, 31.529960263318539 ], [ 118.522014401121481, 31.530771999004482 ], [ 118.522962100183463, 31.530760716264236 ] ] ] } },
{ "type": "Feature", "properties": { "area_m2": 8100.0000000261934, "area_km2": 0.0081000000000261939, "distance_m": 2319.7960513323337, "relative_position": "后方" }, "geometry": { "type": "Polygon", "coordinates": [ [ [ 118.52487069002656, 31.531549864237185 ], [ 118.52485749671041, 31.530738129730075 ], [ 118.52390979871322, 31.530749426506098 ], [ 118.523922983837465, 31.531561161370345 ], [ 118.52487069002656, 31.531549864237185 ] ] ] } },
{ "type": "Feature", "properties": { "area_m2": 8100.0000001414446, "area_km2": 0.0081000000001414454, "distance_m": 2300.452895537695, "relative_position": "后方" }, "geometry": { "type": "Polygon", "coordinates": [ [ [ 118.523922983837465, 31.531561161370345 ], [ 118.52390979871322, 31.530749426506098 ], [ 118.522962100183463, 31.530760716264236 ], [ 118.522975277115791, 31.531572451485403 ], [ 118.523922983837465, 31.531561161370345 ] ] ] } },
{ "type": "Feature", "properties": { "area_m2": 8100.0000001257285, "area_km2": 0.0081000000001257288, "distance_m": 2284.4807080608675, "relative_position": "后方" }, "geometry": { "type": "Polygon", "coordinates": [ [ [ 118.522975277115791, 31.531572451485403 ], [ 118.522962100183463, 31.530760716264236 ], [ 118.522014401121481, 31.530771999004482 ], [ 118.522027569861876, 31.531583734582338 ], [ 118.522975277115791, 31.531572451485403 ] ] ] } },
{ "type": "Feature", "properties": { "area_m2": 8099.9999999057036, "area_km2": 0.0080999999999057035, "distance_m": 2232.1251542374152, "relative_position": "后方" }, "geometry": { "type": "Polygon", "coordinates": [ [ [ 118.524883883875589, 31.532361598636172 ], [ 118.52487069002656, 31.531549864237185 ], [ 118.523922983837465, 31.531561161370345 ], [ 118.523936169494277, 31.532372896126486 ], [ 118.524883883875589, 31.532361598636172 ] ] ] } },
{ "type": "Feature", "properties": { "area_m2": 8099.9999999842839, "area_km2": 0.0080999999999842847, "distance_m": 2212.0159557987959, "relative_position": "后方" }, "geometry": { "type": "Polygon", "coordinates": [ [ [ 118.523936169494277, 31.532372896126486 ], [ 118.523922983837465, 31.531561161370345 ], [ 118.522975277115791, 31.531572451485403 ], [ 118.522988454580357, 31.532384186598463 ], [ 118.523936169494277, 31.532372896126486 ] ] ] } },
{ "type": "Feature", "properties": { "area_m2": 8100.0000001100125, "area_km2": 0.0081000000001100123, "distance_m": 2195.400930885532, "relative_position": "后方" }, "geometry": { "type": "Polygon", "coordinates": [ [ [ 118.522988454580357, 31.532384186598463 ], [ 118.522975277115791, 31.531572451485403 ], [ 118.522027569861876, 31.531583734582338 ], [ 118.522040739134169, 31.532395470052119 ], [ 118.522988454580357, 31.532384186598463 ] ] ] } },
{ "type": "Feature", "properties": { "area_m2": 8099.9999999738066, "area_km2": 0.008099999999973807, "distance_m": 2144.6698829987658, "relative_position": "后方" }, "geometry": { "type": "Polygon", "coordinates": [ [ [ 118.524897078257553, 31.533173332927081 ], [ 118.524883883875589, 31.532361598636172 ], [ 118.523936169494277, 31.532372896126486 ], [ 118.523949355683669, 31.533184630774542 ], [ 118.524897078257553, 31.533173332927081 ] ] ] } },
{ "type": "Feature", "properties": { "area_m2": 8099.9999999790452, "area_km2": 0.0080999999999790458, "distance_m": 2123.7332404348685, "relative_position": "后方" }, "geometry": { "type": "Polygon", "coordinates": [ [ [ 118.523949355683669, 31.533184630774542 ], [ 118.523936169494277, 31.532372896126486 ], [ 118.522988454580357, 31.532384186598463 ], [ 118.523001632577177, 31.533195921603451 ], [ 118.523949355683669, 31.533184630774542 ] ] ] } },
{ "type": "Feature", "properties": { "area_m2": 8099.9999999790452, "area_km2": 0.0080999999999790458, "distance_m": 2921.5884036475227, "relative_position": "后方" }, "geometry": { "type": "Polygon", "coordinates": [ [ [ 118.514354181393742, 31.52599157547133 ], [ 118.514341081893889, 31.525179836291709 ], [ 118.513393435392302, 31.525191053387552 ], [ 118.513406526702383, 31.52600279292184 ], [ 118.514354181393742, 31.52599157547133 ] ] ] } },
{ "type": "Feature", "properties": { "area_m2": 8100.0000001571607, "area_km2": 0.0081000000001571603, "distance_m": 2936.6344228433504, "relative_position": "后方" }, "geometry": { "type": "Polygon", "coordinates": [ [ [ 118.513406526702383, 31.52600279292184 ], [ 118.513393435392302, 31.525191053387552 ], [ 118.51244578836193, 31.525202263466916 ], [ 118.512458871482195, 31.526014003355652 ], [ 118.513406526702383, 31.52600279292184 ] ] ] } },
{ "type": "Feature", "properties": { "area_m2": 8100.0000000942964, "area_km2": 0.0081000000000942957, "distance_m": 2954.3364104430948, "relative_position": "后方" }, "geometry": { "type": "Polygon", "coordinates": [ [ [ 118.512458871482195, 31.526014003355652 ], [ 118.51244578836193, 31.525202263466916 ], [ 118.511498140803113, 31.525213466529799 ], [ 118.511511215733535, 31.526025206772744 ], [ 118.512458871482195, 31.526014003355652 ] ] ] } },
{ "type": "Feature", "properties": { "area_m2": 8099.9999998585554, "area_km2": 0.0080999999998585554, "distance_m": 2974.6469527603008, "relative_position": "后方" }, "geometry": { "type": "Polygon", "coordinates": [ [ [ 118.511511215733535, 31.526025206772744 ], [ 118.511498140803113, 31.525213466529799 ], [ 118.510550492716177, 31.525224662576179 ], [ 118.51056355945677, 31.526036403173116 ], [ 118.511511215733535, 31.526025206772744 ] ] ] } },
{ "type": "Feature", "properties": { "area_m2": 8099.9999998690328, "area_km2": 0.0080999999998690331, "distance_m": 2832.4105361128018, "relative_position": "后方" }, "geometry": { "type": "Polygon", "coordinates": [ [ [ 118.51436728142275, 31.526803314542956 ], [ 118.514354181393742, 31.52599157547133 ], [ 118.513406526702383, 31.52600279292184 ], [ 118.513419618541263, 31.526814532348123 ], [ 118.51436728142275, 31.526803314542956 ] ] ] } },
{ "type": "Feature", "properties": { "area_m2": 8100.0000000576256, "area_km2": 0.0081000000000576253, "distance_m": 2847.9280888619774, "relative_position": "后方" }, "geometry": { "type": "Polygon", "coordinates": [ [ [ 118.513419618541263, 31.526814532348123 ], [ 118.513406526702383, 31.52600279292184 ], [ 118.512458871482195, 31.526014003355652 ], [ 118.512471955130934, 31.526825743136374 ], [ 118.513419618541263, 31.526814532348123 ] ] ] } },
{ "type": "Feature", "properties": { "area_m2": 8100.0000000523869, "area_km2": 0.0081000000000523865, "distance_m": 2866.1783460080756, "relative_position": "后方" }, "geometry": { "type": "Polygon", "coordinates": [ [ [ 118.512471955130934, 31.526825743136374 ], [ 118.512458871482195, 31.526014003355652 ], [ 118.511511215733535, 31.526025206772744 ], [ 118.511524291192131, 31.526836946907693 ], [ 118.512471955130934, 31.526825743136374 ] ] ] } },
{ "type": "Feature", "properties": { "area_m2": 8099.9999999371357, "area_km2": 0.0080999999999371349, "distance_m": 2887.1094880155047, "relative_position": "后方" }, "geometry": { "type": "Polygon", "coordinates": [ [ [ 118.511524291192131, 31.526836946907693 ], [ 118.511511215733535, 31.526025206772744 ], [ 118.51056355945677, 31.526036403173116 ], [ 118.510576626725168, 31.526848143662065 ], [ 118.511524291192131, 31.526836946907693 ] ] ] } },
{ "type": "Feature", "properties": { "area_m2": 8100.0000000052387, "area_km2": 0.0081000000000052384, "distance_m": 2743.3041044336996, "relative_position": "后方" }, "geometry": { "type": "Polygon", "coordinates": [ [ [ 118.514380381980928, 31.527615053506544 ], [ 118.51436728142275, 31.526803314542956 ], [ 118.513419618541263, 31.526814532348123 ], [ 118.513432710908972, 31.527626271666392 ], [ 118.514380381980928, 31.527615053506544 ] ] ] } },
{ "type": "Feature", "properties": { "area_m2": 8100.0000001781154, "area_km2": 0.0081000000001781158, "distance_m": 2759.3231760747249, "relative_position": "后方" }, "geometry": { "type": "Polygon", "coordinates": [ [ [ 118.513432710908972, 31.527626271666392 ], [ 118.513419618541263, 31.526814532348123 ], [ 118.512471955130934, 31.526825743136374 ], [ 118.51248503930816, 31.527637482809084 ], [ 118.513432710908972, 31.527626271666392 ] ] ] } },
{ "type": "Feature", "properties": { "area_m2": 8100.0000000104774, "area_km2": 0.0081000000000104773, "distance_m": 2997.5130277011126, "relative_position": "后方" }, "geometry": { "type": "Polygon", "coordinates": [ [ [ 118.51056355945677, 31.526036403173116 ], [ 118.510550492716177, 31.525224662576179 ], [ 118.509602844101437, 31.525235851606034 ], [ 118.509615902652172, 31.526047592556743 ], [ 118.51056355945677, 31.526036403173116 ] ] ] } },
{ "type": "Feature", "properties": { "area_m2": 8100.0000000471482, "area_km2": 0.0081000000000471476, "distance_m": 2910.6636818200495, "relative_position": "后方" }, "geometry": { "type": "Polygon", "coordinates": [ [ [ 118.510576626725168, 31.526848143662065 ], [ 118.51056355945677, 31.526036403173116 ], [ 118.509615902652172, 31.526047592556743 ], [ 118.509628961730357, 31.526859333399472 ], [ 118.510576626725168, 31.526848143662065 ] ] ] } },
{ "type": "Feature", "properties": { "area_m2": 8100.0000000576256, "area_km2": 0.0081000000000576253, "distance_m": 2936.7778167653373, "relative_position": "后方" }, "geometry": { "type": "Polygon", "coordinates": [ [ [ 118.509628961730357, 31.526859333399472 ], [ 118.509615902652172, 31.526047592556743 ], [ 118.508668245320081, 31.526058774923619 ], [ 118.508681296208067, 31.526870516119907 ], [ 118.509628961730357, 31.526859333399472 ] ] ] } },
{ "type": "Feature", "properties": { "area_m2": 8099.9999999738066, "area_km2": 0.008099999999973807, "distance_m": 2965.3842651873274, "relative_position": "后方" }, "geometry": { "type": "Polygon", "coordinates": [ [ [ 118.508681296208067, 31.526870516119907 ], [ 118.508668245320081, 31.526058774923619 ], [ 118.507720587460867, 31.526069950273737 ], [ 118.507733630158597, 31.526881691823345 ], [ 118.508681296208067, 31.526870516119907 ] ] ] } },
{ "type": "Feature", "properties": { "area_m2": 8100.0000000104774, "area_km2": 0.0081000000000104773, "distance_m": 2996.4116488686764, "relative_position": "后方" }, "geometry": { "type": "Polygon", "coordinates": [ [ [ 118.507733630158597, 31.526881691823345 ], [ 118.507720587460867, 31.526069950273737 ], [ 118.506772929074828, 31.52608111860706 ], [ 118.506785963582288, 31.5268928605098 ], [ 118.507733630158597, 31.526881691823345 ] ] ] } },
{ "type": "Feature", "properties": { "area_m2": 8100.0000001152512, "area_km2": 0.0081000000001152511, "distance_m": 2824.0288820331584, "relative_position": "后方" }, "geometry": { "type": "Polygon", "coordinates": [ [ [ 118.510589694521386, 31.527659884043015 ], [ 118.510576626725168, 31.526848143662065 ], [ 118.509628961730357, 31.526859333399472 ], [ 118.509642021336049, 31.527671074134215 ], [ 118.510589694521386, 31.527659884043015 ] ] ] } },
{ "type": "Feature", "properties": { "area_m2": 8099.9999999633292, "area_km2": 0.0080999999999633292, "distance_m": 2850.9370426854671, "relative_position": "后方" }, "geometry": { "type": "Polygon", "coordinates": [ [ [ 118.509642021336049, 31.527671074134215 ], [ 118.509628961730357, 31.526859333399472 ], [ 118.508681296208067, 31.526870516119907 ], [ 118.508694347623205, 31.527682257208198 ], [ 118.509642021336049, 31.527671074134215 ] ] ] } },
{ "type": "Feature", "properties": { "area_m2": 8100.0000001257285, "area_km2": 0.0081000000001257288, "distance_m": 2880.396488849839, "relative_position": "后方" }, "geometry": { "type": "Polygon", "coordinates": [ [ [ 118.508694347623205, 31.527682257208198 ], [ 118.508681296208067, 31.526870516119907 ], [ 118.507733630158597, 31.526881691823345 ], [ 118.507746673383167, 31.527693433264997 ], [ 118.508694347623205, 31.527682257208198 ] ] ] } },
{ "type": "Feature", "properties": { "area_m2": 8100.0000000785803, "area_km2": 0.0081000000000785808, "distance_m": 2912.3298021861779, "relative_position": "后方" }, "geometry": { "type": "Polygon", "coordinates": [ [ [ 118.507746673383167, 31.527693433264997 ], [ 118.507733630158597, 31.526881691823345 ], [ 118.506785963582288, 31.5268928605098 ], [ 118.506798998616276, 31.527704602304556 ], [ 118.507746673383167, 31.527693433264997 ] ] ] } },
{ "type": "Feature", "properties": { "area_m2": 8099.9999999528518, "area_km2": 0.0080999999999528515, "distance_m": 2737.6289958093694, "relative_position": "后方" }, "geometry": { "type": "Polygon", "coordinates": [ [ [ 118.510602762845451, 31.528471624315959 ], [ 118.510589694521386, 31.527659884043015 ], [ 118.509642021336049, 31.527671074134215 ], [ 118.509655081469262, 31.528482814760949 ], [ 118.510602762845451, 31.528471624315959 ] ] ] } },
{ "type": "Feature", "properties": { "area_m2": 8100.0000000628643, "area_km2": 0.0081000000000628642, "distance_m": 2946.6565574881893, "relative_position": "后方" }, "geometry": { "type": "Polygon", "coordinates": [ [ [ 118.506798998616276, 31.527704602304556 ], [ 118.506785963582288, 31.5268928605098 ], [ 118.505838296479496, 31.526904022179224 ], [ 118.505851323322858, 31.527715764326889 ], [ 118.506798998616276, 31.527704602304556 ] ] ] } },
{ "type": "Feature", "properties": { "area_m2": 8100.000000083819, "area_km2": 0.0081000000000838197, "distance_m": 2983.2941392838866, "relative_position": "后方" }, "geometry": { "type": "Polygon", "coordinates": [ [ [ 118.505851323322858, 31.527715764326889 ], [ 118.505838296479496, 31.526904022179224 ], [ 118.504890628850504, 31.526915176831622 ], [ 118.504903647503255, 31.527726919331954 ], [ 118.505851323322858, 31.527715764326889 ] ] ] } },
{ "type": "Feature", "properties": { "area_m2": 8099.9999998847488, "area_km2": 0.008099999999884748, "distance_m": 2863.9599058992603, "relative_position": "后方" }, "geometry": { "type": "Polygon", "coordinates": [ [ [ 118.506812034176789, 31.528516343991342 ], [ 118.506798998616276, 31.527704602304556 ], [ 118.505851323322858, 31.527715764326889 ], [ 118.505864350692448, 31.528527506366569 ], [ 118.506812034176789, 31.528516343991342 ] ] ] } },
{ "type": "Feature", "properties": { "area_m2": 8099.9999999685679, "area_km2": 0.0080999999999685681, "distance_m": 2901.6421922773638, "relative_position": "后方" }, "geometry": { "type": "Polygon", "coordinates": [ [ [ 118.505864350692448, 31.528527506366569 ], [ 118.505851323322858, 31.527715764326889 ], [ 118.504903647503255, 31.527726919331954 ], [ 118.504916666681879, 31.528538661724319 ], [ 118.505864350692448, 31.528527506366569 ] ] ] } },
{ "type": "Feature", "properties": { "area_m2": 8099.999999848078, "area_km2": 0.0080999999998480777, "distance_m": 2941.585891534794, "relative_position": "后方" }, "geometry": { "type": "Polygon", "coordinates": [ [ [ 118.504916666681879, 31.528538661724319 ], [ 118.504903647503255, 31.527726919331954 ], [ 118.503955971157794, 31.52773806731977 ], [ 118.503968982145437, 31.528549810064593 ], [ 118.504916666681879, 31.528538661724319 ] ] ] } },
{ "type": "Feature", "properties": { "area_m2": 8099.9999999057036, "area_km2": 0.0080999999999057035, "distance_m": 2983.700184948178, "relative_position": "后方" }, "geometry": { "type": "Polygon", "coordinates": [ [ [ 118.503968982145437, 31.528549810064593 ], [ 118.503955971157794, 31.52773806731977 ], [ 118.503008294286801, 31.527749208290299 ], [ 118.50302129708345, 31.528560951387366 ], [ 118.503968982145437, 31.528549810064593 ] ] ] } },
{ "type": "Feature", "properties": { "area_m2": 8100.0000000628643, "area_km2": 0.0081000000000628642, "distance_m": 2820.5156012023995, "relative_position": "后方" }, "geometry": { "type": "Polygon", "coordinates": [ [ [ 118.505877378588238, 31.529339248298271 ], [ 118.505864350692448, 31.528527506366569 ], [ 118.504916666681879, 31.528538661724319 ], [ 118.504929686386376, 31.529350404008721 ], [ 118.505877378588238, 31.529339248298271 ] ] ] } },
{ "type": "Feature", "properties": { "area_m2": 8099.9999999685679, "area_km2": 0.0080999999999685681, "distance_m": 2861.5922876646555, "relative_position": "后方" }, "geometry": { "type": "Polygon", "coordinates": [ [ [ 118.504929686386376, 31.529350404008721 ], [ 118.504916666681879, 31.528538661724319 ], [ 118.503968982145437, 31.528549810064593 ], [ 118.503981993658641, 31.529361552701452 ], [ 118.504929686386376, 31.529350404008721 ] ] ] } },
{ "type": "Feature", "properties": { "area_m2": 8099.9999999528518, "area_km2": 0.0080999999999528515, "distance_m": 2904.8668943924072, "relative_position": "后方" }, "geometry": { "type": "Polygon", "coordinates": [ [ [ 118.503981993658641, 31.529361552701452 ], [ 118.503968982145437, 31.528549810064593 ], [ 118.50302129708345, 31.528560951387366 ], [ 118.503034300405318, 31.529372694376466 ], [ 118.503981993658641, 31.529361552701452 ] ] ] } },
{ "type": "Feature", "properties": { "area_m2": 8100.0, "area_km2": 0.0081, "distance_m": 2950.2427072674336, "relative_position": "后方" }, "geometry": { "type": "Polygon", "coordinates": [ [ [ 118.503034300405318, 31.529372694376466 ], [ 118.50302129708345, 31.528560951387366 ], [ 118.502073611496229, 31.528572085692616 ], [ 118.502086606626747, 31.529383829033755 ], [ 118.503034300405318, 31.529372694376466 ] ] ] } },
{ "type": "Feature", "properties": { "area_m2": 8099.9999999214197, "area_km2": 0.0080999999999214201, "distance_m": 2778.1559218656257, "relative_position": "后方" }, "geometry": { "type": "Polygon", "coordinates": [ [ [ 118.51248503930816, 31.527637482809084 ], [ 118.512471955130934, 31.526825743136374 ], [ 118.511524291192131, 31.526836946907693 ], [ 118.51153736717886, 31.527648686934633 ], [ 118.51248503930816, 31.527637482809084 ] ] ] } },
{ "type": "Feature", "properties": { "area_m2": 8099.9999998899875, "area_km2": 0.0080999999998899869, "distance_m": 2799.7455658089966, "relative_position": "后方" }, "geometry": { "type": "Polygon", "coordinates": [ [ [ 118.51153736717886, 31.527648686934633 ], [ 118.511524291192131, 31.526836946907693 ], [ 118.510576626725168, 31.526848143662065 ], [ 118.510589694521386, 31.527659884043015 ], [ 118.51153736717886, 31.527648686934633 ] ] ] } },
{ "type": "Feature", "properties": { "area_m2": 8099.999999916181, "area_km2": 0.0080999999999161812, "distance_m": 2670.829777299145, "relative_position": "后方" }, "geometry": { "type": "Polygon", "coordinates": [ [ [ 118.513445803805496, 31.528438010876624 ], [ 118.513432710908972, 31.527626271666392 ], [ 118.51248503930816, 31.527637482809084 ], [ 118.512498124013916, 31.528449222373791 ], [ 118.513445803805496, 31.528438010876624 ] ] ] } },
{ "type": "Feature", "properties": { "area_m2": 8099.9999999790452, "area_km2": 0.0080999999999790458, "distance_m": 2690.2824508021131, "relative_position": "后方" }, "geometry": { "type": "Polygon", "coordinates": [ [ [ 118.512498124013916, 31.528449222373791 ], [ 118.51248503930816, 31.527637482809084 ], [ 118.51153736717886, 31.527648686934633 ], [ 118.511550443693764, 31.52846042685357 ], [ 118.512498124013916, 31.528449222373791 ] ] ] } },
{ "type": "Feature", "properties": { "area_m2": 8099.9999998637941, "area_km2": 0.0080999999998637943, "distance_m": 2712.5719529235976, "relative_position": "后方" }, "geometry": { "type": "Polygon", "coordinates": [ [ [ 118.511550443693764, 31.52846042685357 ], [ 118.51153736717886, 31.527648686934633 ], [ 118.510589694521386, 31.527659884043015 ], [ 118.510602762845451, 31.528471624315959 ], [ 118.511550443693764, 31.52846042685357 ] ] ] } },
{ "type": "Feature", "properties": { "area_m2": 8099.9999999214197, "area_km2": 0.0080999999999214201, "distance_m": 2582.4593551441881, "relative_position": "后方" }, "geometry": { "type": "Polygon", "coordinates": [ [ [ 118.513458897230905, 31.529249749978845 ], [ 118.513445803805496, 31.528438010876624 ], [ 118.512498124013916, 31.528449222373791 ], [ 118.512511209248174, 31.529260961830477 ], [ 118.513458897230905, 31.529249749978845 ] ] ] } },
{ "type": "Feature", "properties": { "area_m2": 8100.0000001309672, "area_km2": 0.0081000000001309677, "distance_m": 2602.5730194537769, "relative_position": "后方" }, "geometry": { "type": "Polygon", "coordinates": [ [ [ 118.512511209248174, 31.529260961830477 ], [ 118.512498124013916, 31.528449222373791 ], [ 118.511550443693764, 31.52846042685357 ], [ 118.511563520736885, 31.529272166664494 ], [ 118.512511209248174, 31.529260961830477 ] ] ] } },
{ "type": "Feature", "properties": { "area_m2": 8099.9999999842839, "area_km2": 0.0080999999999842847, "distance_m": 2625.607603797981, "relative_position": "后方" }, "geometry": { "type": "Polygon", "coordinates": [ [ [ 118.511563520736885, 31.529272166664494 ], [ 118.511550443693764, 31.52846042685357 ], [ 118.510602762845451, 31.528471624315959 ], [ 118.510615831697393, 31.529283364480904 ], [ 118.511563520736885, 31.529272166664494 ] ] ] } },
{ "type": "Feature", "properties": { "area_m2": 8100.0000000785803, "area_km2": 0.0081000000000785808, "distance_m": 2494.224979587405, "relative_position": "后方" }, "geometry": { "type": "Polygon", "coordinates": [ [ [ 118.51347199118517, 31.530061488973054 ], [ 118.513458897230905, 31.529249749978845 ], [ 118.512511209248174, 31.529260961830477 ], [ 118.512524295010962, 31.530072701179158 ], [ 118.51347199118517, 31.530061488973054 ] ] ] } },
{ "type": "Feature", "properties": { "area_m2": 8099.9999999423744, "area_km2": 0.0080999999999423738, "distance_m": 2515.0447887611185, "relative_position": "后方" }, "geometry": { "type": "Polygon", "coordinates": [ [ [ 118.512524295010962, 31.530072701179158 ], [ 118.512511209248174, 31.529260961830477 ], [ 118.511563520736885, 31.529272166664494 ], [ 118.51157659830821, 31.53008390636742 ], [ 118.512524295010962, 31.530072701179158 ] ] ] } },
{ "type": "Feature", "properties": { "area_m2": 8099.9999998742715, "area_km2": 0.008099999999874272, "distance_m": 2765.3783533456221, "relative_position": "后方" }, "geometry": { "type": "Polygon", "coordinates": [ [ [ 118.509655081469262, 31.528482814760949 ], [ 118.509642021336049, 31.527671074134215 ], [ 118.508694347623205, 31.527682257208198 ], [ 118.508707399565537, 31.528493998188519 ], [ 118.509655081469262, 31.528482814760949 ] ] ] } },
{ "type": "Feature", "properties": { "area_m2": 8100.0000000314321, "area_km2": 0.0081000000000314328, "distance_m": 2795.7398610101286, "relative_position": "后方" }, "geometry": { "type": "Polygon", "coordinates": [ [ [ 118.508707399565537, 31.528493998188519 ], [ 118.508694347623205, 31.527682257208198 ], [ 118.507746673383167, 31.527693433264997 ], [ 118.507759717134604, 31.528505174598646 ], [ 118.508707399565537, 31.528493998188519 ] ] ] } },
{ "type": "Feature", "properties": { "area_m2": 8100.0000000104774, "area_km2": 0.0081000000000104773, "distance_m": 2828.6294090666606, "relative_position": "后方" }, "geometry": { "type": "Polygon", "coordinates": [ [ [ 118.507759717134604, 31.528505174598646 ], [ 118.507746673383167, 31.527693433264997 ], [ 118.506798998616276, 31.527704602304556 ], [ 118.506812034176789, 31.528516343991342 ], [ 118.507759717134604, 31.528505174598646 ] ] ] } },
{ "type": "Feature", "properties": { "area_m2": 8100.0, "area_km2": 0.0081, "distance_m": 2651.4869863722333, "relative_position": "后方" }, "geometry": { "type": "Polygon", "coordinates": [ [ [ 118.510615831697393, 31.529283364480904 ], [ 118.510602762845451, 31.528471624315959 ], [ 118.509655081469262, 31.528482814760949 ], [ 118.509668142129996, 31.529294555279684 ], [ 118.510615831697393, 31.529283364480904 ] ] ] } },
{ "type": "Feature", "properties": { "area_m2": 8099.999999931897, "area_km2": 0.0080999999999318978, "distance_m": 2680.1287629922936, "relative_position": "后方" }, "geometry": { "type": "Polygon", "coordinates": [ [ [ 118.509668142129996, 31.529294555279684 ], [ 118.509655081469262, 31.528482814760949 ], [ 118.508707399565537, 31.528493998188519 ], [ 118.508720452035078, 31.529305739060835 ], [ 118.509668142129996, 31.529294555279684 ] ] ] } },
{ "type": "Feature", "properties": { "area_m2": 8099.9999999947613, "area_km2": 0.0080999999999947607, "distance_m": 2711.4453980064814, "relative_position": "后方" }, "geometry": { "type": "Polygon", "coordinates": [ [ [ 118.508720452035078, 31.529305739060835 ], [ 118.508707399565537, 31.528493998188519 ], [ 118.507759717134604, 31.528505174598646 ], [ 118.507772761412909, 31.529316915824317 ], [ 118.508720452035078, 31.529305739060835 ] ] ] } },
{ "type": "Feature", "properties": { "area_m2": 8100.0000000785803, "area_km2": 0.0081000000000785808, "distance_m": 2745.3453579925499, "relative_position": "后方" }, "geometry": { "type": "Polygon", "coordinates": [ [ [ 118.507772761412909, 31.529316915824317 ], [ 118.507759717134604, 31.528505174598646 ], [ 118.506812034176789, 31.528516343991342 ], [ 118.506825070263844, 31.529328085570132 ], [ 118.507772761412909, 31.529316915824317 ] ] ] } },
{ "type": "Feature", "properties": { "area_m2": 8099.9999998533167, "area_km2": 0.0080999999998533165, "distance_m": 2781.734201236387, "relative_position": "后方" }, "geometry": { "type": "Polygon", "coordinates": [ [ [ 118.506825070263844, 31.529328085570132 ], [ 118.506812034176789, 31.528516343991342 ], [ 118.505864350692448, 31.528527506366569 ], [ 118.505877378588238, 31.529339248298271 ], [ 118.506825070263844, 31.529328085570132 ] ] ] } },
{ "type": "Feature", "properties": { "area_m2": 8099.9999999685679, "area_km2": 0.0080999999999685681, "distance_m": 2565.6288275842571, "relative_position": "后方" }, "geometry": { "type": "Polygon", "coordinates": [ [ [ 118.510628901077197, 31.53009510453786 ], [ 118.510615831697393, 31.529283364480904 ], [ 118.509668142129996, 31.529294555279684 ], [ 118.509681203318294, 31.530106295690441 ], [ 118.510628901077197, 31.53009510453786 ] ] ] } },
{ "type": "Feature", "properties": { "area_m2": 8099.9999999685679, "area_km2": 0.0080999999999685681, "distance_m": 2595.2187311153471, "relative_position": "后方" }, "geometry": { "type": "Polygon", "coordinates": [ [ [ 118.509681203318294, 31.530106295690441 ], [ 118.509668142129996, 31.529294555279684 ], [ 118.508720452035078, 31.529305739060835 ], [ 118.508733505031813, 31.530117479825162 ], [ 118.509681203318294, 31.530106295690441 ] ] ] } },
{ "type": "Feature", "properties": { "area_m2": 8099.9999999580905, "area_km2": 0.0080999999999580904, "distance_m": 2997.6243108463104, "relative_position": "后方" }, "geometry": { "type": "Polygon", "coordinates": [ [ [ 118.502086606626747, 31.529383829033755 ], [ 118.502073611496229, 31.528572085692616 ], [ 118.501125925384116, 31.528583212980347 ], [ 118.501138912323285, 31.529394956673279 ], [ 118.502086606626747, 31.529383829033755 ] ] ] } },
{ "type": "Feature", "properties": { "area_m2": 8100.000000151922, "area_km2": 0.0081000000001519214, "distance_m": 2739.9610305931524, "relative_position": "后方" }, "geometry": { "type": "Polygon", "coordinates": [ [ [ 118.505890407010256, 31.530150990122021 ], [ 118.505877378588238, 31.529339248298271 ], [ 118.504929686386376, 31.529350404008721 ], [ 118.504942706616774, 31.530162146185159 ], [ 118.505890407010256, 31.530150990122021 ] ] ] } },
{ "type": "Feature", "properties": { "area_m2": 8099.9999998795101, "area_km2": 0.0080999999998795109, "distance_m": 2782.2276394082751, "relative_position": "后方" }, "geometry": { "type": "Polygon", "coordinates": [ [ [ 118.504942706616774, 31.530162146185159 ], [ 118.504929686386376, 31.529350404008721 ], [ 118.503981993658641, 31.529361552701452 ], [ 118.503995005697391, 31.530173295230366 ], [ 118.504942706616774, 31.530162146185159 ] ] ] } },
{ "type": "Feature", "properties": { "area_m2": 8099.9999999895226, "area_km2": 0.0080999999999895218, "distance_m": 2826.7178693570963, "relative_position": "后方" }, "geometry": { "type": "Polygon", "coordinates": [ [ [ 118.503995005697391, 31.530173295230366 ], [ 118.503981993658641, 31.529361552701452 ], [ 118.503034300405318, 31.529372694376466 ], [ 118.503047304252419, 31.530184437257638 ], [ 118.503995005697391, 31.530173295230366 ] ] ] } },
{ "type": "Feature", "properties": { "area_m2": 8100.0, "area_km2": 0.0081, "distance_m": 2873.3284341892536, "relative_position": "后方" }, "geometry": { "type": "Polygon", "coordinates": [ [ [ 118.503047304252419, 31.530184437257638 ], [ 118.503034300405318, 31.529372694376466 ], [ 118.502086606626747, 31.529383829033755 ], [ 118.502099602282186, 31.530195572266944 ], [ 118.503047304252419, 31.530184437257638 ] ] ] } },
{ "type": "Feature", "properties": { "area_m2": 8099.9999999790452, "area_km2": 0.0080999999999790458, "distance_m": 2921.9578686331693, "relative_position": "后方" }, "geometry": { "type": "Polygon", "coordinates": [ [ [ 118.502099602282186, 31.530195572266944 ], [ 118.502086606626747, 31.529383829033755 ], [ 118.501138912323285, 31.529394956673279 ], [ 118.501151899787018, 31.530206700258276 ], [ 118.502099602282186, 31.530195572266944 ] ] ] } },
{ "type": "Feature", "properties": { "area_m2": 8100.0000000052387, "area_km2": 0.0081000000000052384, "distance_m": 2972.50709236286, "relative_position": "后方" }, "geometry": { "type": "Polygon", "coordinates": [ [ [ 118.501151899787018, 31.530206700258276 ], [ 118.501138912323285, 31.529394956673279 ], [ 118.500191217495228, 31.52940607729505 ], [ 118.500204196767257, 31.530217821231627 ], [ 118.501151899787018, 31.530206700258276 ] ] ] } },
{ "type": "Feature", "properties": { "area_m2": 8100.0000001833541, "area_km2": 0.0081000000001833546, "distance_m": 2660.0304478322087, "relative_position": "后方" }, "geometry": { "type": "Polygon", "coordinates": [ [ [ 118.505903435958516, 31.5309627318378 ], [ 118.505890407010256, 31.530150990122021 ], [ 118.504942706616774, 31.530162146185159 ], [ 118.504955727373087, 31.530973888253637 ], [ 118.505903435958516, 31.5309627318378 ] ] ] } },
{ "type": "Feature", "properties": { "area_m2": 8099.999999916181, "area_km2": 0.0080999999999161812, "distance_m": 2703.5473365657094, "relative_position": "后方" }, "geometry": { "type": "Polygon", "coordinates": [ [ [ 118.504955727373087, 31.530973888253637 ], [ 118.504942706616774, 31.530162146185159 ], [ 118.503995005697391, 31.530173295230366 ], [ 118.504008018261757, 31.530985037651316 ], [ 118.504955727373087, 31.530973888253637 ] ] ] } },
{ "type": "Feature", "properties": { "area_m2": 8100.0000000471482, "area_km2": 0.0081000000000471476, "distance_m": 2749.3114599537353, "relative_position": "后方" }, "geometry": { "type": "Polygon", "coordinates": [ [ [ 118.504008018261757, 31.530985037651316 ], [ 118.503995005697391, 31.530173295230366 ], [ 118.503047304252419, 31.530184437257638 ], [ 118.503060308624782, 31.530996180030844 ], [ 118.504008018261757, 31.530985037651316 ] ] ] } },
{ "type": "Feature", "properties": { "area_m2": 8100.0000000209548, "area_km2": 0.008100000000020955, "distance_m": 2627.5479547656741, "relative_position": "后方" }, "geometry": { "type": "Polygon", "coordinates": [ [ [ 118.508733505031813, 31.530117479825162 ], [ 118.508720452035078, 31.529305739060835 ], [ 118.507772761412909, 31.529316915824317 ], [ 118.507785806218095, 31.530128656942011 ], [ 118.508733505031813, 31.530117479825162 ] ] ] } },
{ "type": "Feature", "properties": { "area_m2": 8100.0000001885928, "area_km2": 0.0081000000001885935, "distance_m": 2662.5167178751635, "relative_position": "后方" }, "geometry": { "type": "Polygon", "coordinates": [ [ [ 118.507785806218095, 31.530128656942011 ], [ 118.507772761412909, 31.529316915824317 ], [ 118.506825070263844, 31.529328085570132 ], [ 118.506838106877453, 31.530139827040969 ], [ 118.507785806218095, 31.530128656942011 ] ] ] } },
{ "type": "Feature", "properties": { "area_m2": 8099.9999999738066, "area_km2": 0.008099999999973807, "distance_m": 2700.0224689333663, "relative_position": "后方" }, "geometry": { "type": "Polygon", "coordinates": [ [ [ 118.506838106877453, 31.530139827040969 ], [ 118.506825070263844, 31.529328085570132 ], [ 118.505877378588238, 31.529339248298271 ], [ 118.505890407010256, 31.530150990122021 ], [ 118.506838106877453, 31.530139827040969 ] ] ] } },
{ "type": "Feature", "properties": { "area_m2": 8099.9999999109423, "area_km2": 0.0080999999999109423, "distance_m": 2480.0839982920606, "relative_position": "后方" }, "geometry": { "type": "Polygon", "coordinates": [ [ [ 118.510641970984921, 31.530906844486793 ], [ 118.510628901077197, 31.53009510453786 ], [ 118.509681203318294, 31.530106295690441 ], [ 118.50969426503417, 31.530918035993196 ], [ 118.510641970984921, 31.530906844486793 ] ] ] } },
{ "type": "Feature", "properties": { "area_m2": 8099.9999999895226, "area_km2": 0.0080999999999895218, "distance_m": 2510.6827078084357, "relative_position": "后方" }, "geometry": { "type": "Polygon", "coordinates": [ [ [ 118.50969426503417, 31.530918035993196 ], [ 118.509681203318294, 31.530106295690441 ], [ 118.508733505031813, 31.530117479825162 ], [ 118.508746558555814, 31.530929220481504 ], [ 118.50969426503417, 31.530918035993196 ] ] ] } },
{ "type": "Feature", "properties": { "area_m2": 8099.9999998899875, "area_km2": 0.0080999999998899869, "distance_m": 2544.0868084324402, "relative_position": "后方" }, "geometry": { "type": "Polygon", "coordinates": [ [ [ 118.508746558555814, 31.530929220481504 ], [ 118.508733505031813, 31.530117479825162 ], [ 118.507785806218095, 31.530128656942011 ], [ 118.507798851550206, 31.530940397951714 ], [ 118.508746558555814, 31.530929220481504 ] ] ] } },
{ "type": "Feature", "properties": { "area_m2": 8100.0000000209548, "area_km2": 0.008100000000020955, "distance_m": 2580.1873464024916, "relative_position": "后方" }, "geometry": { "type": "Polygon", "coordinates": [ [ [ 118.507798851550206, 31.530940397951714 ], [ 118.507785806218095, 31.530128656942011 ], [ 118.506838106877453, 31.530139827040969 ], [ 118.506851144017645, 31.530951568403815 ], [ 118.507798851550206, 31.530940397951714 ] ] ] } },
{ "type": "Feature", "properties": { "area_m2": 8099.9999998218846, "area_km2": 0.0080999999998218851, "distance_m": 2618.872817766503, "relative_position": "后方" }, "geometry": { "type": "Polygon", "coordinates": [ [ [ 118.506851144017645, 31.530951568403815 ], [ 118.506838106877453, 31.530139827040969 ], [ 118.505890407010256, 31.530150990122021 ], [ 118.505903435958516, 31.5309627318378 ], [ 118.506851144017645, 31.530951568403815 ] ] ] } },
{ "type": "Feature", "properties": { "area_m2": 8099.999999916181, "area_km2": 0.0080999999999161812, "distance_m": 2394.8860736273978, "relative_position": "后方" }, "geometry": { "type": "Polygon", "coordinates": [ [ [ 118.510655041420563, 31.531718584327738 ], [ 118.510641970984921, 31.530906844486793 ], [ 118.50969426503417, 31.530918035993196 ], [ 118.509707327277653, 31.531729776187948 ], [ 118.510655041420563, 31.531718584327738 ] ] ] } },
{ "type": "Feature", "properties": { "area_m2": 8100.0000000104774, "area_km2": 0.0081000000000104773, "distance_m": 2426.5597810211216, "relative_position": "后方" }, "geometry": { "type": "Polygon", "coordinates": [ [ [ 118.509707327277653, 31.531729776187948 ], [ 118.50969426503417, 31.530918035993196 ], [ 118.508746558555814, 31.530929220481504 ], [ 118.508759612607079, 31.531740961029847 ], [ 118.509707327277653, 31.531729776187948 ] ] ] } },
{ "type": "Feature", "properties": { "area_m2": 8100.0000000104774, "area_km2": 0.0081000000000104773, "distance_m": 2461.908000085682, "relative_position": "后方" }, "geometry": { "type": "Polygon", "coordinates": [ [ [ 118.515367381946561, 31.530039043507468 ], [ 118.515354271609397, 31.529227305222861 ], [ 118.51440658468475, 31.529238531109645 ], [ 118.514419686830479, 31.530050269749164 ], [ 118.515367381946561, 31.530039043507468 ] ] ] } },
{ "type": "Feature", "properties": { "area_m2": 8099.9999999633292, "area_km2": 0.0080999999999633292, "distance_m": 2476.4904921511552, "relative_position": "后方" }, "geometry": { "type": "Polygon", "coordinates": [ [ [ 118.514419686830479, 31.530050269749164 ], [ 118.51440658468475, 31.529238531109645 ], [ 118.513458897230905, 31.529249749978845 ], [ 118.51347199118517, 31.530061488973054 ], [ 118.514419686830479, 31.530050269749164 ] ] ] } },
{ "type": "Feature", "properties": { "area_m2": 8100.0000000366708, "area_km2": 0.0081000000000366716, "distance_m": 2360.819527816112, "relative_position": "后方" }, "geometry": { "type": "Polygon", "coordinates": [ [ [ 118.516328195591541, 31.530839548069423 ], [ 118.51631507653309, 31.530027810247994 ], [ 118.515367381946561, 31.530039043507468 ], [ 118.515380492813264, 31.530850781684048 ], [ 118.516328195591541, 31.530839548069423 ] ] ] } },
{ "type": "Feature", "properties": { "area_m2": 8100.0000000209548, "area_km2": 0.008100000000020955, "distance_m": 2372.624313311755, "relative_position": "后方" }, "geometry": { "type": "Polygon", "coordinates": [ [ [ 118.515380492813264, 31.530850781684048 ], [ 118.515367381946561, 31.530039043507468 ], [ 118.514419686830479, 31.530050269749164 ], [ 118.51443278950542, 31.530862008280653 ], [ 118.515380492813264, 31.530850781684048 ] ] ] } },
{ "type": "Feature", "properties": { "area_m2": 8099.9999999842839, "area_km2": 0.0080999999999842847, "distance_m": 2387.7525705615499, "relative_position": "后方" }, "geometry": { "type": "Polygon", "coordinates": [ [ [ 118.51443278950542, 31.530862008280653 ], [ 118.514419686830479, 31.530050269749164 ], [ 118.51347199118517, 31.530061488973054 ], [ 118.513485085668336, 31.530873227859246 ], [ 118.51443278950542, 31.530862008280653 ] ] ] } },
{ "type": "Feature", "properties": { "area_m2": 8100.0000000733417, "area_km2": 0.0081000000000733419, "distance_m": 2271.1493127798135, "relative_position": "后方" }, "geometry": { "type": "Polygon", "coordinates": [ [ [ 118.516341315179886, 31.531651285782825 ], [ 118.516328195591541, 31.530839548069423 ], [ 118.515380492813264, 31.530850781684048 ], [ 118.515393604209549, 31.531662519752579 ], [ 118.516341315179886, 31.531651285782825 ] ] ] } },
{ "type": "Feature", "properties": { "area_m2": 8099.9999999685679, "area_km2": 0.0080999999999685681, "distance_m": 2283.4181716540629, "relative_position": "后方" }, "geometry": { "type": "Polygon", "coordinates": [ [ [ 118.515393604209549, 31.531662519752579 ], [ 118.515380492813264, 31.530850781684048 ], [ 118.51443278950542, 31.530862008280653 ], [ 118.514445892709645, 31.531673746704111 ], [ 118.515393604209549, 31.531662519752579 ] ] ] } },
{ "type": "Feature", "properties": { "area_m2": 8100.0000000942964, "area_km2": 0.0081000000000942957, "distance_m": 2299.1339254694458, "relative_position": "后方" }, "geometry": { "type": "Polygon", "coordinates": [ [ [ 118.514445892709645, 31.531673746704111 ], [ 118.51443278950542, 31.530862008280653 ], [ 118.513485085668336, 31.530873227859246 ], [ 118.513498180680443, 31.531684966637414 ], [ 118.514445892709645, 31.531673746704111 ] ] ] } },
{ "type": "Feature", "properties": { "area_m2": 8100.0000000314321, "area_km2": 0.0081000000000314328, "distance_m": 2181.5285537457962, "relative_position": "后方" }, "geometry": { "type": "Polygon", "coordinates": [ [ [ 118.516354435298183, 31.532463023388168 ], [ 118.516341315179886, 31.531651285782825 ], [ 118.515393604209549, 31.531662519752579 ], [ 118.515406716135431, 31.532474257713073 ], [ 118.516354435298183, 31.532463023388168 ] ] ] } },
{ "type": "Feature", "properties": { "area_m2": 8099.9999997852137, "area_km2": 0.008099999999785213, "distance_m": 2194.2990311796884, "relative_position": "后方" }, "geometry": { "type": "Polygon", "coordinates": [ [ [ 118.515406716135431, 31.532474257713073 ], [ 118.515393604209549, 31.531662519752579 ], [ 118.514445892709645, 31.531673746704111 ], [ 118.514458996443096, 31.532485485019535 ], [ 118.515406716135431, 31.532474257713073 ] ] ] } },
{ "type": "Feature", "properties": { "area_m2": 8100.0000000628643, "area_km2": 0.0081000000000628642, "distance_m": 2538.8740211117356, "relative_position": "后方" }, "geometry": { "type": "Polygon", "coordinates": [ [ [ 118.51157659830821, 31.53008390636742 ], [ 118.511563520736885, 31.529272166664494 ], [ 118.510615831697393, 31.529283364480904 ], [ 118.510628901077197, 31.53009510453786 ], [ 118.51157659830821, 31.53008390636742 ] ] ] } },
{ "type": "Feature", "properties": { "area_m2": 8100.0000000523869, "area_km2": 0.0081000000000523865, "distance_m": 2406.1416160696831, "relative_position": "后方" }, "geometry": { "type": "Polygon", "coordinates": [ [ [ 118.513485085668336, 31.530873227859246 ], [ 118.51347199118517, 31.530061488973054 ], [ 118.512524295010962, 31.530072701179158 ], [ 118.512537381302337, 31.530884440419818 ], [ 118.513485085668336, 31.530873227859246 ] ] ] } },
{ "type": "Feature", "properties": { "area_m2": 8099.9999999004649, "area_km2": 0.0080999999999004646, "distance_m": 2427.7173563944893, "relative_position": "后方" }, "geometry": { "type": "Polygon", "coordinates": [ [ [ 118.512537381302337, 31.530884440419818 ], [ 118.512524295010962, 31.530072701179158 ], [ 118.51157659830821, 31.53008390636742 ], [ 118.511589676407752, 31.530895645962335 ], [ 118.512537381302337, 31.530884440419818 ] ] ] } },
{ "type": "Feature", "properties": { "area_m2": 8100.0000000523869, "area_km2": 0.0081000000000523865, "distance_m": 2452.3956881867812, "relative_position": "后方" }, "geometry": { "type": "Polygon", "coordinates": [ [ [ 118.511589676407752, 31.530895645962335 ], [ 118.51157659830821, 31.53008390636742 ], [ 118.510628901077197, 31.53009510453786 ], [ 118.510641970984921, 31.530906844486793 ], [ 118.511589676407752, 31.530895645962335 ] ] ] } },
{ "type": "Feature", "properties": { "area_m2": 8099.9999999947613, "area_km2": 0.0080999999999947607, "distance_m": 2318.2264768806722, "relative_position": "后方" }, "geometry": { "type": "Polygon", "coordinates": [ [ [ 118.513498180680443, 31.531684966637414 ], [ 118.513485085668336, 31.530873227859246 ], [ 118.512537381302337, 31.530884440419818 ], [ 118.512550468122328, 31.531696179552458 ], [ 118.513498180680443, 31.531684966637414 ] ] ] } },
{ "type": "Feature", "properties": { "area_m2": 8100.0000000785803, "area_km2": 0.0081000000000785808, "distance_m": 2340.6131962743339, "relative_position": "后方" }, "geometry": { "type": "Polygon", "coordinates": [ [ [ 118.512550468122328, 31.531696179552458 ], [ 118.512537381302337, 31.530884440419818 ], [ 118.511589676407752, 31.530895645962335 ], [ 118.511602755035568, 31.531707385449231 ], [ 118.512550468122328, 31.531696179552458 ] ] ] } },
{ "type": "Feature", "properties": { "area_m2": 8100.0000000052387, "area_km2": 0.0081000000000052384, "distance_m": 2366.2005899715737, "relative_position": "后方" }, "geometry": { "type": "Polygon", "coordinates": [ [ [ 118.511602755035568, 31.531707385449231 ], [ 118.511589676407752, 31.530895645962335 ], [ 118.510641970984921, 31.530906844486793 ], [ 118.510655041420563, 31.531718584327738 ], [ 118.511602755035568, 31.531707385449231 ] ] ] } },
{ "type": "Feature", "properties": { "area_m2": 8099.9999999895226, "area_km2": 0.0080999999999895218, "distance_m": 2230.4994524021586, "relative_position": "后方" }, "geometry": { "type": "Polygon", "coordinates": [ [ [ 118.51351127622145, 31.532496705307551 ], [ 118.513498180680443, 31.531684966637414 ], [ 118.512550468122328, 31.531696179552458 ], [ 118.512563555470862, 31.532507918577071 ], [ 118.51351127622145, 31.532496705307551 ] ] ] } },
{ "type": "Feature", "properties": { "area_m2": 8100.0000000995351, "area_km2": 0.0081000000000995345, "distance_m": 2253.7581945214874, "relative_position": "后方" }, "geometry": { "type": "Polygon", "coordinates": [ [ [ 118.512563555470862, 31.532507918577071 ], [ 118.512550468122328, 31.531696179552458 ], [ 118.511602755035568, 31.531707385449231 ], [ 118.511615834191659, 31.532519124828116 ], [ 118.512563555470862, 31.532507918577071 ] ] ] } },
{ "type": "Feature", "properties": { "area_m2": 8100.0000000942964, "area_km2": 0.0081000000000942957, "distance_m": 2280.3208437662511, "relative_position": "后方" }, "geometry": { "type": "Polygon", "coordinates": [ [ [ 118.511615834191659, 31.532519124828116 ], [ 118.511602755035568, 31.531707385449231 ], [ 118.510655041420563, 31.531718584327738 ], [ 118.510668112384167, 31.532530324060662 ], [ 118.511615834191659, 31.532519124828116 ] ] ] } },
{ "type": "Feature", "properties": { "area_m2": 8100.0000000209548, "area_km2": 0.008100000000020955, "distance_m": 2797.212524455842, "relative_position": "后方" }, "geometry": { "type": "Polygon", "coordinates": [ [ [ 118.503060308624782, 31.530996180030844 ], [ 118.503047304252419, 31.530184437257638 ], [ 118.502099602282186, 31.530195572266944 ], [ 118.502112598462546, 31.531007315392184 ], [ 118.503060308624782, 31.530996180030844 ] ] ] } },
{ "type": "Feature", "properties": { "area_m2": 8100.000000083819, "area_km2": 0.0081000000000838197, "distance_m": 2847.1426774329439, "relative_position": "后方" }, "geometry": { "type": "Polygon", "coordinates": [ [ [ 118.502112598462546, 31.531007315392184 ], [ 118.502099602282186, 31.530195572266944 ], [ 118.501151899787018, 31.530206700258276 ], [ 118.50116488777536, 31.531018443735331 ], [ 118.502112598462546, 31.531007315392184 ] ] ] } },
{ "type": "Feature", "properties": { "area_m2": 8100.0000000104774, "area_km2": 0.0081000000000104773, "distance_m": 2898.9970809044576, "relative_position": "后方" }, "geometry": { "type": "Polygon", "coordinates": [ [ [ 118.50116488777536, 31.531018443735331 ], [ 118.501151899787018, 31.530206700258276 ], [ 118.500204196767257, 31.530217821231627 ], [ 118.500217176563552, 31.531029565060273 ], [ 118.50116488777536, 31.531018443735331 ] ] ] } },
{ "type": "Feature", "properties": { "area_m2": 8099.9999999947613, "area_km2": 0.0080999999999947607, "distance_m": 2952.6743590256897, "relative_position": "后方" }, "geometry": { "type": "Polygon", "coordinates": [ [ [ 118.500217176563552, 31.531029565060273 ], [ 118.500204196767257, 31.530217821231627 ], [ 118.499256493223243, 31.530228935186987 ], [ 118.499269464827478, 31.531040679367003 ], [ 118.500217176563552, 31.531029565060273 ] ] ] } },
{ "type": "Feature", "properties": { "area_m2": 8100.000000083819, "area_km2": 0.0081000000000838197, "distance_m": 2580.7818298140382, "relative_position": "后方" }, "geometry": { "type": "Polygon", "coordinates": [ [ [ 118.505916465433046, 31.531774473445598 ], [ 118.505903435958516, 31.5309627318378 ], [ 118.504955727373087, 31.530973888253637 ], [ 118.504968748655358, 31.531785630214131 ], [ 118.505916465433046, 31.531774473445598 ] ] ] } },
{ "type": "Feature", "properties": { "area_m2": 8099.9999999842839, "area_km2": 0.0080999999999842847, "distance_m": 2625.6129008851067, "relative_position": "后方" }, "geometry": { "type": "Polygon", "coordinates": [ [ [ 118.504968748655358, 31.531785630214131 ], [ 118.504955727373087, 31.530973888253637 ], [ 118.504008018261757, 31.530985037651316 ], [ 118.504021031351698, 31.531796779964303 ], [ 118.504968748655358, 31.531785630214131 ] ] ] } },
{ "type": "Feature", "properties": { "area_m2": 8099.9999999895226, "area_km2": 0.0080999999999895218, "distance_m": 2672.7121881406429, "relative_position": "后方" }, "geometry": { "type": "Polygon", "coordinates": [ [ [ 118.504021031351698, 31.531796779964303 ], [ 118.504008018261757, 31.530985037651316 ], [ 118.503060308624782, 31.530996180030844 ], [ 118.503073313522435, 31.531807922696089 ], [ 118.504021031351698, 31.531796779964303 ] ] ] } },
{ "type": "Feature", "properties": { "area_m2": 8099.9999999790452, "area_km2": 0.0080999999999790458, "distance_m": 2721.9619531348121, "relative_position": "后方" }, "geometry": { "type": "Polygon", "coordinates": [ [ [ 118.503073313522435, 31.531807922696089 ], [ 118.503060308624782, 31.530996180030844 ], [ 118.502112598462546, 31.531007315392184 ], [ 118.502125595167868, 31.531819058409472 ], [ 118.503073313522435, 31.531807922696089 ] ] ] } },
{ "type": "Feature", "properties": { "area_m2": 8100.0000001676381, "area_km2": 0.008100000000167638, "distance_m": 2773.2476307672614, "relative_position": "后方" }, "geometry": { "type": "Polygon", "coordinates": [ [ [ 118.502125595167868, 31.531819058409472 ], [ 118.502112598462546, 31.531007315392184 ], [ 118.50116488777536, 31.531018443735331 ], [ 118.50117787628831, 31.53183018710444 ], [ 118.502125595167868, 31.531819058409472 ] ] ] } },
{ "type": "Feature", "properties": { "area_m2": 8100.0000000576256, "area_km2": 0.0081000000000576253, "distance_m": 2826.4584018761279, "relative_position": "后方" }, "geometry": { "type": "Polygon", "coordinates": [ [ [ 118.50117787628831, 31.53183018710444 ], [ 118.50116488777536, 31.531018443735331 ], [ 118.500217176563552, 31.531029565060273 ], [ 118.500230156884143, 31.531841308780983 ], [ 118.50117787628831, 31.53183018710444 ] ] ] } },
{ "type": "Feature", "properties": { "area_m2": 8099.9999998742715, "area_km2": 0.008099999999874272, "distance_m": 2999.3765803753126, "relative_position": "后方" }, "geometry": { "type": "Polygon", "coordinates": [ [ [ 118.527621291363729, 31.525833794418496 ], [ 118.527608077208711, 31.5250220602274 ], [ 118.526660438144816, 31.525033375552493 ], [ 118.526673644110289, 31.525845110101358 ], [ 118.527621291363729, 31.525833794418496 ] ] ] } },
{ "type": "Feature", "properties": { "area_m2": 8100.0000000628643, "area_km2": 0.0081000000000628642, "distance_m": 2976.3163453610146, "relative_position": "后方" }, "geometry": { "type": "Polygon", "coordinates": [ [ [ 118.526673644110289, 31.525845110101358 ], [ 118.526660438144816, 31.525033375552493 ], [ 118.525712798547488, 31.525044683861296 ], [ 118.525725996323402, 31.525856418767706 ], [ 118.526673644110289, 31.525845110101358 ] ] ] } },
{ "type": "Feature", "properties": { "area_m2": 8099.9999999947613, "area_km2": 0.0080999999999947607, "distance_m": 2955.80730900353, "relative_position": "后方" }, "geometry": { "type": "Polygon", "coordinates": [ [ [ 118.525725996323402, 31.525856418767706 ], [ 118.525712798547488, 31.525044683861296 ], [ 118.524765158417082, 31.525055985153799 ], [ 118.524778348003437, 31.525867720417541 ], [ 118.525725996323402, 31.525856418767706 ] ] ] } },
{ "type": "Feature", "properties": { "area_m2": 8099.9999999371357, "area_km2": 0.0080999999999371349, "distance_m": 2938.8840691424884, "relative_position": "后方" }, "geometry": { "type": "Polygon", "coordinates": [ [ [ 118.528582160962017, 31.526634205444168 ], [ 118.528568938083396, 31.525822471719149 ], [ 118.527621291363729, 31.525833794418496 ], [ 118.527634506052493, 31.526645528501501 ], [ 118.528582160962017, 31.526634205444168 ] ] ] } },
{ "type": "Feature", "properties": { "area_m2": 8100.0000000733417, "area_km2": 0.0081000000000733419, "distance_m": 2912.5765245734615, "relative_position": "后方" }, "geometry": { "type": "Polygon", "coordinates": [ [ [ 118.527634506052493, 31.526645528501501 ], [ 118.527621291363729, 31.525833794418496 ], [ 118.526673644110289, 31.525845110101358 ], [ 118.526686850609181, 31.526656844542131 ], [ 118.527634506052493, 31.526645528501501 ] ] ] } },
{ "type": "Feature", "properties": { "area_m2": 8100.0000000314321, "area_km2": 0.0081000000000314328, "distance_m": 2888.8238397590758, "relative_position": "后方" }, "geometry": { "type": "Polygon", "coordinates": [ [ [ 118.526686850609181, 31.526656844542131 ], [ 118.526673644110289, 31.525845110101358 ], [ 118.525725996323402, 31.525856418767706 ], [ 118.525739194632436, 31.526668153566032 ], [ 118.526686850609181, 31.526656844542131 ] ] ] } },
{ "type": "Feature", "properties": { "area_m2": 8100.0, "area_km2": 0.0081, "distance_m": 2867.6895027818673, "relative_position": "后方" }, "geometry": { "type": "Polygon", "coordinates": [ [ [ 118.525739194632436, 31.526668153566032 ], [ 118.525725996323402, 31.525856418767706 ], [ 118.524778348003437, 31.525867720417541 ], [ 118.524791538122571, 31.526679455573177 ], [ 118.525739194632436, 31.526668153566032 ] ] ] } },
{ "type": "Feature", "properties": { "area_m2": 8099.9999999685679, "area_km2": 0.0080999999999685681, "distance_m": 2853.0995255110524, "relative_position": "后方" }, "geometry": { "type": "Polygon", "coordinates": [ [ [ 118.528595384374711, 31.527445939061071 ], [ 118.528582160962017, 31.526634205444168 ], [ 118.527634506052493, 31.526645528501501 ], [ 118.527647721275031, 31.5274572624764 ], [ 118.528595384374711, 31.527445939061071 ] ] ] } },
{ "type": "Feature", "properties": { "area_m2": 8100.0000001728768, "area_km2": 0.0081000000001728769, "distance_m": 2825.9938779568079, "relative_position": "后方" }, "geometry": { "type": "Polygon", "coordinates": [ [ [ 118.527647721275031, 31.5274572624764 ], [ 118.527634506052493, 31.526645528501501 ], [ 118.526686850609181, 31.526656844542131 ], [ 118.526700057641534, 31.52746857887481 ], [ 118.527647721275031, 31.5274572624764 ] ] ] } },
{ "type": "Feature", "properties": { "area_m2": 8099.999999916181, "area_km2": 0.0080999999999161812, "distance_m": 2801.5075616644635, "relative_position": "后方" }, "geometry": { "type": "Polygon", "coordinates": [ [ [ 118.526700057641534, 31.52746857887481 ], [ 118.526686850609181, 31.526656844542131 ], [ 118.525739194632436, 31.526668153566032 ], [ 118.52575239347459, 31.527479888256263 ], [ 118.526700057641534, 31.52746857887481 ] ] ] } },
{ "type": "Feature", "properties": { "area_m2": 8099.9999999633292, "area_km2": 0.0080999999999633292, "distance_m": 2998.8882620889076, "relative_position": "后方" }, "geometry": { "type": "Polygon", "coordinates": [ [ [ 118.530477469178393, 31.526611538279397 ], [ 118.53046422992017, 31.525799805271028 ], [ 118.52951658426899, 31.525811142003331 ], [ 118.529529815337426, 31.526622875370126 ], [ 118.530477469178393, 31.526611538279397 ] ] ] } },
{ "type": "Feature", "properties": { "area_m2": 8100.0, "area_km2": 0.0081, "distance_m": 2967.678527521638, "relative_position": "后方" }, "geometry": { "type": "Polygon", "coordinates": [ [ [ 118.529529815337426, 31.526622875370126 ], [ 118.52951658426899, 31.525811142003331 ], [ 118.528568938083396, 31.525822471719149 ], [ 118.528582160962017, 31.526634205444168 ], [ 118.529529815337426, 31.526622875370126 ] ] ] } },
{ "type": "Feature", "properties": { "area_m2": 8100.0000000628643, "area_km2": 0.0081000000000628642, "distance_m": 2986.1858362806361, "relative_position": "后方" }, "geometry": { "type": "Polygon", "coordinates": [ [ [ 118.532386031428899, 31.527400575230612 ], [ 118.532372775255695, 31.526588843047932 ], [ 118.531425122484606, 31.526600194171994 ], [ 118.531438370467697, 31.527411926713565 ], [ 118.532386031428899, 31.527400575230612 ] ] ] } },
{ "type": "Feature", "properties": { "area_m2": 8100.0000000052387, "area_km2": 0.0081000000000052384, "distance_m": 2949.3754599796953, "relative_position": "后方" }, "geometry": { "type": "Polygon", "coordinates": [ [ [ 118.531438370467697, 31.527411926713565 ], [ 118.531425122484606, 31.526600194171994 ], [ 118.530477469178393, 31.526611538279397 ], [ 118.530490708971399, 31.527423271179632 ], [ 118.531438370467697, 31.527411926713565 ] ] ] } },
{ "type": "Feature", "properties": { "area_m2": 8100.0000000209548, "area_km2": 0.008100000000020955, "distance_m": 2914.8694689236199, "relative_position": "后方" }, "geometry": { "type": "Polygon", "coordinates": [ [ [ 118.530490708971399, 31.527423271179632 ], [ 118.530477469178393, 31.526611538279397 ], [ 118.529529815337426, 31.526622875370126 ], [ 118.52954304694029, 31.527434608628813 ], [ 118.530490708971399, 31.527423271179632 ] ] ] } },
{ "type": "Feature", "properties": { "area_m2": 8100.0000001100125, "area_km2": 0.0081000000001100123, "distance_m": 2882.7506161983783, "relative_position": "后方" }, "geometry": { "type": "Polygon", "coordinates": [ [ [ 118.52954304694029, 31.527434608628813 ], [ 118.529529815337426, 31.526622875370126 ], [ 118.528582160962017, 31.526634205444168 ], [ 118.528595384374711, 31.527445939061071 ], [ 118.52954304694029, 31.527434608628813 ] ] ] } },
{ "type": "Feature", "properties": { "area_m2": 8099.999999931897, "area_km2": 0.0080999999999318978, "distance_m": 2904.6053343998351, "relative_position": "后方" }, "geometry": { "type": "Polygon", "coordinates": [ [ [ 118.53239928813754, 31.528212307305164 ], [ 118.532386031428899, 31.527400575230612 ], [ 118.531438370467697, 31.527411926713565 ], [ 118.531451618985926, 31.528223659147002 ], [ 118.53239928813754, 31.528212307305164 ] ] ] } },
{ "type": "Feature", "properties": { "area_m2": 8099.9999998637941, "area_km2": 0.0080999999998637943, "distance_m": 2866.7479786506915, "relative_position": "后方" }, "geometry": { "type": "Polygon", "coordinates": [ [ [ 118.531451618985926, 31.528223659147002 ], [ 118.531438370467697, 31.527411926713565 ], [ 118.530490708971399, 31.527423271179632 ], [ 118.530503949299174, 31.528235003971741 ], [ 118.531451618985926, 31.528223659147002 ] ] ] } },
{ "type": "Feature", "properties": { "area_m2": 8100.0000000261934, "area_km2": 0.0081000000000261939, "distance_m": 2831.2355001654023, "relative_position": "后方" }, "geometry": { "type": "Polygon", "coordinates": [ [ [ 118.530503949299174, 31.528235003971741 ], [ 118.530490708971399, 31.527423271179632 ], [ 118.52954304694029, 31.527434608628813 ], [ 118.529556279077596, 31.528246341779369 ], [ 118.530503949299174, 31.528235003971741 ] ] ] } },
{ "type": "Feature", "properties": { "area_m2": 8099.9999999476131, "area_km2": 0.0080999999999476126, "distance_m": 2798.1571823436238, "relative_position": "后方" }, "geometry": { "type": "Polygon", "coordinates": [ [ [ 118.529556279077596, 31.528246341779369 ], [ 118.52954304694029, 31.527434608628813 ], [ 118.528595384374711, 31.527445939061071 ], [ 118.528608608321562, 31.528257672569847 ], [ 118.529556279077596, 31.528246341779369 ] ] ] } },
{ "type": "Feature", "properties": { "area_m2": 8100.0000001466833, "area_km2": 0.0081000000001466826, "distance_m": 2779.7098009396927, "relative_position": "后方" }, "geometry": { "type": "Polygon", "coordinates": [ [ [ 118.52575239347459, 31.527479888256263 ], [ 118.525739194632436, 31.526668153566032 ], [ 118.524791538122571, 31.526679455573177 ], [ 118.524804728774484, 31.527491190620758 ], [ 118.52575239347459, 31.527479888256263 ] ] ] } },
{ "type": "Feature", "properties": { "area_m2": 8099.9999998795101, "area_km2": 0.0080999999998795109, "distance_m": 2767.6003085280208, "relative_position": "后方" }, "geometry": { "type": "Polygon", "coordinates": [ [ [ 118.528608608321562, 31.528257672569847 ], [ 118.528595384374711, 31.527445939061071 ], [ 118.527647721275031, 31.5274572624764 ], [ 118.527660937031371, 31.528268996343193 ], [ 118.528608608321562, 31.528257672569847 ] ] ] } },
{ "type": "Feature", "properties": { "area_m2": 8100.0000000261934, "area_km2": 0.0081000000000261939, "distance_m": 2739.649252177051, "relative_position": "后方" }, "geometry": { "type": "Polygon", "coordinates": [ [ [ 118.527660937031371, 31.528268996343193 ], [ 118.527647721275031, 31.5274572624764 ], [ 118.526700057641534, 31.52746857887481 ], [ 118.526713265207363, 31.528280313099373 ], [ 118.527660937031371, 31.528268996343193 ] ] ] } },
{ "type": "Feature", "properties": { "area_m2": 8099.9999997904524, "area_km2": 0.0080999999997904519, "distance_m": 2714.384516641253, "relative_position": "后方" }, "geometry": { "type": "Polygon", "coordinates": [ [ [ 118.526713265207363, 31.528280313099373 ], [ 118.526700057641534, 31.52746857887481 ], [ 118.52575239347459, 31.527479888256263 ], [ 118.525765592849879, 31.528291622838388 ], [ 118.526713265207363, 31.528280313099373 ] ] ] } },
{ "type": "Feature", "properties": { "area_m2": 8100.0000000523869, "area_km2": 0.0081000000000523865, "distance_m": 2691.8817434996727, "relative_position": "后方" }, "geometry": { "type": "Polygon", "coordinates": [ [ [ 118.525765592849879, 31.528291622838388 ], [ 118.52575239347459, 31.527479888256263 ], [ 118.524804728774484, 31.527491190620758 ], [ 118.524817919959204, 31.528302925560219 ], [ 118.525765592849879, 31.528291622838388 ] ] ] } },
{ "type": "Feature", "properties": { "area_m2": 8100.0000000733417, "area_km2": 0.0081000000000733419, "distance_m": 2682.4137006711721, "relative_position": "后方" }, "geometry": { "type": "Polygon", "coordinates": [ [ [ 118.528621832802571, 31.52906940597051 ], [ 118.528608608321562, 31.528257672569847 ], [ 118.527660937031371, 31.528268996343193 ], [ 118.527674153321527, 31.529080730101875 ], [ 118.528621832802571, 31.52906940597051 ] ] ] } },
{ "type": "Feature", "properties": { "area_m2": 8100.0000000471482, "area_km2": 0.0081000000000471476, "distance_m": 2653.5658811106487, "relative_position": "后方" }, "geometry": { "type": "Polygon", "coordinates": [ [ [ 118.527674153321527, 31.529080730101875 ], [ 118.527660937031371, 31.528268996343193 ], [ 118.526713265207363, 31.528280313099373 ], [ 118.526726473306681, 31.529092047215837 ], [ 118.527674153321527, 31.529080730101875 ] ] ] } },
{ "type": "Feature", "properties": { "area_m2": 8099.9999999790452, "area_km2": 0.0080999999999790458, "distance_m": 2627.4739255216464, "relative_position": "后方" }, "geometry": { "type": "Polygon", "coordinates": [ [ [ 118.526726473306681, 31.529092047215837 ], [ 118.526713265207363, 31.528280313099373 ], [ 118.525765592849879, 31.528291622838388 ], [ 118.525778792758302, 31.529103357312426 ], [ 118.526726473306681, 31.529092047215837 ] ] ] } },
{ "type": "Feature", "properties": { "area_m2": 8100.0, "area_km2": 0.0081, "distance_m": 2604.2206720608101, "relative_position": "后方" }, "geometry": { "type": "Polygon", "coordinates": [ [ [ 118.525778792758302, 31.529103357312426 ], [ 118.525765592849879, 31.528291622838388 ], [ 118.524817919959204, 31.528302925560219 ], [ 118.524831111676761, 31.529114660391588 ], [ 118.525778792758302, 31.529103357312426 ] ] ] } },
{ "type": "Feature", "properties": { "area_m2": 8099.9999999685679, "area_km2": 0.0080999999999685681, "distance_m": 2597.5704567150519, "relative_position": "后方" }, "geometry": { "type": "Polygon", "coordinates": [ [ [ 118.528635057817709, 31.529881139263065 ], [ 118.528621832802571, 31.52906940597051 ], [ 118.527674153321527, 31.529080730101875 ], [ 118.527687370145514, 31.529892463752439 ], [ 118.528635057817709, 31.529881139263065 ] ] ] } },
{ "type": "Feature", "properties": { "area_m2": 8099.9999996647239, "area_km2": 0.0080999999996647244, "distance_m": 2986.9925371153863, "relative_position": "后方" }, "geometry": { "type": "Polygon", "coordinates": [ [ [ 118.534294624834033, 31.528189582570224 ], [ 118.534281351744582, 31.52737785121413 ], [ 118.533333691854637, 31.5273892167308 ], [ 118.533346956753704, 31.528200948446226 ], [ 118.534294624834033, 31.528189582570224 ] ] ] } },
{ "type": "Feature", "properties": { "area_m2": 8099.9999999738066, "area_km2": 0.008099999999973807, "distance_m": 2944.7171287560491, "relative_position": "后方" }, "geometry": { "type": "Polygon", "coordinates": [ [ [ 118.533346956753704, 31.528200948446226 ], [ 118.533333691854637, 31.5273892167308 ], [ 118.532386031428899, 31.527400575230612 ], [ 118.53239928813754, 31.528212307305164 ], [ 118.533346956753704, 31.528200948446226 ] ] ] } },
{ "type": "Feature", "properties": { "area_m2": 8099.9999999214197, "area_km2": 0.0080999999999214201, "distance_m": 2953.7680595540505, "relative_position": "后方" }, "geometry": { "type": "Polygon", "coordinates": [ [ [ 118.535255574194508, 31.528989940565534 ], [ 118.535242292378229, 31.528178209677151 ], [ 118.534294624834033, 31.528189582570224 ], [ 118.534307898459616, 31.52900131381816 ], [ 118.535255574194508, 31.528989940565534 ] ] ] } },
{ "type": "Feature", "properties": { "area_m2": 8099.9999999476131, "area_km2": 0.0080999999999476126, "distance_m": 2908.2372270526189, "relative_position": "后方" }, "geometry": { "type": "Polygon", "coordinates": [ [ [ 118.534307898459616, 31.52900131381816 ], [ 118.534294624834033, 31.528189582570224 ], [ 118.533346956753704, 31.528200948446226 ], [ 118.533360222188549, 31.529012680053516 ], [ 118.534307898459616, 31.52900131381816 ] ] ] } },
{ "type": "Feature", "properties": { "area_m2": 8100.0000000785803, "area_km2": 0.0081000000000785808, "distance_m": 2864.8002371933535, "relative_position": "后方" }, "geometry": { "type": "Polygon", "coordinates": [ [ [ 118.533360222188549, 31.529012680053516 ], [ 118.533346956753704, 31.528200948446226 ], [ 118.53239928813754, 31.528212307305164 ], [ 118.532412545381675, 31.529024039271562 ], [ 118.533360222188549, 31.529012680053516 ] ] ] } },
{ "type": "Feature", "properties": { "area_m2": 8100.0000000942964, "area_km2": 0.0081000000000942957, "distance_m": 2976.4031583447604, "relative_position": "后方" }, "geometry": { "type": "Polygon", "coordinates": [ [ [ 118.537164222789315, 31.529778903068909 ], [ 118.537150924054572, 31.528967173008475 ], [ 118.536203249392941, 31.528978560295638 ], [ 118.536216539936717, 31.529790290716075 ], [ 118.537164222789315, 31.529778903068909 ] ] ] } },
{ "type": "Feature", "properties": { "area_m2": 8100.0000000209548, "area_km2": 0.008100000000020955, "distance_m": 2925.7133651212243, "relative_position": "后方" }, "geometry": { "type": "Polygon", "coordinates": [ [ [ 118.536216539936717, 31.529790290716075 ], [ 118.536203249392941, 31.528978560295638 ], [ 118.535255574194508, 31.528989940565534 ], [ 118.53526885654729, 31.529801671345769 ], [ 118.536216539936717, 31.529790290716075 ] ] ] } },
{ "type": "Feature", "properties": { "area_m2": 8100.0000000890577, "area_km2": 0.0081000000000890585, "distance_m": 2876.9359058682762, "relative_position": "后方" }, "geometry": { "type": "Polygon", "coordinates": [ [ [ 118.53526885654729, 31.529801671345769 ], [ 118.535255574194508, 31.528989940565534 ], [ 118.534307898459616, 31.52900131381816 ], [ 118.534321172621347, 31.529813044957965 ], [ 118.53526885654729, 31.529801671345769 ] ] ] } },
{ "type": "Feature", "properties": { "area_m2": 8100.0000000785803, "area_km2": 0.0081000000000785808, "distance_m": 2830.1696612588266, "relative_position": "后方" }, "geometry": { "type": "Polygon", "coordinates": [ [ [ 118.534321172621347, 31.529813044957965 ], [ 118.534307898459616, 31.52900131381816 ], [ 118.533360222188549, 31.529012680053516 ], [ 118.533373488159228, 31.52982441155266 ], [ 118.534321172621347, 31.529813044957965 ] ] ] } },
{ "type": "Feature", "properties": { "area_m2": 8100.0000000209548, "area_km2": 0.008100000000020955, "distance_m": 2785.5159352581813, "relative_position": "后方" }, "geometry": { "type": "Polygon", "coordinates": [ [ [ 118.533373488159228, 31.52982441155266 ], [ 118.533360222188549, 31.529012680053516 ], [ 118.532412545381675, 31.529024039271562 ], [ 118.532425803161274, 31.529835771129839 ], [ 118.533373488159228, 31.52982441155266 ] ] ] } },
{ "type": "Feature", "properties": { "area_m2": 8100.0000000157161, "area_km2": 0.0081000000000157162, "distance_m": 2823.5537281699758, "relative_position": "后方" }, "geometry": { "type": "Polygon", "coordinates": [ [ [ 118.532412545381675, 31.529024039271562 ], [ 118.53239928813754, 31.528212307305164 ], [ 118.531451618985926, 31.528223659147002 ], [ 118.531464868039293, 31.529035391472298 ], [ 118.532412545381675, 31.529024039271562 ] ] ] } },
{ "type": "Feature", "properties": { "area_m2": 8099.9999999947613, "area_km2": 0.0080999999999947607, "distance_m": 2784.5950432626323, "relative_position": "后方" }, "geometry": { "type": "Polygon", "coordinates": [ [ [ 118.531464868039293, 31.529035391472298 ], [ 118.531451618985926, 31.528223659147002 ], [ 118.530503949299174, 31.528235003971741 ], [ 118.53051719016176, 31.529046736655712 ], [ 118.531464868039293, 31.529035391472298 ] ] ] } },
{ "type": "Feature", "properties": { "area_m2": 8099.9999999633292, "area_km2": 0.0080999999999633292, "distance_m": 2748.0214904339646, "relative_position": "后方" }, "geometry": { "type": "Polygon", "coordinates": [ [ [ 118.53051719016176, 31.529046736655712 ], [ 118.530503949299174, 31.528235003971741 ], [ 118.529556279077596, 31.528246341779369 ], [ 118.529569511749429, 31.529058074821794 ], [ 118.53051719016176, 31.529046736655712 ] ] ] } },
{ "type": "Feature", "properties": { "area_m2": 8099.999999931897, "area_km2": 0.0080999999999318978, "distance_m": 2713.9295020738396, "relative_position": "后方" }, "geometry": { "type": "Polygon", "coordinates": [ [ [ 118.529569511749429, 31.529058074821794 ], [ 118.529556279077596, 31.528246341779369 ], [ 118.528608608321562, 31.528257672569847 ], [ 118.528621832802571, 31.52906940597051 ], [ 118.529569511749429, 31.529058074821794 ] ] ] } },
{ "type": "Feature", "properties": { "area_m2": 8100.0000000785803, "area_km2": 0.0081000000000785808, "distance_m": 2743.0778997880343, "relative_position": "后方" }, "geometry": { "type": "Polygon", "coordinates": [ [ [ 118.532425803161274, 31.529835771129839 ], [ 118.532412545381675, 31.529024039271562 ], [ 118.531464868039293, 31.529035391472298 ], [ 118.531478117627827, 31.529847123689478 ], [ 118.532425803161274, 31.529835771129839 ] ] ] } },
{ "type": "Feature", "properties": { "area_m2": 8099.9999999476131, "area_km2": 0.0080999999999476126, "distance_m": 2702.9599226214418, "relative_position": "后方" }, "geometry": { "type": "Polygon", "coordinates": [ [ [ 118.531478117627827, 31.529847123689478 ], [ 118.531464868039293, 31.529035391472298 ], [ 118.53051719016176, 31.529046736655712 ], [ 118.5305304315592, 31.529858469231574 ], [ 118.531478117627827, 31.529847123689478 ] ] ] } },
{ "type": "Feature", "properties": { "area_m2": 8099.9999999528518, "area_km2": 0.0080999999999528515, "distance_m": 2665.266774286375, "relative_position": "后方" }, "geometry": { "type": "Polygon", "coordinates": [ [ [ 118.5305304315592, 31.529858469231574 ], [ 118.53051719016176, 31.529046736655712 ], [ 118.529569511749429, 31.529058074821794 ], [ 118.529582744955704, 31.529869807756111 ], [ 118.5305304315592, 31.529858469231574 ] ] ] } },
{ "type": "Feature", "properties": { "area_m2": 8099.9999999842839, "area_km2": 0.0080999999999842847, "distance_m": 2630.1027136541934, "relative_position": "后方" }, "geometry": { "type": "Polygon", "coordinates": [ [ [ 118.529582744955704, 31.529869807756111 ], [ 118.529569511749429, 31.529058074821794 ], [ 118.528621832802571, 31.52906940597051 ], [ 118.528635057817709, 31.529881139263065 ], [ 118.529582744955704, 31.529869807756111 ] ] ] } },
{ "type": "Feature", "properties": { "area_m2": 8099.9999999947613, "area_km2": 0.0080999999999947607, "distance_m": 2663.2300440892145, "relative_position": "后方" }, "geometry": { "type": "Polygon", "coordinates": [ [ [ 118.53243906147641, 31.530647502879962 ], [ 118.532425803161274, 31.529835771129839 ], [ 118.531478117627827, 31.529847123689478 ], [ 118.531491367751528, 31.530658855798517 ], [ 118.53243906147641, 31.530647502879962 ] ] ] } },
{ "type": "Feature", "properties": { "area_m2": 8099.9999999371357, "area_km2": 0.0080999999999371349, "distance_m": 2621.8909839824278, "relative_position": "后方" }, "geometry": { "type": "Polygon", "coordinates": [ [ [ 118.531491367751528, 31.530658855798517 ], [ 118.531478117627827, 31.529847123689478 ], [ 118.5305304315592, 31.529858469231574 ], [ 118.530543673491479, 31.530670201699298 ], [ 118.531491367751528, 31.530658855798517 ] ] ] } },
{ "type": "Feature", "properties": { "area_m2": 8099.9999999109423, "area_km2": 0.0080999999999109423, "distance_m": 2567.7700390338209, "relative_position": "后方" }, "geometry": { "type": "Polygon", "coordinates": [ [ [ 118.527687370145514, 31.529892463752439 ], [ 118.527674153321527, 31.529080730101875 ], [ 118.526726473306681, 31.529092047215837 ], [ 118.526739681939489, 31.52990378122421 ], [ 118.527687370145514, 31.529892463752439 ] ] ] } },
{ "type": "Feature", "properties": { "area_m2": 8100.0000000890577, "area_km2": 0.0081000000000890585, "distance_m": 2540.7975887896137, "relative_position": "后方" }, "geometry": { "type": "Polygon", "coordinates": [ [ [ 118.526739681939489, 31.52990378122421 ], [ 118.526726473306681, 31.529092047215837 ], [ 118.525778792758302, 31.529103357312426 ], [ 118.525791993199903, 31.529915091678362 ], [ 118.526739681939489, 31.52990378122421 ] ] ] } },
{ "type": "Feature", "properties": { "area_m2": 8099.9999999371357, "area_km2": 0.0080999999999371349, "distance_m": 2516.7440343889884, "relative_position": "后方" }, "geometry": { "type": "Polygon", "coordinates": [ [ [ 118.525791993199903, 31.529915091678362 ], [ 118.525778792758302, 31.529103357312426 ], [ 118.524831111676761, 31.529114660391588 ], [ 118.524844303927168, 31.529926395114888 ], [ 118.525791993199903, 31.529915091678362 ] ] ] } },
{ "type": "Feature", "properties": { "area_m2": 8100.0000000523869, "area_km2": 0.0081000000000523865, "distance_m": 2513.1053518904459, "relative_position": "后方" }, "geometry": { "type": "Polygon", "coordinates": [ [ [ 118.528648283367076, 31.530692872447503 ], [ 118.528635057817709, 31.529881139263065 ], [ 118.527687370145514, 31.529892463752439 ], [ 118.527700587503375, 31.530704197294902 ], [ 118.528648283367076, 31.530692872447503 ] ] ] } },
{ "type": "Feature", "properties": { "area_m2": 8100.0000000157161, "area_km2": 0.0081000000000157162, "distance_m": 2482.2915386073687, "relative_position": "后方" }, "geometry": { "type": "Polygon", "coordinates": [ [ [ 118.527700587503375, 31.530704197294902 ], [ 118.527687370145514, 31.529892463752439 ], [ 118.526739681939489, 31.52990378122421 ], [ 118.526752891105815, 31.530715515124477 ], [ 118.527700587503375, 31.530704197294902 ] ] ] } },
{ "type": "Feature", "properties": { "area_m2": 8099.9999999790452, "area_km2": 0.0080999999999790458, "distance_m": 2454.3803233539288, "relative_position": "后方" }, "geometry": { "type": "Polygon", "coordinates": [ [ [ 118.526752891105815, 31.530715515124477 ], [ 118.526739681939489, 31.52990378122421 ], [ 118.525791993199903, 31.529915091678362 ], [ 118.525805194174723, 31.530726825936203 ], [ 118.526752891105815, 31.530715515124477 ] ] ] } },
{ "type": "Feature", "properties": { "area_m2": 8099.999999931897, "area_km2": 0.0080999999999318978, "distance_m": 2429.4717516974447, "relative_position": "后方" }, "geometry": { "type": "Polygon", "coordinates": [ [ [ 118.525805194174723, 31.530726825936203 ], [ 118.525791993199903, 31.529915091678362 ], [ 118.524844303927168, 31.529926395114888 ], [ 118.52485749671041, 31.530738129730075 ], [ 118.525805194174723, 31.530726825936203 ] ] ] } },
{ "type": "Feature", "properties": { "area_m2": 8100.0000000733417, "area_km2": 0.0081000000000733419, "distance_m": 2397.1643262469779, "relative_position": "后方" }, "geometry": { "type": "Polygon", "coordinates": [ [ [ 118.527713805395109, 31.531515930729238 ], [ 118.527700587503375, 31.530704197294902 ], [ 118.526752891105815, 31.530715515124477 ], [ 118.526766100805716, 31.531527248916621 ], [ 118.527713805395109, 31.531515930729238 ] ] ] } },
{ "type": "Feature", "properties": { "area_m2": 8099.9999999738066, "area_km2": 0.008099999999973807, "distance_m": 2368.2504885483295, "relative_position": "后方" }, "geometry": { "type": "Polygon", "coordinates": [ [ [ 118.526766100805716, 31.531527248916621 ], [ 118.526752891105815, 31.530715515124477 ], [ 118.525805194174723, 31.530726825936203 ], [ 118.525818395682748, 31.531538560085931 ], [ 118.526766100805716, 31.531527248916621 ] ] ] } },
{ "type": "Feature", "properties": { "area_m2": 8100.0000000366708, "area_km2": 0.0081000000000366716, "distance_m": 2342.4266638643285, "relative_position": "后方" }, "geometry": { "type": "Polygon", "coordinates": [ [ [ 118.525818395682748, 31.531538560085931 ], [ 118.525805194174723, 31.530726825936203 ], [ 118.52485749671041, 31.530738129730075 ], [ 118.52487069002656, 31.531549864237185 ], [ 118.525818395682748, 31.531538560085931 ] ] ] } },
{ "type": "Feature", "properties": { "area_m2": 8099.9999999842839, "area_km2": 0.0080999999999842847, "distance_m": 2956.7882473907289, "relative_position": "后方" }, "geometry": { "type": "Polygon", "coordinates": [ [ [ 118.538125212567991, 31.530579237996278 ], [ 118.538111905104756, 31.529767508404266 ], [ 118.537164222789315, 31.529778903068909 ], [ 118.537177522061242, 31.530590633021156 ], [ 118.538125212567991, 31.530579237996278 ] ] ] } },
{ "type": "Feature", "properties": { "area_m2": 8099.999999931897, "area_km2": 0.0080999999999318978, "distance_m": 2902.9783341859179, "relative_position": "后方" }, "geometry": { "type": "Polygon", "coordinates": [ [ [ 118.537177522061242, 31.530590633021156 ], [ 118.537164222789315, 31.529778903068909 ], [ 118.536216539936717, 31.529790290716075 ], [ 118.536229831017323, 31.53060202102834 ], [ 118.537177522061242, 31.530590633021156 ] ] ] } },
{ "type": "Feature", "properties": { "area_m2": 8099.9999999057036, "area_km2": 0.0080999999999057035, "distance_m": 2850.9837315787881, "relative_position": "后方" }, "geometry": { "type": "Polygon", "coordinates": [ [ [ 118.536229831017323, 31.53060202102834 ], [ 118.536216539936717, 31.529790290716075 ], [ 118.53526885654729, 31.529801671345769 ], [ 118.535282139436532, 31.530613402017828 ], [ 118.536229831017323, 31.53060202102834 ] ] ] } },
{ "type": "Feature", "properties": { "area_m2": 8099.999999931897, "area_km2": 0.0080999999999318978, "distance_m": 2800.9055397280317, "relative_position": "后方" }, "geometry": { "type": "Polygon", "coordinates": [ [ [ 118.535282139436532, 31.530613402017828 ], [ 118.53526885654729, 31.529801671345769 ], [ 118.534321172621347, 31.529813044957965 ], [ 118.534334447319253, 31.530624775989612 ], [ 118.535282139436532, 31.530613402017828 ] ] ] } },
{ "type": "Feature", "properties": { "area_m2": 8100.0000000785803, "area_km2": 0.0081000000000785808, "distance_m": 2752.8483501000042, "relative_position": "后方" }, "geometry": { "type": "Polygon", "coordinates": [ [ [ 118.534334447319253, 31.530624775989612 ], [ 118.534321172621347, 31.529813044957965 ], [ 118.533373488159228, 31.52982441155266 ], [ 118.53338675466577, 31.530636142943649 ], [ 118.534334447319253, 31.530624775989612 ] ] ] } },
{ "type": "Feature", "properties": { "area_m2": 8099.9999999947613, "area_km2": 0.0080999999999947607, "distance_m": 2706.9198070625025, "relative_position": "后方" }, "geometry": { "type": "Polygon", "coordinates": [ [ [ 118.53338675466577, 31.530636142943649 ], [ 118.533373488159228, 31.52982441155266 ], [ 118.532425803161274, 31.529835771129839 ], [ 118.53243906147641, 31.530647502879962 ], [ 118.53338675466577, 31.530636142943649 ] ] ] } },
{ "type": "Feature", "properties": { "area_m2": 8099.9999999633292, "area_km2": 0.0080999999999633292, "distance_m": 2942.5582779090528, "relative_position": "后方" }, "geometry": { "type": "Polygon", "coordinates": [ [ [ 118.53908621872958, 31.531379565077096 ], [ 118.539072902537228, 31.530567835953732 ], [ 118.538125212567991, 31.530579237996278 ], [ 118.538138520568737, 31.531390967480103 ], [ 118.53908621872958, 31.531379565077096 ] ] ] } },
{ "type": "Feature", "properties": { "area_m2": 8099.9999999685679, "area_km2": 0.0080999999999685681, "distance_m": 2885.6886955571731, "relative_position": "后方" }, "geometry": { "type": "Polygon", "coordinates": [ [ [ 118.538138520568737, 31.531390967480103 ], [ 118.538125212567991, 31.530579237996278 ], [ 118.537177522061242, 31.530590633021156 ], [ 118.537190821870354, 31.531402362865222 ], [ 118.538138520568737, 31.531390967480103 ] ] ] } },
{ "type": "Feature", "properties": { "area_m2": 8100.0000000785803, "area_km2": 0.0081000000000785808, "distance_m": 2830.5278339750198, "relative_position": "后方" }, "geometry": { "type": "Polygon", "coordinates": [ [ [ 118.537190821870354, 31.531402362865222 ], [ 118.537177522061242, 31.530590633021156 ], [ 118.536229831017323, 31.53060202102834 ], [ 118.536243122634772, 31.531413751232442 ], [ 118.537190821870354, 31.531402362865222 ] ] ] } },
{ "type": "Feature", "properties": { "area_m2": 8100.000000083819, "area_km2": 0.0081000000000838197, "distance_m": 2777.1775147236162, "relative_position": "后方" }, "geometry": { "type": "Polygon", "coordinates": [ [ [ 118.536243122634772, 31.531413751232442 ], [ 118.536229831017323, 31.53060202102834 ], [ 118.535282139436532, 31.530613402017828 ], [ 118.535295422862333, 31.531425132581738 ], [ 118.536243122634772, 31.531413751232442 ] ] ] } },
{ "type": "Feature", "properties": { "area_m2": 8100.0000001414446, "area_km2": 0.0081000000001414454, "distance_m": 2583.0154954765608, "relative_position": "后方" }, "geometry": { "type": "Polygon", "coordinates": [ [ [ 118.530543673491479, 31.530670201699298 ], [ 118.5305304315592, 31.529858469231574 ], [ 118.529582744955704, 31.529869807756111 ], [ 118.529595978696534, 31.530681540582304 ], [ 118.530543673491479, 31.530670201699298 ] ] ] } },
{ "type": "Feature", "properties": { "area_m2": 8100.0000000104774, "area_km2": 0.0081000000000104773, "distance_m": 2546.7164029966289, "relative_position": "后方" }, "geometry": { "type": "Polygon", "coordinates": [ [ [ 118.529595978696534, 31.530681540582304 ], [ 118.529582744955704, 31.529869807756111 ], [ 118.528635057817709, 31.529881139263065 ], [ 118.528648283367076, 31.530692872447503 ], [ 118.529595978696534, 31.530681540582304 ] ] ] } },
{ "type": "Feature", "properties": { "area_m2": 8100.0000000209548, "area_km2": 0.008100000000020955, "distance_m": 2584.0683737025715, "relative_position": "后方" }, "geometry": { "type": "Polygon", "coordinates": [ [ [ 118.532452320327081, 31.531459234521943 ], [ 118.53243906147641, 31.530647502879962 ], [ 118.531491367751528, 31.530658855798517 ], [ 118.531504618410466, 31.531470587799408 ], [ 118.532452320327081, 31.531459234521943 ] ] ] } },
{ "type": "Feature", "properties": { "area_m2": 8099.9999999423744, "area_km2": 0.0080999999999423738, "distance_m": 2541.4424082657092, "relative_position": "后方" }, "geometry": { "type": "Polygon", "coordinates": [ [ [ 118.531504618410466, 31.531470587799408 ], [ 118.531491367751528, 31.530658855798517 ], [ 118.530543673491479, 31.530670201699298 ], [ 118.530556915958627, 31.531481934058895 ], [ 118.531504618410466, 31.531470587799408 ] ] ] } },
{ "type": "Feature", "properties": { "area_m2": 8100.0, "area_km2": 0.0081, "distance_m": 2501.3173171258927, "relative_position": "后方" }, "geometry": { "type": "Polygon", "coordinates": [ [ [ 118.530556915958627, 31.531481934058895 ], [ 118.530543673491479, 31.530670201699298 ], [ 118.529595978696534, 31.530681540582304 ], [ 118.529609212971891, 31.531493273300359 ], [ 118.530556915958627, 31.531481934058895 ] ] ] } },
{ "type": "Feature", "properties": { "area_m2": 8099.9999998533167, "area_km2": 0.0080999999998533165, "distance_m": 2463.8152923474277, "relative_position": "后方" }, "geometry": { "type": "Polygon", "coordinates": [ [ [ 118.529609212971891, 31.531493273300359 ], [ 118.529595978696534, 31.530681540582304 ], [ 118.528648283367076, 31.530692872447503 ], [ 118.528661509450615, 31.531504605523818 ], [ 118.529609212971891, 31.531493273300359 ] ] ] } },
{ "type": "Feature", "properties": { "area_m2": 8100.0000000314321, "area_km2": 0.0081000000000314328, "distance_m": 2429.057832093496, "relative_position": "后方" }, "geometry": { "type": "Polygon", "coordinates": [ [ [ 118.528661509450615, 31.531504605523818 ], [ 118.528648283367076, 31.530692872447503 ], [ 118.527700587503375, 31.530704197294902 ], [ 118.527713805395109, 31.531515930729238 ], [ 118.528661509450615, 31.531504605523818 ] ] ] } },
{ "type": "Feature", "properties": { "area_m2": 8100.000000068103, "area_km2": 0.0081000000000681031, "distance_m": 2505.6579245299604, "relative_position": "后方" }, "geometry": { "type": "Polygon", "coordinates": [ [ [ 118.532465579713275, 31.532270966055773 ], [ 118.532452320327081, 31.531459234521943 ], [ 118.531504618410466, 31.531470587799408 ], [ 118.531517869604571, 31.532282319692165 ], [ 118.532465579713275, 31.532270966055773 ] ] ] } },
{ "type": "Feature", "properties": { "area_m2": 8099.9999999947613, "area_km2": 0.0080999999999947607, "distance_m": 2461.6750161262976, "relative_position": "后方" }, "geometry": { "type": "Polygon", "coordinates": [ [ [ 118.531517869604571, 31.532282319692165 ], [ 118.531504618410466, 31.531470587799408 ], [ 118.530556915958627, 31.531481934058895 ], [ 118.530570158960629, 31.532293666310341 ], [ 118.531517869604571, 31.532282319692165 ] ] ] } },
{ "type": "Feature", "properties": { "area_m2": 8100.0000000209548, "area_km2": 0.008100000000020955, "distance_m": 2420.22825062833, "relative_position": "后方" }, "geometry": { "type": "Polygon", "coordinates": [ [ [ 118.530570158960629, 31.532293666310341 ], [ 118.530556915958627, 31.531481934058895 ], [ 118.529609212971891, 31.531493273300359 ], [ 118.529622447781804, 31.532305005910295 ], [ 118.530570158960629, 31.532293666310341 ] ] ] } },
{ "type": "Feature", "properties": { "area_m2": 8099.9999999790452, "area_km2": 0.0080999999999790458, "distance_m": 2725.7440546479647, "relative_position": "后方" }, "geometry": { "type": "Polygon", "coordinates": [ [ [ 118.535295422862333, 31.531425132581738 ], [ 118.535282139436532, 31.530613402017828 ], [ 118.534334447319253, 31.530624775989612 ], [ 118.534347722553349, 31.531436506913092 ], [ 118.535295422862333, 31.531425132581738 ] ] ] } },
{ "type": "Feature", "properties": { "area_m2": 8100.0000001047738, "area_km2": 0.0081000000001047734, "distance_m": 2676.3379726854032, "relative_position": "后方" }, "geometry": { "type": "Polygon", "coordinates": [ [ [ 118.534347722553349, 31.531436506913092 ], [ 118.534334447319253, 31.530624775989612 ], [ 118.53338675466577, 31.530636142943649 ], [ 118.533400021708147, 31.531447874226505 ], [ 118.534347722553349, 31.531436506913092 ] ] ] } },
{ "type": "Feature", "properties": { "area_m2": 8099.9999999842839, "area_km2": 0.0080999999999842847, "distance_m": 2629.0735709878713, "relative_position": "后方" }, "geometry": { "type": "Polygon", "coordinates": [ [ [ 118.533400021708147, 31.531447874226505 ], [ 118.53338675466577, 31.530636142943649 ], [ 118.53243906147641, 31.530647502879962 ], [ 118.532452320327081, 31.531459234521943 ], [ 118.533400021708147, 31.531447874226505 ] ] ] } },
{ "type": "Feature", "properties": { "area_m2": 8100.0000000366708, "area_km2": 0.0081000000000366716, "distance_m": 2995.1390701657092, "relative_position": "后方" }, "geometry": { "type": "Polygon", "coordinates": [ [ [ 118.540994946551379, 31.532168467510989 ], [ 118.540981613437339, 31.531356739217436 ], [ 118.540033916352542, 31.5313681556562 ], [ 118.540047241274678, 31.532179884310661 ], [ 118.540994946551379, 31.532168467510989 ] ] ] } },
{ "type": "Feature", "properties": { "area_m2": 8099.999999916181, "area_km2": 0.0080999999999161812, "distance_m": 2933.7916003359164, "relative_position": "后方" }, "geometry": { "type": "Polygon", "coordinates": [ [ [ 118.540047241274678, 31.532179884310661 ], [ 118.540033916352542, 31.5313681556562 ], [ 118.53908621872958, 31.531379565077096 ], [ 118.539099535459769, 31.532191294092257 ], [ 118.540047241274678, 31.532179884310661 ] ] ] } },
{ "type": "Feature", "properties": { "area_m2": 8099.9999999580905, "area_km2": 0.0080999999999580904, "distance_m": 2873.9427217460188, "relative_position": "后方" }, "geometry": { "type": "Polygon", "coordinates": [ [ [ 118.539099535459769, 31.532191294092257 ], [ 118.53908621872958, 31.531379565077096 ], [ 118.538138520568737, 31.531390967480103 ], [ 118.538151829106994, 31.532202696855748 ], [ 118.539099535459769, 31.532191294092257 ] ] ] } },
{ "type": "Feature", "properties": { "area_m2": 8100.0000000576256, "area_km2": 0.0081000000000576253, "distance_m": 2815.6879987580078, "relative_position": "后方" }, "geometry": { "type": "Polygon", "coordinates": [ [ [ 118.538151829106994, 31.532202696855748 ], [ 118.538138520568737, 31.531390967480103 ], [ 118.537190821870354, 31.531402362865222 ], [ 118.53720412221665, 31.532214092601123 ], [ 118.538151829106994, 31.532202696855748 ] ] ] } },
{ "type": "Feature", "properties": { "area_m2": 8100.0000000157161, "area_km2": 0.0081000000000157162, "distance_m": 2759.128410435163, "relative_position": "后方" }, "geometry": { "type": "Polygon", "coordinates": [ [ [ 118.53720412221665, 31.532214092601123 ], [ 118.537190821870354, 31.531402362865222 ], [ 118.536243122634772, 31.531413751232442 ], [ 118.536256414789094, 31.532225481328364 ], [ 118.53720412221665, 31.532214092601123 ] ] ] } },
{ "type": "Feature", "properties": { "area_m2": 8100.0000000209548, "area_km2": 0.008100000000020955, "distance_m": 2704.3703186368152, "relative_position": "后方" }, "geometry": { "type": "Polygon", "coordinates": [ [ [ 118.536256414789094, 31.532225481328364 ], [ 118.536243122634772, 31.531413751232442 ], [ 118.535295422862333, 31.531425132581738 ], [ 118.535308706824637, 31.532236863037472 ], [ 118.536256414789094, 31.532225481328364 ] ] ] } },
{ "type": "Feature", "properties": { "area_m2": 8100.0000000157161, "area_km2": 0.0081000000000157162, "distance_m": 2651.5253397205865, "relative_position": "后方" }, "geometry": { "type": "Polygon", "coordinates": [ [ [ 118.535308706824637, 31.532236863037472 ], [ 118.535295422862333, 31.531425132581738 ], [ 118.534347722553349, 31.531436506913092 ], [ 118.534360998323649, 31.532248237728417 ], [ 118.535308706824637, 31.532236863037472 ] ] ] } },
{ "type": "Feature", "properties": { "area_m2": 8100.0000000890577, "area_km2": 0.0081000000000890585, "distance_m": 2600.7100994612788, "relative_position": "后方" }, "geometry": { "type": "Polygon", "coordinates": [ [ [ 118.534360998323649, 31.532248237728417 ], [ 118.534347722553349, 31.531436506913092 ], [ 118.533400021708147, 31.531447874226505 ], [ 118.533413289286401, 31.53225960540119 ], [ 118.534360998323649, 31.532248237728417 ] ] ] } },
{ "type": "Feature", "properties": { "area_m2": 8099.9999999738066, "area_km2": 0.008099999999973807, "distance_m": 2552.045849660924, "relative_position": "后方" }, "geometry": { "type": "Polygon", "coordinates": [ [ [ 118.533413289286401, 31.53225960540119 ], [ 118.533400021708147, 31.531447874226505 ], [ 118.532452320327081, 31.531459234521943 ], [ 118.532465579713275, 31.532270966055773 ], [ 118.533413289286401, 31.53225960540119 ] ] ] } },
{ "type": "Feature", "properties": { "area_m2": 8100.0000000314321, "area_km2": 0.0081000000000314328, "distance_m": 2930.5372377950416, "relative_position": "后方" }, "geometry": { "type": "Polygon", "coordinates": [ [ [ 118.541008280203968, 31.532980195696343 ], [ 118.540994946551379, 31.532168467510989 ], [ 118.540047241274678, 31.532179884310661 ], [ 118.540060566735036, 31.532991612856939 ], [ 118.541008280203968, 31.532980195696343 ] ] ] } },
{ "type": "Feature", "properties": { "area_m2": 8100.0000000995351, "area_km2": 0.0081000000000995345, "distance_m": 2867.8085231814648, "relative_position": "后方" }, "geometry": { "type": "Polygon", "coordinates": [ [ [ 118.540060566735036, 31.532991612856939 ], [ 118.540047241274678, 31.532179884310661 ], [ 118.539099535459769, 31.532191294092257 ], [ 118.539112852727854, 31.533003022999242 ], [ 118.540060566735036, 31.532991612856939 ] ] ] } },
{ "type": "Feature", "properties": { "area_m2": 8099.9999999371357, "area_km2": 0.0080999999999371349, "distance_m": 2806.5533054405523, "relative_position": "后方" }, "geometry": { "type": "Polygon", "coordinates": [ [ [ 118.539112852727854, 31.533003022999242 ], [ 118.539099535459769, 31.532191294092257 ], [ 118.538151829106994, 31.532202696855748 ], [ 118.538165138182819, 31.533014426123206 ], [ 118.539112852727854, 31.533003022999242 ] ] ] } },
{ "type": "Feature", "properties": { "area_m2": 8100.0000001257285, "area_km2": 0.0081000000001257288, "distance_m": 2746.8701661539048, "relative_position": "后方" }, "geometry": { "type": "Polygon", "coordinates": [ [ [ 118.538165138182819, 31.533014426123206 ], [ 118.538151829106994, 31.532202696855748 ], [ 118.53720412221665, 31.532214092601123 ], [ 118.537217423100174, 31.53302582222884 ], [ 118.538165138182819, 31.533014426123206 ] ] ] } },
{ "type": "Feature", "properties": { "area_m2": 8100.0000000104774, "area_km2": 0.0081000000000104773, "distance_m": 2688.8637937972212, "relative_position": "后方" }, "geometry": { "type": "Polygon", "coordinates": [ [ [ 118.537217423100174, 31.53302582222884 ], [ 118.53720412221665, 31.532214092601123 ], [ 118.536256414789094, 31.532225481328364 ], [ 118.536269707480301, 31.533037211316127 ], [ 118.537217423100174, 31.53302582222884 ] ] ] } },
{ "type": "Feature", "properties": { "area_m2": 8099.9999999842839, "area_km2": 0.0080999999999842847, "distance_m": 2632.6450287923617, "relative_position": "后方" }, "geometry": { "type": "Polygon", "coordinates": [ [ [ 118.536269707480301, 31.533037211316127 ], [ 118.536256414789094, 31.532225481328364 ], [ 118.535308706824637, 31.532236863037472 ], [ 118.535321991323528, 31.533048593385047 ], [ 118.536269707480301, 31.533037211316127 ] ] ] } },
{ "type": "Feature", "properties": { "area_m2": 8099.9999999895226, "area_km2": 0.0080999999999895218, "distance_m": 2578.3308095408242, "relative_position": "后方" }, "geometry": { "type": "Polygon", "coordinates": [ [ [ 118.535321991323528, 31.533048593385047 ], [ 118.535308706824637, 31.532236863037472 ], [ 118.534360998323649, 31.532248237728417 ], [ 118.534374274630153, 31.533059968435584 ], [ 118.535321991323528, 31.533048593385047 ] ] ] } },
{ "type": "Feature", "properties": { "area_m2": 8099.9999999423744, "area_km2": 0.0080999999999423738, "distance_m": 2526.0439949990914, "relative_position": "后方" }, "geometry": { "type": "Polygon", "coordinates": [ [ [ 118.534374274630153, 31.533059968435584 ], [ 118.534360998323649, 31.532248237728417 ], [ 118.533413289286401, 31.53225960540119 ], [ 118.533426557400574, 31.533071336467721 ], [ 118.534374274630153, 31.533059968435584 ] ] ] } },
{ "type": "Feature", "properties": { "area_m2": 8100.0000000052387, "area_km2": 0.0081000000000052384, "distance_m": 2881.4876222964385, "relative_position": "后方" }, "geometry": { "type": "Polygon", "coordinates": [ [ [ 118.500230156884143, 31.531841308780983 ], [ 118.500217176563552, 31.531029565060273 ], [ 118.499269464827478, 31.531040679367003 ], [ 118.499282436955667, 31.531852423439087 ], [ 118.500230156884143, 31.531841308780983 ] ] ] } },
{ "type": "Feature", "properties": { "area_m2": 8099.9999999057036, "area_km2": 0.0080999999999057035, "distance_m": 2938.2331249324852, "relative_position": "后方" }, "geometry": { "type": "Polygon", "coordinates": [ [ [ 118.499282436955667, 31.531852423439087 ], [ 118.499269464827478, 31.531040679367003 ], [ 118.498321752567435, 31.531051786655489 ], [ 118.498334716503237, 31.531863531078734 ], [ 118.499282436955667, 31.531852423439087 ] ] ] } },
{ "type": "Feature", "properties": { "area_m2": 8100.0000000419095, "area_km2": 0.0081000000000419087, "distance_m": 2996.5974120166752, "relative_position": "后方" }, "geometry": { "type": "Polygon", "coordinates": [ [ [ 118.498334716503237, 31.531863531078734 ], [ 118.498321752567435, 31.531051786655489 ], [ 118.497374039783779, 31.531062886925742 ], [ 118.497386995527123, 31.531874631699903 ], [ 118.498334716503237, 31.531863531078734 ] ] ] } },
{ "type": "Feature", "properties": { "area_m2": 8099.9999999633292, "area_km2": 0.0080999999999633292, "distance_m": 2502.2799707622967, "relative_position": "后方" }, "geometry": { "type": "Polygon", "coordinates": [ [ [ 118.505929495433875, 31.532586214945397 ], [ 118.505916465433046, 31.531774473445598 ], [ 118.504968748655358, 31.531785630214131 ], [ 118.504981770463573, 31.532597372066654 ], [ 118.505929495433875, 31.532586214945397 ] ] ] } },
{ "type": "Feature", "properties": { "area_m2": 8100.0000000523869, "area_km2": 0.0081000000000523865, "distance_m": 2548.4927592646659, "relative_position": "后方" }, "geometry": { "type": "Polygon", "coordinates": [ [ [ 118.504981770463573, 31.532597372066654 ], [ 118.504968748655358, 31.531785630214131 ], [ 118.504021031351698, 31.531796779964303 ], [ 118.504034044967298, 31.532608522169319 ], [ 118.504981770463573, 31.532597372066654 ] ] ] } },
{ "type": "Feature", "properties": { "area_m2": 8099.9999999371357, "area_km2": 0.0080999999999371349, "distance_m": 2596.9914742057122, "relative_position": "后方" }, "geometry": { "type": "Polygon", "coordinates": [ [ [ 118.504034044967298, 31.532608522169319 ], [ 118.504021031351698, 31.531796779964303 ], [ 118.503073313522435, 31.531807922696089 ], [ 118.503086318945378, 31.532619665253371 ], [ 118.504034044967298, 31.532608522169319 ] ] ] } },
{ "type": "Feature", "properties": { "area_m2": 8100.0000000052387, "area_km2": 0.0081000000000052384, "distance_m": 2647.6505030947224, "relative_position": "后方" }, "geometry": { "type": "Polygon", "coordinates": [ [ [ 118.503086318945378, 31.532619665253371 ], [ 118.503073313522435, 31.531807922696089 ], [ 118.502125595167868, 31.531819058409472 ], [ 118.50213859239814, 31.532630801318803 ], [ 118.503086318945378, 31.532619665253371 ] ] ] } },
{ "type": "Feature", "properties": { "area_m2": 8100.0000001414446, "area_km2": 0.0081000000001414454, "distance_m": 2700.3482678238511, "relative_position": "后方" }, "geometry": { "type": "Polygon", "coordinates": [ [ [ 118.50213859239814, 31.532630801318803 ], [ 118.502125595167868, 31.531819058409472 ], [ 118.50117787628831, 31.53183018710444 ], [ 118.50119086532591, 31.532641930365589 ], [ 118.50213859239814, 31.532630801318803 ] ] ] } },
{ "type": "Feature", "properties": { "area_m2": 8099.9999999842839, "area_km2": 0.0080999999999842847, "distance_m": 2754.967781169481, "relative_position": "后方" }, "geometry": { "type": "Polygon", "coordinates": [ [ [ 118.50119086532591, 31.532641930365589 ], [ 118.50117787628831, 31.53183018710444 ], [ 118.500230156884143, 31.531841308780983 ], [ 118.500243137729043, 31.532653052393741 ], [ 118.50119086532591, 31.532641930365589 ] ] ] } },
{ "type": "Feature", "properties": { "area_m2": 8099.9999999476131, "area_km2": 0.0080999999999476126, "distance_m": 2811.397041499406, "relative_position": "后方" }, "geometry": { "type": "Polygon", "coordinates": [ [ [ 118.500243137729043, 31.532653052393741 ], [ 118.500230156884143, 31.531841308780983 ], [ 118.499282436955667, 31.531852423439087 ], [ 118.499295409607853, 31.532664167403219 ], [ 118.500243137729043, 31.532653052393741 ] ] ] } },
{ "type": "Feature", "properties": { "area_m2": 8100.0000000942964, "area_km2": 0.0081000000000942957, "distance_m": 2461.1063453159054, "relative_position": "后方" }, "geometry": { "type": "Polygon", "coordinates": [ [ [ 118.508759612607079, 31.531740961029847 ], [ 118.508746558555814, 31.530929220481504 ], [ 118.507798851550206, 31.530940397951714 ], [ 118.507811897409226, 31.531752138853431 ], [ 118.508759612607079, 31.531740961029847 ] ] ] } },
{ "type": "Feature", "properties": { "area_m2": 8100.0000000628643, "area_km2": 0.0081000000000628642, "distance_m": 2498.4065996519153, "relative_position": "后方" }, "geometry": { "type": "Polygon", "coordinates": [ [ [ 118.507811897409226, 31.531752138853431 ], [ 118.507798851550206, 31.530940397951714 ], [ 118.506851144017645, 31.530951568403815 ], [ 118.506864181684449, 31.531763309658679 ], [ 118.507811897409226, 31.531752138853431 ] ] ] } },
{ "type": "Feature", "properties": { "area_m2": 8099.9999999685679, "area_km2": 0.0080999999999685681, "distance_m": 2538.3391555913945, "relative_position": "后方" }, "geometry": { "type": "Polygon", "coordinates": [ [ [ 118.506864181684449, 31.531763309658679 ], [ 118.506851144017645, 31.530951568403815 ], [ 118.505903435958516, 31.5309627318378 ], [ 118.505916465433046, 31.531774473445598 ], [ 118.506864181684449, 31.531763309658679 ] ] ] } },
{ "type": "Feature", "properties": { "area_m2": 8099.9999998795101, "area_km2": 0.0080999999998795109, "distance_m": 2310.0734351768774, "relative_position": "后方" }, "geometry": { "type": "Polygon", "coordinates": [ [ [ 118.510668112384167, 31.532530324060662 ], [ 118.510655041420563, 31.531718584327738 ], [ 118.509707327277653, 31.531729776187948 ], [ 118.509720390048713, 31.532541516274684 ], [ 118.510668112384167, 31.532530324060662 ] ] ] } },
{ "type": "Feature", "properties": { "area_m2": 8100.0000000314321, "area_km2": 0.0081000000000314328, "distance_m": 2342.8944472328212, "relative_position": "后方" }, "geometry": { "type": "Polygon", "coordinates": [ [ [ 118.509720390048713, 31.532541516274684 ], [ 118.509707327277653, 31.531729776187948 ], [ 118.508759612607079, 31.531740961029847 ], [ 118.508772667185625, 31.532552701470191 ], [ 118.509720390048713, 31.532541516274684 ] ] ] } },
{ "type": "Feature", "properties": { "area_m2": 8100.0000001257285, "area_km2": 0.0081000000001257288, "distance_m": 2378.6568711571695, "relative_position": "后方" }, "geometry": { "type": "Polygon", "coordinates": [ [ [ 118.508772667185625, 31.532552701470191 ], [ 118.508759612607079, 31.531740961029847 ], [ 118.507811897409226, 31.531752138853431 ], [ 118.507824943795228, 31.53256387964716 ], [ 118.508772667185625, 31.532552701470191 ] ] ] } },
{ "type": "Feature", "properties": { "area_m2": 8100.0000000471482, "area_km2": 0.0081000000000471476, "distance_m": 2417.2301608794983, "relative_position": "后方" }, "geometry": { "type": "Polygon", "coordinates": [ [ [ 118.507824943795228, 31.53256387964716 ], [ 118.507811897409226, 31.531752138853431 ], [ 118.506864181684449, 31.531763309658679 ], [ 118.506877219877879, 31.532575050805558 ], [ 118.507824943795228, 31.53256387964716 ] ] ] } },
{ "type": "Feature", "properties": { "area_m2": 8100.000000068103, "area_km2": 0.0081000000000681031, "distance_m": 2458.4820166198319, "relative_position": "后方" }, "geometry": { "type": "Polygon", "coordinates": [ [ [ 118.506877219877879, 31.532575050805558 ], [ 118.506864181684449, 31.531763309658679 ], [ 118.505916465433046, 31.531774473445598 ], [ 118.505929495433875, 31.532586214945397 ], [ 118.506877219877879, 31.532575050805558 ] ] ] } },
{ "type": "Feature", "properties": { "area_m2": 8099.9999999371357, "area_km2": 0.0080999999999371349, "distance_m": 2225.6901273923249, "relative_position": "后方" }, "geometry": { "type": "Polygon", "coordinates": [ [ [ 118.510681183875704, 31.533342063685584 ], [ 118.510668112384167, 31.532530324060662 ], [ 118.509720390048713, 31.532541516274684 ], [ 118.509733453347408, 31.533353256253434 ], [ 118.510681183875704, 31.533342063685584 ] ] ] } },
{ "type": "Feature", "properties": { "area_m2": 8099.9999999685679, "area_km2": 0.0080999999999685681, "distance_m": 2259.7375319037219, "relative_position": "后方" }, "geometry": { "type": "Polygon", "coordinates": [ [ [ 118.509733453347408, 31.533353256253434 ], [ 118.509720390048713, 31.532541516274684 ], [ 118.508772667185625, 31.532552701470191 ], [ 118.508785722291464, 31.533364441802547 ], [ 118.509733453347408, 31.533353256253434 ] ] ] } },
{ "type": "Feature", "properties": { "area_m2": 8099.9999999685679, "area_km2": 0.0080999999999685681, "distance_m": 2869.5292874806132, "relative_position": "后方" }, "geometry": { "type": "Polygon", "coordinates": [ [ [ 118.499295409607853, 31.532664167403219 ], [ 118.499282436955667, 31.531852423439087 ], [ 118.498334716503237, 31.531863531078734 ], [ 118.498347680962652, 31.532675275394023 ], [ 118.499295409607853, 31.532664167403219 ] ] ] } },
{ "type": "Feature", "properties": { "area_m2": 8099.9999999004649, "area_km2": 0.0080999999999004646, "distance_m": 2929.2631344288147, "relative_position": "后方" }, "geometry": { "type": "Polygon", "coordinates": [ [ [ 118.498347680962652, 31.532675275394023 ], [ 118.498334716503237, 31.531863531078734 ], [ 118.497386995527123, 31.531874631699903 ], [ 118.49739995179381, 31.532686376366136 ], [ 118.498347680962652, 31.532675275394023 ] ] ] } },
{ "type": "Feature", "properties": { "area_m2": 8099.9999999790452, "area_km2": 0.0080999999999790458, "distance_m": 2990.5026127919546, "relative_position": "后方" }, "geometry": { "type": "Polygon", "coordinates": [ [ [ 118.49739995179381, 31.532686376366136 ], [ 118.497386995527123, 31.531874631699903 ], [ 118.496439274027736, 31.531885725302597 ], [ 118.496452222101624, 31.532697470319537 ], [ 118.49739995179381, 31.532686376366136 ] ] ] } },
{ "type": "Feature", "properties": { "area_m2": 8100.0000000157161, "area_km2": 0.0081000000000157162, "distance_m": 2424.5974045448852, "relative_position": "后方" }, "geometry": { "type": "Polygon", "coordinates": [ [ [ 118.505942525961018, 31.533397956337229 ], [ 118.505929495433875, 31.532586214945397 ], [ 118.504981770463573, 31.532597372066654 ], [ 118.50499479279776, 31.53340911381121 ], [ 118.505942525961018, 31.533397956337229 ] ] ] } },
{ "type": "Feature", "properties": { "area_m2": 8100.0000000314321, "area_km2": 0.0081000000000314328, "distance_m": 2472.2631152488129, "relative_position": "后方" }, "geometry": { "type": "Polygon", "coordinates": [ [ [ 118.50499479279776, 31.53340911381121 ], [ 118.504981770463573, 31.532597372066654 ], [ 118.504034044967298, 31.532608522169319 ], [ 118.50404705910853, 31.533420264266368 ], [ 118.50499479279776, 31.53340911381121 ] ] ] } },
{ "type": "Feature", "properties": { "area_m2": 8099.9999999371357, "area_km2": 0.0080999999999371349, "distance_m": 2522.2284446611056, "relative_position": "后方" }, "geometry": { "type": "Polygon", "coordinates": [ [ [ 118.50404705910853, 31.533420264266368 ], [ 118.504034044967298, 31.532608522169319 ], [ 118.503086318945378, 31.532619665253371 ], [ 118.503099324893626, 31.533431407702693 ], [ 118.50404705910853, 31.533420264266368 ] ] ] } },
{ "type": "Feature", "properties": { "area_m2": 8099.9999999423744, "area_km2": 0.0080999999999423738, "distance_m": 2574.3595004279846, "relative_position": "后方" }, "geometry": { "type": "Polygon", "coordinates": [ [ [ 118.503099324893626, 31.533431407702693 ], [ 118.503086318945378, 31.532619665253371 ], [ 118.50213859239814, 31.532630801318803 ], [ 118.502151590153417, 31.533442544120181 ], [ 118.503099324893626, 31.533431407702693 ] ] ] } },
{ "type": "Feature", "properties": { "area_m2": 8100.0000000523869, "area_km2": 0.0081000000000523865, "distance_m": 2628.5274313574064, "relative_position": "后方" }, "geometry": { "type": "Polygon", "coordinates": [ [ [ 118.502151590153417, 31.533442544120181 ], [ 118.50213859239814, 31.532630801318803 ], [ 118.50119086532591, 31.532641930365589 ], [ 118.501203854888175, 31.533453673518803 ], [ 118.502151590153417, 31.533442544120181 ] ] ] } },
{ "type": "Feature", "properties": { "area_m2": 8099.9999999528518, "area_km2": 0.0080999999999528515, "distance_m": 2684.6089477047585, "relative_position": "后方" }, "geometry": { "type": "Polygon", "coordinates": [ [ [ 118.501203854888175, 31.533453673518803 ], [ 118.50119086532591, 31.532641930365589 ], [ 118.500243137729043, 31.532653052393741 ], [ 118.500256119098268, 31.533464795898556 ], [ 118.501203854888175, 31.533453673518803 ] ] ] } },
{ "type": "Feature", "properties": { "area_m2": 8099.9999999790452, "area_km2": 0.0080999999999790458, "distance_m": 2742.4866611722027, "relative_position": "后方" }, "geometry": { "type": "Polygon", "coordinates": [ [ [ 118.500256119098268, 31.533464795898556 ], [ 118.500243137729043, 31.532653052393741 ], [ 118.499295409607853, 31.532664167403219 ], [ 118.499308382783994, 31.533475911259423 ], [ 118.500256119098268, 31.533464795898556 ] ] ] } },
{ "type": "Feature", "properties": { "area_m2": 8100.0000001414446, "area_km2": 0.0081000000001414454, "distance_m": 2210.6488998867867, "relative_position": "后方" }, "geometry": { "type": "Polygon", "coordinates": [ [ [ 118.514458996443096, 31.532485485019535 ], [ 118.514445892709645, 31.531673746704111 ], [ 118.513498180680443, 31.531684966637414 ], [ 118.51351127622145, 31.532496705307551 ], [ 118.514458996443096, 31.532485485019535 ] ] ] } },
{ "type": "Feature", "properties": { "area_m2": 8100.0000000942964, "area_km2": 0.0081000000000942957, "distance_m": 2091.9636053989816, "relative_position": "后方" }, "geometry": { "type": "Polygon", "coordinates": [ [ [ 118.516367555946402, 31.533274760885455 ], [ 118.516354435298183, 31.532463023388168 ], [ 118.515406716135431, 31.532474257713073 ], [ 118.515419828590936, 31.533285995565532 ], [ 118.516367555946402, 31.533274760885455 ] ] ] } },
{ "type": "Feature", "properties": { "area_m2": 8100.0000000104774, "area_km2": 0.0081000000000104773, "distance_m": 2105.2779390637429, "relative_position": "后方" }, "geometry": { "type": "Polygon", "coordinates": [ [ [ 118.515419828590936, 31.533285995565532 ], [ 118.515406716135431, 31.532474257713073 ], [ 118.514458996443096, 31.532485485019535 ], [ 118.514472100705831, 31.533297223226931 ], [ 118.515419828590936, 31.533285995565532 ] ] ] } },
{ "type": "Feature", "properties": { "area_m2": 8100.0000000104774, "area_km2": 0.0081000000000104773, "distance_m": 2122.3142052950334, "relative_position": "后方" }, "geometry": { "type": "Polygon", "coordinates": [ [ [ 118.514472100705831, 31.533297223226931 ], [ 118.514458996443096, 31.532485485019535 ], [ 118.51351127622145, 31.532496705307551 ], [ 118.513524372291428, 31.533308443869654 ], [ 118.514472100705831, 31.533297223226931 ] ] ] } },
{ "type": "Feature", "properties": { "area_m2": 8099.9999998271232, "area_km2": 0.008099999999827124, "distance_m": 2002.4619550051284, "relative_position": "后方" }, "geometry": { "type": "Polygon", "coordinates": [ [ [ 118.516380677124587, 31.534086498274714 ], [ 118.516367555946402, 31.533274760885455 ], [ 118.515419828590936, 31.533285995565532 ], [ 118.51543294157608, 31.534097733309949 ], [ 118.516380677124587, 31.534086498274714 ] ] ] } },
{ "type": "Feature", "properties": { "area_m2": 8100.0000000052387, "area_km2": 0.0081000000000052384, "distance_m": 2016.3678800806401, "relative_position": "后方" }, "geometry": { "type": "Polygon", "coordinates": [ [ [ 118.51543294157608, 31.534097733309949 ], [ 118.515419828590936, 31.533285995565532 ], [ 118.514472100705831, 31.533297223226931 ], [ 118.514485205497877, 31.534108961326286 ], [ 118.51543294157608, 31.534097733309949 ] ] ] } },
{ "type": "Feature", "properties": { "area_m2": 8100.0000000261934, "area_km2": 0.0081000000000261939, "distance_m": 2034.1494250177368, "relative_position": "后方" }, "geometry": { "type": "Polygon", "coordinates": [ [ [ 118.514485205497877, 31.534108961326286 ], [ 118.514472100705831, 31.533297223226931 ], [ 118.513524372291428, 31.533308443869654 ], [ 118.513537468890377, 31.534120182323729 ], [ 118.514485205497877, 31.534108961326286 ] ] ] } },
{ "type": "Feature", "properties": { "area_m2": 8099.9999999790452, "area_km2": 0.0080999999999790458, "distance_m": 1913.0324851864366, "relative_position": "后方" }, "geometry": { "type": "Polygon", "coordinates": [ [ [ 118.516393798832766, 31.534898235555914 ], [ 118.516380677124587, 31.534086498274714 ], [ 118.51543294157608, 31.534097733309949 ], [ 118.515446055090834, 31.534909470946321 ], [ 118.516393798832766, 31.534898235555914 ] ] ] } },
{ "type": "Feature", "properties": { "area_m2": 8100.0000000104774, "area_km2": 0.0081000000000104773, "distance_m": 1927.5842169351868, "relative_position": "后方" }, "geometry": { "type": "Polygon", "coordinates": [ [ [ 118.515446055090834, 31.534909470946321 ], [ 118.51543294157608, 31.534097733309949 ], [ 118.514485205497877, 31.534108961326286 ], [ 118.514498310819249, 31.534920699317617 ], [ 118.515446055090834, 31.534909470946321 ] ] ] } },
{ "type": "Feature", "properties": { "area_m2": 8100.0000000942964, "area_km2": 0.0081000000000942957, "distance_m": 1946.1776497224701, "relative_position": "后方" }, "geometry": { "type": "Polygon", "coordinates": [ [ [ 118.514498310819249, 31.534920699317617 ], [ 118.514485205497877, 31.534108961326286 ], [ 118.513537468890377, 31.534120182323729 ], [ 118.51355056601831, 31.534931920669774 ], [ 118.514498310819249, 31.534920699317617 ] ] ] } },
{ "type": "Feature", "properties": { "area_m2": 8100.0000001309672, "area_km2": 0.0081000000001309677, "distance_m": 2802.0492726647594, "relative_position": "后方" }, "geometry": { "type": "Polygon", "coordinates": [ [ [ 118.499308382783994, 31.533475911259423 ], [ 118.499295409607853, 31.532664167403219 ], [ 118.498347680962652, 31.532675275394023 ], [ 118.498360645945738, 31.533487019601392 ], [ 118.499308382783994, 31.533475911259423 ] ] ] } },
{ "type": "Feature", "properties": { "area_m2": 8099.9999999476131, "area_km2": 0.0080999999999476126, "distance_m": 2863.1916345927152, "relative_position": "后方" }, "geometry": { "type": "Polygon", "coordinates": [ [ [ 118.498360645945738, 31.533487019601392 ], [ 118.498347680962652, 31.532675275394023 ], [ 118.49739995179381, 31.532686376366136 ], [ 118.497412908583797, 31.533498120924452 ], [ 118.498360645945738, 31.533487019601392 ] ] ] } },
{ "type": "Feature", "properties": { "area_m2": 8100.0000000052387, "area_km2": 0.0081000000000052384, "distance_m": 2347.8154554836015, "relative_position": "后方" }, "geometry": { "type": "Polygon", "coordinates": [ [ [ 118.505955557014474, 31.53420969762109 ], [ 118.505942525961018, 31.533397956337229 ], [ 118.50499479279776, 31.53340911381121 ], [ 118.505007815657962, 31.534220855447789 ], [ 118.505955557014474, 31.53420969762109 ] ] ] } },
{ "type": "Feature", "properties": { "area_m2": 8099.9999999685679, "area_km2": 0.0080999999999685681, "distance_m": 2397.0089278238142, "relative_position": "后方" }, "geometry": { "type": "Polygon", "coordinates": [ [ [ 118.505007815657962, 31.534220855447789 ], [ 118.50499479279776, 31.53340911381121 ], [ 118.50404705910853, 31.533420264266368 ], [ 118.504060073775435, 31.534232006255447 ], [ 118.505007815657962, 31.534220855447789 ] ] ] } },
{ "type": "Feature", "properties": { "area_m2": 8099.9999998899875, "area_km2": 0.0080999999998899869, "distance_m": 2448.5108258416412, "relative_position": "后方" }, "geometry": { "type": "Polygon", "coordinates": [ [ [ 118.504060073775435, 31.534232006255447 ], [ 118.50404705910853, 31.533420264266368 ], [ 118.503099324893626, 31.533431407702693 ], [ 118.503112331367234, 31.534243150044048 ], [ 118.504060073775435, 31.534232006255447 ] ] ] } },
{ "type": "Feature", "properties": { "area_m2": 8099.9999998428393, "area_km2": 0.0080999999998428388, "distance_m": 2502.1786148892384, "relative_position": "后方" }, "geometry": { "type": "Polygon", "coordinates": [ [ [ 118.503112331367234, 31.534243150044048 ], [ 118.503099324893626, 31.533431407702693 ], [ 118.502151590153417, 31.533442544120181 ], [ 118.502164588433672, 31.534254286813592 ], [ 118.503112331367234, 31.534243150044048 ] ] ] } },
{ "type": "Feature", "properties": { "area_m2": 8099.9999999476131, "area_km2": 0.0080999999999476126, "distance_m": 2557.8759713710751, "relative_position": "后方" }, "geometry": { "type": "Polygon", "coordinates": [ [ [ 118.502164588433672, 31.534254286813592 ], [ 118.502151590153417, 31.533442544120181 ], [ 118.501203854888175, 31.533453673518803 ], [ 118.50121684497509, 31.534265416564057 ], [ 118.502164588433672, 31.534254286813592 ] ] ] } },
{ "type": "Feature", "properties": { "area_m2": 8099.9999999685679, "area_km2": 0.0080999999999685681, "distance_m": 2615.4732404988886, "relative_position": "后方" }, "geometry": { "type": "Polygon", "coordinates": [ [ [ 118.50121684497509, 31.534265416564057 ], [ 118.501203854888175, 31.533453673518803 ], [ 118.500256119098268, 31.533464795898556 ], [ 118.500269100991801, 31.534276539295423 ], [ 118.50121684497509, 31.534265416564057 ] ] ] } },
{ "type": "Feature", "properties": { "area_m2": 8100.0, "area_km2": 0.0081, "distance_m": 2674.847695953842, "relative_position": "后方" }, "geometry": { "type": "Polygon", "coordinates": [ [ [ 118.500269100991801, 31.534276539295423 ], [ 118.500256119098268, 31.533464795898556 ], [ 118.499308382783994, 31.533475911259423 ], [ 118.499321356484174, 31.534287655007688 ], [ 118.500269100991801, 31.534276539295423 ] ] ] } },
{ "type": "Feature", "properties": { "area_m2": 8099.9999999580905, "area_km2": 0.0080999999999580904, "distance_m": 2735.8836368534144, "relative_position": "后方" }, "geometry": { "type": "Polygon", "coordinates": [ [ [ 118.499321356484174, 31.534287655007688 ], [ 118.499308382783994, 31.533475911259423 ], [ 118.498360645945738, 31.533487019601392 ], [ 118.498373611452521, 31.534298763700821 ], [ 118.499321356484174, 31.534287655007688 ] ] ] } },
{ "type": "Feature", "properties": { "area_m2": 8100.0000000471482, "area_km2": 0.0081000000000471476, "distance_m": 2296.7955690209837, "relative_position": "后方" }, "geometry": { "type": "Polygon", "coordinates": [ [ [ 118.508785722291464, 31.533364441802547 ], [ 118.508772667185625, 31.532552701470191 ], [ 118.507824943795228, 31.53256387964716 ], [ 118.507837990708182, 31.53337562033289 ], [ 118.508785722291464, 31.533364441802547 ] ] ] } },
{ "type": "Feature", "properties": { "area_m2": 8099.9999999266583, "area_km2": 0.0080999999999266589, "distance_m": 2336.7210096179115, "relative_position": "后方" }, "geometry": { "type": "Polygon", "coordinates": [ [ [ 118.507837990708182, 31.53337562033289 ], [ 118.507824943795228, 31.53256387964716 ], [ 118.506877219877879, 31.532575050805558 ], [ 118.50689025859792, 31.533386791844457 ], [ 118.507837990708182, 31.53337562033289 ] ] ] } },
{ "type": "Feature", "properties": { "area_m2": 8099.9999999580905, "area_km2": 0.0080999999999580904, "distance_m": 2379.3695175687562, "relative_position": "后方" }, "geometry": { "type": "Polygon", "coordinates": [ [ [ 118.50689025859792, 31.533386791844457 ], [ 118.506877219877879, 31.532575050805558 ], [ 118.505929495433875, 31.532586214945397 ], [ 118.505942525961018, 31.533397956337229 ], [ 118.50689025859792, 31.533386791844457 ] ] ] } },
{ "type": "Feature", "properties": { "area_m2": 8099.9999999895226, "area_km2": 0.0080999999999895218, "distance_m": 2141.7868944415777, "relative_position": "后方" }, "geometry": { "type": "Polygon", "coordinates": [ [ [ 118.510694255895245, 31.534153803202486 ], [ 118.510681183875704, 31.533342063685584 ], [ 118.509733453347408, 31.533353256253434 ], [ 118.509746517173753, 31.534164996124179 ], [ 118.510694255895245, 31.534153803202486 ] ] ] } },
{ "type": "Feature", "properties": { "area_m2": 8099.9999999109423, "area_km2": 0.0080999999999109423, "distance_m": 2177.1472920554152, "relative_position": "后方" }, "geometry": { "type": "Polygon", "coordinates": [ [ [ 118.509746517173753, 31.534164996124179 ], [ 118.509733453347408, 31.533353256253434 ], [ 118.508785722291464, 31.533364441802547 ], [ 118.508798777924611, 31.534176182026886 ], [ 118.509746517173753, 31.534164996124179 ] ] ] } },
{ "type": "Feature", "properties": { "area_m2": 8099.9999998533167, "area_km2": 0.0080999999998533165, "distance_m": 2215.5876336216943, "relative_position": "后方" }, "geometry": { "type": "Polygon", "coordinates": [ [ [ 118.508798777924611, 31.534176182026886 ], [ 118.508785722291464, 31.533364441802547 ], [ 118.507837990708182, 31.53337562033289 ], [ 118.507851038148146, 31.534187360910632 ], [ 118.508798777924611, 31.534176182026886 ] ] ] } },
{ "type": "Feature", "properties": { "area_m2": 8099.9999999895226, "area_km2": 0.0080999999999895218, "distance_m": 2256.9505553607241, "relative_position": "后方" }, "geometry": { "type": "Polygon", "coordinates": [ [ [ 118.507851038148146, 31.534187360910632 ], [ 118.507837990708182, 31.53337562033289 ], [ 118.50689025859792, 31.533386791844457 ], [ 118.506903297844644, 31.534198532775363 ], [ 118.507851038148146, 31.534187360910632 ] ] ] } },
{ "type": "Feature", "properties": { "area_m2": 8099.9999999528518, "area_km2": 0.0080999999999528515, "distance_m": 2301.0784619053788, "relative_position": "后方" }, "geometry": { "type": "Polygon", "coordinates": [ [ [ 118.506903297844644, 31.534198532775363 ], [ 118.50689025859792, 31.533386791844457 ], [ 118.505942525961018, 31.533397956337229 ], [ 118.505955557014474, 31.53420969762109 ], [ 118.506903297844644, 31.534198532775363 ] ] ] } },
{ "type": "Feature", "properties": { "area_m2": 8100.0000000785803, "area_km2": 0.0081000000000785808, "distance_m": 2058.4224405598457, "relative_position": "后方" }, "geometry": { "type": "Polygon", "coordinates": [ [ [ 118.510707328442777, 31.534965542611381 ], [ 118.510694255895245, 31.534153803202486 ], [ 118.509746517173753, 31.534164996124179 ], [ 118.509759581527774, 31.534976735886914 ], [ 118.510707328442777, 31.534965542611381 ] ] ] } },
{ "type": "Feature", "properties": { "area_m2": 8100.0000000366708, "area_km2": 0.0081000000000366716, "distance_m": 2095.190740552694, "relative_position": "后方" }, "geometry": { "type": "Polygon", "coordinates": [ [ [ 118.509759581527774, 31.534976735886914 ], [ 118.509746517173753, 31.534164996124179 ], [ 118.508798777924611, 31.534176182026886 ], [ 118.508811834085108, 31.534987922143241 ], [ 118.509759581527774, 31.534976735886914 ] ] ] } },
{ "type": "Feature", "properties": { "area_m2": 8099.9999999476131, "area_km2": 0.0080999999999476126, "distance_m": 2142.9836437901072, "relative_position": "后方" }, "geometry": { "type": "Polygon", "coordinates": [ [ [ 118.513524372291428, 31.533308443869654 ], [ 118.51351127622145, 31.532496705307551 ], [ 118.512563555470862, 31.532507918577071 ], [ 118.512576643348055, 31.533319657493671 ], [ 118.513524372291428, 31.533308443869654 ] ] ] } },
{ "type": "Feature", "properties": { "area_m2": 8099.9999999842839, "area_km2": 0.0080999999999842847, "distance_m": 2167.1823067551454, "relative_position": "后方" }, "geometry": { "type": "Polygon", "coordinates": [ [ [ 118.512576643348055, 31.533319657493671 ], [ 118.512563555470862, 31.532507918577071 ], [ 118.511615834191659, 31.532519124828116 ], [ 118.511628913876038, 31.533330864098989 ], [ 118.512576643348055, 31.533319657493671 ] ] ] } },
{ "type": "Feature", "properties": { "area_m2": 8099.9999999790452, "area_km2": 0.0080999999999790458, "distance_m": 2194.7934665503253, "relative_position": "后方" }, "geometry": { "type": "Polygon", "coordinates": [ [ [ 118.511628913876038, 31.533330864098989 ], [ 118.511615834191659, 31.532519124828116 ], [ 118.510668112384167, 31.532530324060662 ], [ 118.510681183875704, 31.533342063685584 ], [ 118.511628913876038, 31.533330864098989 ] ] ] } },
{ "type": "Feature", "properties": { "area_m2": 8099.9999998742715, "area_km2": 0.008099999999874272, "distance_m": 2055.7060254427292, "relative_position": "后方" }, "geometry": { "type": "Polygon", "coordinates": [ [ [ 118.513537468890377, 31.534120182323729 ], [ 118.513524372291428, 31.533308443869654 ], [ 118.512576643348055, 31.533319657493671 ], [ 118.512589731753891, 31.534131396302243 ], [ 118.513537468890377, 31.534120182323729 ] ] ] } },
{ "type": "Feature", "properties": { "area_m2": 8100.0000000419095, "area_km2": 0.0081000000000419087, "distance_m": 2080.9203690650479, "relative_position": "后方" }, "geometry": { "type": "Polygon", "coordinates": [ [ [ 118.512589731753891, 31.534131396302243 ], [ 118.512576643348055, 31.533319657493671 ], [ 118.511628913876038, 31.533330864098989 ], [ 118.511641994088734, 31.534142603261831 ], [ 118.512589731753891, 31.534131396302243 ] ] ] } },
{ "type": "Feature", "properties": { "area_m2": 8099.9999999895226, "area_km2": 0.0080999999999895218, "distance_m": 2109.661313260583, "relative_position": "后方" }, "geometry": { "type": "Polygon", "coordinates": [ [ [ 118.511641994088734, 31.534142603261831 ], [ 118.511628913876038, 31.533330864098989 ], [ 118.510681183875704, 31.533342063685584 ], [ 118.510694255895245, 31.534153803202486 ], [ 118.511641994088734, 31.534142603261831 ] ] ] } },
{ "type": "Feature", "properties": { "area_m2": 8099.9999998899875, "area_km2": 0.0080999999998899869, "distance_m": 1968.698274859996, "relative_position": "后方" }, "geometry": { "type": "Polygon", "coordinates": [ [ [ 118.51355056601831, 31.534931920669774 ], [ 118.513537468890377, 31.534120182323729 ], [ 118.512589731753891, 31.534131396302243 ], [ 118.512602820688357, 31.534943135002798 ], [ 118.51355056601831, 31.534931920669774 ] ] ] } },
{ "type": "Feature", "properties": { "area_m2": 8100.0000000261934, "area_km2": 0.0081000000000261939, "distance_m": 1995.0131047658042, "relative_position": "后方" }, "geometry": { "type": "Polygon", "coordinates": [ [ [ 118.512602820688357, 31.534943135002798 ], [ 118.512589731753891, 31.534131396302243 ], [ 118.511641994088734, 31.534142603261831 ], [ 118.511655074829733, 31.534954342316677 ], [ 118.512602820688357, 31.534943135002798 ] ] ] } },
{ "type": "Feature", "properties": { "area_m2": 8099.9999999476131, "area_km2": 0.0080999999999476126, "distance_m": 2024.9742299269947, "relative_position": "后方" }, "geometry": { "type": "Polygon", "coordinates": [ [ [ 118.511655074829733, 31.534954342316677 ], [ 118.511641994088734, 31.534142603261831 ], [ 118.510694255895245, 31.534153803202486 ], [ 118.510707328442777, 31.534965542611381 ], [ 118.511655074829733, 31.534954342316677 ] ] ] } },
{ "type": "Feature", "properties": { "area_m2": 8099.9999999214197, "area_km2": 0.0080999999999214201, "distance_m": 1881.9978200067626, "relative_position": "后方" }, "geometry": { "type": "Polygon", "coordinates": [ [ [ 118.513563663675257, 31.53574365890778 ], [ 118.51355056601831, 31.534931920669774 ], [ 118.512602820688357, 31.534943135002798 ], [ 118.512615910151538, 31.535754873595323 ], [ 118.513563663675257, 31.53574365890778 ] ] ] } },
{ "type": "Feature", "properties": { "area_m2": 8100.0000001623994, "area_km2": 0.0081000000001623992, "distance_m": 2272.0254317502549, "relative_position": "后方" }, "geometry": { "type": "Polygon", "coordinates": [ [ [ 118.505968588594286, 31.535021438796967 ], [ 118.505955557014474, 31.53420969762109 ], [ 118.505007815657962, 31.534220855447789 ], [ 118.50502083904415, 31.535032596976389 ], [ 118.505968588594286, 31.535021438796967 ] ] ] } },
{ "type": "Feature", "properties": { "area_m2": 8100.0000000104774, "area_km2": 0.0081000000000104773, "distance_m": 2322.8250052401945, "relative_position": "后方" }, "geometry": { "type": "Polygon", "coordinates": [ [ [ 118.50502083904415, 31.535032596976389 ], [ 118.505007815657962, 31.534220855447789 ], [ 118.504060073775435, 31.534232006255447 ], [ 118.504073088968013, 31.535043748136555 ], [ 118.50502083904415, 31.535032596976389 ] ] ] } },
{ "type": "Feature", "properties": { "area_m2": 8100.0000000314321, "area_km2": 0.0081000000000314328, "distance_m": 2375.9359255929771, "relative_position": "后方" }, "geometry": { "type": "Polygon", "coordinates": [ [ [ 118.504073088968013, 31.535043748136555 ], [ 118.504060073775435, 31.534232006255447 ], [ 118.503112331367234, 31.534243150044048 ], [ 118.503125338366161, 31.535054892277447 ], [ 118.504073088968013, 31.535043748136555 ] ] ] } },
{ "type": "Feature", "properties": { "area_m2": 8099.9999999580905, "area_km2": 0.0080999999999580904, "distance_m": 2431.2067230962643, "relative_position": "后方" }, "geometry": { "type": "Polygon", "coordinates": [ [ [ 118.503125338366161, 31.535054892277447 ], [ 118.503112331367234, 31.534243150044048 ], [ 118.502164588433672, 31.534254286813592 ], [ 118.502177587238961, 31.535066029399054 ], [ 118.503125338366161, 31.535054892277447 ] ] ] } },
{ "type": "Feature", "properties": { "area_m2": 8100.0000000733417, "area_km2": 0.0081000000000733419, "distance_m": 2488.4934888162329, "relative_position": "后方" }, "geometry": { "type": "Polygon", "coordinates": [ [ [ 118.502177587238961, 31.535066029399054 ], [ 118.502164588433672, 31.534254286813592 ], [ 118.50121684497509, 31.534265416564057 ], [ 118.501229835586685, 31.535077159501359 ], [ 118.502177587238961, 31.535066029399054 ] ] ] } },
{ "type": "Feature", "properties": { "area_m2": 8100.0000001257285, "area_km2": 0.0081000000001257288, "distance_m": 2547.6602360003762, "relative_position": "后方" }, "geometry": { "type": "Polygon", "coordinates": [ [ [ 118.501229835586685, 31.535077159501359 ], [ 118.50121684497509, 31.534265416564057 ], [ 118.500269100991801, 31.534276539295423 ], [ 118.500282083409715, 31.535088282584354 ], [ 118.501229835586685, 31.535077159501359 ] ] ] } },
{ "type": "Feature", "properties": { "area_m2": 8100.0000000366708, "area_km2": 0.0081000000000366716, "distance_m": 2608.5790477210157, "relative_position": "后方" }, "geometry": { "type": "Polygon", "coordinates": [ [ [ 118.500282083409715, 31.535088282584354 ], [ 118.500269100991801, 31.534276539295423 ], [ 118.499321356484174, 31.534287655007688 ], [ 118.499334330708365, 31.535099398648008 ], [ 118.500282083409715, 31.535088282584354 ] ] ] } },
{ "type": "Feature", "properties": { "area_m2": 8100.0000000052387, "area_km2": 0.0081000000000052384, "distance_m": 2197.3299744173196, "relative_position": "后方" }, "geometry": { "type": "Polygon", "coordinates": [ [ [ 118.505981620700453, 31.535833179864841 ], [ 118.505968588594286, 31.535021438796967 ], [ 118.50502083904415, 31.535032596976389 ], [ 118.505033862956395, 31.535844338397006 ], [ 118.505981620700453, 31.535833179864841 ] ] ] } },
{ "type": "Feature", "properties": { "area_m2": 8099.9999999476131, "area_km2": 0.0080999999999476126, "distance_m": 2249.8172191278395, "relative_position": "后方" }, "geometry": { "type": "Polygon", "coordinates": [ [ [ 118.505033862956395, 31.535844338397006 ], [ 118.50502083904415, 31.535032596976389 ], [ 118.504073088968013, 31.535043748136555 ], [ 118.504086104686309, 31.535855489909686 ], [ 118.505033862956395, 31.535844338397006 ] ] ] } },
{ "type": "Feature", "properties": { "area_m2": 8100.0000000471482, "area_km2": 0.0081000000000471476, "distance_m": 2304.6117017013303, "relative_position": "后方" }, "geometry": { "type": "Polygon", "coordinates": [ [ [ 118.504086104686309, 31.535855489909686 ], [ 118.504073088968013, 31.535043748136555 ], [ 118.503125338366161, 31.535054892277447 ], [ 118.503138345890491, 31.535866634402876 ], [ 118.504086104686309, 31.535855489909686 ] ] ] } },
{ "type": "Feature", "properties": { "area_m2": 8099.999999931897, "area_km2": 0.0080999999999318978, "distance_m": 2135.107616406131, "relative_position": "后方" }, "geometry": { "type": "Polygon", "coordinates": [ [ [ 118.508811834085108, 31.534987922143241 ], [ 118.508798777924611, 31.534176182026886 ], [ 118.507851038148146, 31.534187360910632 ], [ 118.507864086115077, 31.534999101380379 ], [ 118.508811834085108, 31.534987922143241 ] ] ] } },
{ "type": "Feature", "properties": { "area_m2": 8100.0, "area_km2": 0.0081, "distance_m": 2177.9999637557275, "relative_position": "后方" }, "geometry": { "type": "Polygon", "coordinates": [ [ [ 118.507864086115077, 31.534999101380379 ], [ 118.507851038148146, 31.534187360910632 ], [ 118.506903297844644, 31.534198532775363 ], [ 118.506916337618023, 31.535010273598285 ], [ 118.507864086115077, 31.534999101380379 ] ] ] } },
{ "type": "Feature", "properties": { "area_m2": 8099.9999999633292, "area_km2": 0.0080999999999633292, "distance_m": 2223.6956131618658, "relative_position": "后方" }, "geometry": { "type": "Polygon", "coordinates": [ [ [ 118.506916337618023, 31.535010273598285 ], [ 118.506903297844644, 31.534198532775363 ], [ 118.505955557014474, 31.53420969762109 ], [ 118.505968588594286, 31.535021438796967 ], [ 118.506916337618023, 31.535010273598285 ] ] ] } },
{ "type": "Feature", "properties": { "area_m2": 8100.0000000471482, "area_km2": 0.0081000000000471476, "distance_m": 1975.6649677408818, "relative_position": "后方" }, "geometry": { "type": "Polygon", "coordinates": [ [ [ 118.510720401518313, 31.53577728191226 ], [ 118.510707328442777, 31.534965542611381 ], [ 118.509759581527774, 31.534976735886914 ], [ 118.509772646409488, 31.535788475541636 ], [ 118.510720401518313, 31.53577728191226 ] ] ] } },
{ "type": "Feature", "properties": { "area_m2": 8100.0000000157161, "area_km2": 0.0081000000000157162, "distance_m": 2013.9452402834497, "relative_position": "后方" }, "geometry": { "type": "Polygon", "coordinates": [ [ [ 118.509772646409488, 31.535788475541636 ], [ 118.509759581527774, 31.534976735886914 ], [ 118.508811834085108, 31.534987922143241 ], [ 118.508824890772956, 31.535799662151597 ], [ 118.509772646409488, 31.535788475541636 ] ] ] } },
{ "type": "Feature", "properties": { "area_m2": 8100.0000000104774, "area_km2": 0.0081000000000104773, "distance_m": 2055.4410217316481, "relative_position": "后方" }, "geometry": { "type": "Polygon", "coordinates": [ [ [ 118.508824890772956, 31.535799662151597 ], [ 118.508811834085108, 31.534987922143241 ], [ 118.507864086115077, 31.534999101380379 ], [ 118.507877134609046, 31.535810841742123 ], [ 118.508824890772956, 31.535799662151597 ] ] ] } },
{ "type": "Feature", "properties": { "area_m2": 8100.0, "area_km2": 0.0081, "distance_m": 2099.9617065292555, "relative_position": "后方" }, "geometry": { "type": "Polygon", "coordinates": [ [ [ 118.507877134609046, 31.535810841742123 ], [ 118.507864086115077, 31.534999101380379 ], [ 118.506916337618023, 31.535010273598285 ], [ 118.506929377918112, 31.535822014313219 ], [ 118.507877134609046, 31.535810841742123 ] ] ] } },
{ "type": "Feature", "properties": { "area_m2": 8099.9999998795101, "area_km2": 0.0080999999998795109, "distance_m": 2147.3191591730351, "relative_position": "后方" }, "geometry": { "type": "Polygon", "coordinates": [ [ [ 118.506929377918112, 31.535822014313219 ], [ 118.506916337618023, 31.535010273598285 ], [ 118.505968588594286, 31.535021438796967 ], [ 118.505981620700453, 31.535833179864841 ], [ 118.506929377918112, 31.535822014313219 ] ] ] } },
{ "type": "Feature", "properties": { "area_m2": 8100.0000000419095, "area_km2": 0.0081000000000419087, "distance_m": 1933.5004266327787, "relative_position": "后方" }, "geometry": { "type": "Polygon", "coordinates": [ [ [ 118.509785711818893, 31.536600215088352 ], [ 118.509772646409488, 31.535788475541636 ], [ 118.508824890772956, 31.535799662151597 ], [ 118.508837947988184, 31.536611402051946 ], [ 118.509785711818893, 31.536600215088352 ] ] ] } },
{ "type": "Feature", "properties": { "area_m2": 8100.0000000209548, "area_km2": 0.008100000000020955, "distance_m": 1976.6862008310113, "relative_position": "后方" }, "geometry": { "type": "Polygon", "coordinates": [ [ [ 118.508837947988184, 31.536611402051946 ], [ 118.508824890772956, 31.535799662151597 ], [ 118.507877134609046, 31.535810841742123 ], [ 118.507890183630067, 31.536622581995886 ], [ 118.508837947988184, 31.536611402051946 ] ] ] } },
{ "type": "Feature", "properties": { "area_m2": 8100.0000000366708, "area_km2": 0.0081000000000366716, "distance_m": 1909.508382251888, "relative_position": "后方" }, "geometry": { "type": "Polygon", "coordinates": [ [ [ 118.512615910151538, 31.535754873595323 ], [ 118.512602820688357, 31.534943135002798 ], [ 118.511655074829733, 31.534954342316677 ], [ 118.51166815609912, 31.535766081263489 ], [ 118.512615910151538, 31.535754873595323 ] ] ] } },
{ "type": "Feature", "properties": { "area_m2": 8099.9999999685679, "area_km2": 0.0080999999999685681, "distance_m": 1940.7904781829927, "relative_position": "后方" }, "geometry": { "type": "Polygon", "coordinates": [ [ [ 118.51166815609912, 31.535766081263489 ], [ 118.511655074829733, 31.534954342316677 ], [ 118.510707328442777, 31.534965542611381 ], [ 118.510720401518313, 31.53577728191226 ], [ 118.51166815609912, 31.535766081263489 ] ] ] } },
{ "type": "Feature", "properties": { "area_m2": 8100.0000000209548, "area_km2": 0.008100000000020955, "distance_m": 1795.6491717638078, "relative_position": "后方" }, "geometry": { "type": "Polygon", "coordinates": [ [ [ 118.513576761861245, 31.536555397037777 ], [ 118.513563663675257, 31.53574365890778 ], [ 118.512615910151538, 31.535754873595323 ], [ 118.512629000143406, 31.536566612079824 ], [ 118.513576761861245, 31.536555397037777 ] ] ] } },
{ "type": "Feature", "properties": { "area_m2": 8100.0000000366708, "area_km2": 0.0081000000000366716, "distance_m": 1824.462796907377, "relative_position": "后方" }, "geometry": { "type": "Polygon", "coordinates": [ [ [ 118.512629000143406, 31.536566612079824 ], [ 118.512615910151538, 31.535754873595323 ], [ 118.51166815609912, 31.535766081263489 ], [ 118.511681237896852, 31.536577820102284 ], [ 118.512629000143406, 31.536566612079824 ] ] ] } },
{ "type": "Feature", "properties": { "area_m2": 8100.0000001623994, "area_km2": 0.0081000000001623992, "distance_m": 1857.1785039293015, "relative_position": "后方" }, "geometry": { "type": "Polygon", "coordinates": [ [ [ 118.511681237896852, 31.536577820102284 ], [ 118.51166815609912, 31.535766081263489 ], [ 118.510720401518313, 31.53577728191226 ], [ 118.510733475121896, 31.536589021105133 ], [ 118.511681237896852, 31.536577820102284 ] ] ] } },
{ "type": "Feature", "properties": { "area_m2": 8100.0000000157161, "area_km2": 0.0081000000000157162, "distance_m": 1893.5940583602819, "relative_position": "后方" }, "geometry": { "type": "Polygon", "coordinates": [ [ [ 118.510733475121896, 31.536589021105133 ], [ 118.510720401518313, 31.53577728191226 ], [ 118.509772646409488, 31.535788475541636 ], [ 118.509785711818893, 31.536600215088352 ], [ 118.510733475121896, 31.536589021105133 ] ] ] } },
{ "type": "Feature", "properties": { "area_m2": 8099.9999998952262, "area_km2": 0.0080999999998952257, "distance_m": 1709.7056331031824, "relative_position": "后方" }, "geometry": { "type": "Polygon", "coordinates": [ [ [ 118.513589860576246, 31.537367135059718 ], [ 118.513576761861245, 31.536555397037777 ], [ 118.512629000143406, 31.536566612079824 ], [ 118.512642090663974, 31.537378350456294 ], [ 118.513589860576246, 31.537367135059718 ] ] ] } },
{ "type": "Feature", "properties": { "area_m2": 8099.9999999057036, "area_km2": 0.0080999999999057035, "distance_m": 1739.9436738554411, "relative_position": "后方" }, "geometry": { "type": "Polygon", "coordinates": [ [ [ 118.512642090663974, 31.537378350456294 ], [ 118.512629000143406, 31.536566612079824 ], [ 118.511681237896852, 31.536577820102284 ], [ 118.511694320222972, 31.537389558833048 ], [ 118.512642090663974, 31.537378350456294 ] ] ] } },
{ "type": "Feature", "properties": { "area_m2": 8100.0000000995351, "area_km2": 0.0081000000000995345, "distance_m": 1774.2191441381635, "relative_position": "后方" }, "geometry": { "type": "Polygon", "coordinates": [ [ [ 118.511694320222972, 31.537389558833048 ], [ 118.511681237896852, 31.536577820102284 ], [ 118.510733475121896, 31.536589021105133 ], [ 118.510746549253525, 31.537400760189975 ], [ 118.511694320222972, 31.537389558833048 ] ] ] } },
{ "type": "Feature", "properties": { "area_m2": 8099.9999999842839, "area_km2": 0.0080999999999842847, "distance_m": 1812.3029870520736, "relative_position": "后方" }, "geometry": { "type": "Polygon", "coordinates": [ [ [ 118.510746549253525, 31.537400760189975 ], [ 118.510733475121896, 31.536589021105133 ], [ 118.509785711818893, 31.536600215088352 ], [ 118.509798777756046, 31.537411954527055 ], [ 118.510746549253525, 31.537400760189975 ] ] ] } },
{ "type": "Feature", "properties": { "area_m2": 8099.9999999528518, "area_km2": 0.0080999999999528515, "distance_m": 2381.450052108934, "relative_position": "后方" }, "geometry": { "type": "Polygon", "coordinates": [ [ [ 118.529622447781804, 31.532305005910295 ], [ 118.529609212971891, 31.531493273300359 ], [ 118.528661509450615, 31.531504605523818 ], [ 118.528674736068396, 31.532316338492009 ], [ 118.529622447781804, 31.532305005910295 ] ] ] } },
{ "type": "Feature", "properties": { "area_m2": 8100.0000000366708, "area_km2": 0.0081000000000366716, "distance_m": 2345.472787569805, "relative_position": "后方" }, "geometry": { "type": "Polygon", "coordinates": [ [ [ 118.528674736068396, 31.532316338492009 ], [ 118.528661509450615, 31.531504605523818 ], [ 118.527713805395109, 31.531515930729238 ], [ 118.527727023820731, 31.532327664055469 ], [ 118.528674736068396, 31.532316338492009 ] ] ] } },
{ "type": "Feature", "properties": { "area_m2": 8100.000000068103, "area_km2": 0.0081000000000681031, "distance_m": 2428.0714746315025, "relative_position": "后方" }, "geometry": { "type": "Polygon", "coordinates": [ [ [ 118.532478839635047, 31.533082697481465 ], [ 118.532465579713275, 31.532270966055773 ], [ 118.531517869604571, 31.532282319692165 ], [ 118.531531121333941, 31.53309405147678 ], [ 118.532478839635047, 31.533082697481465 ] ] ] } },
{ "type": "Feature", "properties": { "area_m2": 8100.0000001362059, "area_km2": 0.0081000000001362066, "distance_m": 2382.6572219131399, "relative_position": "后方" }, "geometry": { "type": "Polygon", "coordinates": [ [ [ 118.531531121333941, 31.53309405147678 ], [ 118.531517869604571, 31.532282319692165 ], [ 118.530570158960629, 31.532293666310341 ], [ 118.530583402497555, 31.533105398453667 ], [ 118.531531121333941, 31.53309405147678 ] ] ] } },
{ "type": "Feature", "properties": { "area_m2": 8099.9999999580905, "area_km2": 0.0080999999999580904, "distance_m": 2339.8116240877403, "relative_position": "后方" }, "geometry": { "type": "Polygon", "coordinates": [ [ [ 118.530583402497555, 31.533105398453667 ], [ 118.530570158960629, 31.532293666310341 ], [ 118.529622447781804, 31.532305005910295 ], [ 118.529635683126287, 31.533116738412101 ], [ 118.530583402497555, 31.533105398453667 ] ] ] } },
{ "type": "Feature", "properties": { "area_m2": 8100.0000000314321, "area_km2": 0.0081000000000314328, "distance_m": 2299.6782598291893, "relative_position": "后方" }, "geometry": { "type": "Polygon", "coordinates": [ [ [ 118.529635683126287, 31.533116738412101 ], [ 118.529622447781804, 31.532305005910295 ], [ 118.528674736068396, 31.532316338492009 ], [ 118.528687963220406, 31.533128071352074 ], [ 118.529635683126287, 31.533116738412101 ] ] ] } },
{ "type": "Feature", "properties": { "area_m2": 8100.0000000419095, "area_km2": 0.0081000000000419087, "distance_m": 2262.4014763615323, "relative_position": "后方" }, "geometry": { "type": "Polygon", "coordinates": [ [ [ 118.528687963220406, 31.533128071352074 ], [ 118.528674736068396, 31.532316338492009 ], [ 118.527727023820731, 31.532327664055469 ], [ 118.527740242780268, 31.533139397273569 ], [ 118.528687963220406, 31.533128071352074 ] ] ] } },
{ "type": "Feature", "properties": { "area_m2": 8099.9999999214197, "area_km2": 0.0080999999999214201, "distance_m": 2351.3905901012445, "relative_position": "后方" }, "geometry": { "type": "Polygon", "coordinates": [ [ [ 118.532492100092398, 31.533894428798998 ], [ 118.532478839635047, 31.533082697481465 ], [ 118.531531121333941, 31.53309405147678 ], [ 118.531544373598535, 31.533905783153248 ], [ 118.532492100092398, 31.533894428798998 ] ] ] } },
{ "type": "Feature", "properties": { "area_m2": 8099.9999998795101, "area_km2": 0.0080999999998795109, "distance_m": 2304.4661344163846, "relative_position": "后方" }, "geometry": { "type": "Polygon", "coordinates": [ [ [ 118.531544373598535, 31.533905783153248 ], [ 118.531531121333941, 31.53309405147678 ], [ 118.530583402497555, 31.533105398453667 ], [ 118.530596646569435, 31.533917130488842 ], [ 118.531544373598535, 31.533905783153248 ] ] ] } },
{ "type": "Feature", "properties": { "area_m2": 8099.9999999004649, "area_km2": 0.0080999999999004646, "distance_m": 2260.1392142912514, "relative_position": "后方" }, "geometry": { "type": "Polygon", "coordinates": [ [ [ 118.530596646569435, 31.533917130488842 ], [ 118.530583402497555, 31.533105398453667 ], [ 118.529635683126287, 31.533116738412101 ], [ 118.529648919005368, 31.533928470805769 ], [ 118.530596646569435, 31.533917130488842 ] ] ] } },
{ "type": "Feature", "properties": { "area_m2": 8099.9999999947613, "area_km2": 0.0080999999999947607, "distance_m": 2312.4271967619807, "relative_position": "后方" }, "geometry": { "type": "Polygon", "coordinates": [ [ [ 118.527727023820731, 31.532327664055469 ], [ 118.527713805395109, 31.531515930729238 ], [ 118.526766100805716, 31.531527248916621 ], [ 118.526779311039164, 31.532338982600645 ], [ 118.527727023820731, 31.532327664055469 ] ] ] } },
{ "type": "Feature", "properties": { "area_m2": 8100.000000068103, "area_km2": 0.0081000000000681031, "distance_m": 2282.4406225570442, "relative_position": "后方" }, "geometry": { "type": "Polygon", "coordinates": [ [ [ 118.526779311039164, 31.532338982600645 ], [ 118.526766100805716, 31.531527248916621 ], [ 118.525818395682748, 31.531538560085931 ], [ 118.525831597723993, 31.532350294127568 ], [ 118.526779311039164, 31.532338982600645 ] ] ] } },
{ "type": "Feature", "properties": { "area_m2": 8100.0, "area_km2": 0.0081, "distance_m": 2255.6350720552855, "relative_position": "后方" }, "geometry": { "type": "Polygon", "coordinates": [ [ [ 118.525831597723993, 31.532350294127568 ], [ 118.525818395682748, 31.531538560085931 ], [ 118.52487069002656, 31.531549864237185 ], [ 118.524883883875589, 31.532361598636172 ], [ 118.525831597723993, 31.532350294127568 ] ] ] } },
{ "type": "Feature", "properties": { "area_m2": 8100.0000000419095, "area_km2": 0.0081000000000419087, "distance_m": 2228.1246545688118, "relative_position": "后方" }, "geometry": { "type": "Polygon", "coordinates": [ [ [ 118.527740242780268, 31.533139397273569 ], [ 118.527727023820731, 31.532327664055469 ], [ 118.526779311039164, 31.532338982600645 ], [ 118.5267925218062, 31.533150716176582 ], [ 118.527740242780268, 31.533139397273569 ] ] ] } },
{ "type": "Feature", "properties": { "area_m2": 8100.0000002043089, "area_km2": 0.0081000000002043084, "distance_m": 2196.9882162712488, "relative_position": "后方" }, "geometry": { "type": "Polygon", "coordinates": [ [ [ 118.5267925218062, 31.533150716176582 ], [ 118.526779311039164, 31.532338982600645 ], [ 118.525831597723993, 31.532350294127568 ], [ 118.525844800298501, 31.533162028061088 ], [ 118.5267925218062, 31.533150716176582 ] ] ] } },
{ "type": "Feature", "properties": { "area_m2": 8100.0000000052387, "area_km2": 0.0081000000000052384, "distance_m": 2169.127403860291, "relative_position": "后方" }, "geometry": { "type": "Polygon", "coordinates": [ [ [ 118.525844800298501, 31.533162028061088 ], [ 118.525831597723993, 31.532350294127568 ], [ 118.524883883875589, 31.532361598636172 ], [ 118.524897078257553, 31.533173332927081 ], [ 118.525844800298501, 31.533162028061088 ] ] ] } },
{ "type": "Feature", "properties": { "area_m2": 8099.999999931897, "area_km2": 0.0080999999999318978, "distance_m": 2144.3079556669568, "relative_position": "后方" }, "geometry": { "type": "Polygon", "coordinates": [ [ [ 118.527753462273722, 31.53395113038356 ], [ 118.527740242780268, 31.533139397273569 ], [ 118.5267925218062, 31.533150716176582 ], [ 118.526805733106798, 31.533962449644395 ], [ 118.527753462273722, 31.53395113038356 ] ] ] } },
{ "type": "Feature", "properties": { "area_m2": 8099.9999998637941, "area_km2": 0.0080999999998637943, "distance_m": 2111.9366588737489, "relative_position": "后方" }, "geometry": { "type": "Polygon", "coordinates": [ [ [ 118.526805733106798, 31.533962449644395 ], [ 118.5267925218062, 31.533150716176582 ], [ 118.525844800298501, 31.533162028061088 ], [ 118.525858003406285, 31.5339737618865 ], [ 118.526805733106798, 31.533962449644395 ] ] ] } },
{ "type": "Feature", "properties": { "area_m2": 8100.0000000471482, "area_km2": 0.0081000000000471476, "distance_m": 2082.9390334465425, "relative_position": "后方" }, "geometry": { "type": "Polygon", "coordinates": [ [ [ 118.525858003406285, 31.5339737618865 ], [ 118.525844800298501, 31.533162028061088 ], [ 118.524897078257553, 31.533173332927081 ], [ 118.524910273172452, 31.533985067109874 ], [ 118.525858003406285, 31.5339737618865 ] ] ] } },
{ "type": "Feature", "properties": { "area_m2": 8100.0000000942964, "area_km2": 0.0081000000000942957, "distance_m": 2061.036373148022, "relative_position": "后方" }, "geometry": { "type": "Polygon", "coordinates": [ [ [ 118.527766682301149, 31.534762863385428 ], [ 118.527753462273722, 31.53395113038356 ], [ 118.526805733106798, 31.533962449644395 ], [ 118.526818944941056, 31.534774183004092 ], [ 118.527766682301149, 31.534762863385428 ] ] ] } },
{ "type": "Feature", "properties": { "area_m2": 8100.0000000366708, "area_km2": 0.0081000000000366716, "distance_m": 2475.9130370340495, "relative_position": "后方" }, "geometry": { "type": "Polygon", "coordinates": [ [ [ 118.533426557400574, 31.533071336467721 ], [ 118.533413289286401, 31.53225960540119 ], [ 118.532465579713275, 31.532270966055773 ], [ 118.532478839635047, 31.533082697481465 ], [ 118.533426557400574, 31.533071336467721 ] ] ] } },
{ "type": "Feature", "properties": { "area_m2": 8100.000000068103, "area_km2": 0.0081000000000681031, "distance_m": 2803.1795206516213, "relative_position": "后方" }, "geometry": { "type": "Polygon", "coordinates": [ [ [ 118.540073892733616, 31.533803341295023 ], [ 118.540060566735036, 31.532991612856939 ], [ 118.539112852727854, 31.533003022999242 ], [ 118.539126170533876, 31.533814751798023 ], [ 118.540073892733616, 31.533803341295023 ] ] ] } },
{ "type": "Feature", "properties": { "area_m2": 8099.9999999214197, "area_km2": 0.0080999999999214201, "distance_m": 2740.4804830341104, "relative_position": "后方" }, "geometry": { "type": "Polygon", "coordinates": [ [ [ 118.539126170533876, 31.533814751798023 ], [ 118.539112852727854, 31.533003022999242 ], [ 118.538165138182819, 31.533014426123206 ], [ 118.538178447796199, 31.533826155282483 ], [ 118.539126170533876, 31.533814751798023 ] ] ] } },
{ "type": "Feature", "properties": { "area_m2": 8100.0000000052387, "area_km2": 0.0081000000000052384, "distance_m": 2679.3263428643436, "relative_position": "后方" }, "geometry": { "type": "Polygon", "coordinates": [ [ [ 118.538178447796199, 31.533826155282483 ], [ 118.538165138182819, 31.533014426123206 ], [ 118.537217423100174, 31.53302582222884 ], [ 118.537230724520938, 31.53383755174838 ], [ 118.538178447796199, 31.533826155282483 ] ] ] } },
{ "type": "Feature", "properties": { "area_m2": 8100.0000000052387, "area_km2": 0.0081000000000052384, "distance_m": 2619.8252922093516, "relative_position": "后方" }, "geometry": { "type": "Polygon", "coordinates": [ [ [ 118.537230724520938, 31.53383755174838 ], [ 118.537217423100174, 31.53302582222884 ], [ 118.536269707480301, 31.533037211316127 ], [ 118.536283000708409, 31.533848941195707 ], [ 118.537230724520938, 31.53383755174838 ] ] ] } },
{ "type": "Feature", "properties": { "area_m2": 8099.9999998847488, "area_km2": 0.008099999999884748, "distance_m": 2562.0925088617741, "relative_position": "后方" }, "geometry": { "type": "Polygon", "coordinates": [ [ [ 118.536283000708409, 31.533848941195707 ], [ 118.536269707480301, 31.533037211316127 ], [ 118.535321991323528, 31.533048593385047 ], [ 118.535335276358992, 31.533860323624435 ], [ 118.536283000708409, 31.533848941195707 ] ] ] } },
{ "type": "Feature", "properties": { "area_m2": 8100.0000000104774, "area_km2": 0.0081000000000104773, "distance_m": 2506.2501978101268, "relative_position": "后方" }, "geometry": { "type": "Polygon", "coordinates": [ [ [ 118.535335276358992, 31.533860323624435 ], [ 118.535321991323528, 31.533048593385047 ], [ 118.534374274630153, 31.533059968435584 ], [ 118.534387551472946, 31.53387169903457 ], [ 118.535335276358992, 31.533860323624435 ] ] ] } },
{ "type": "Feature", "properties": { "area_m2": 8099.9999998847488, "area_km2": 0.008099999999884748, "distance_m": 2452.4275050452661, "relative_position": "后方" }, "geometry": { "type": "Polygon", "coordinates": [ [ [ 118.534387551472946, 31.53387169903457 ], [ 118.534374274630153, 31.533059968435584 ], [ 118.533426557400574, 31.533071336467721 ], [ 118.533439826050625, 31.533883067426096 ], [ 118.534387551472946, 31.53387169903457 ] ] ] } },
{ "type": "Feature", "properties": { "area_m2": 8099.9999998847488, "area_km2": 0.008099999999884748, "distance_m": 2400.7602712535599, "relative_position": "后方" }, "geometry": { "type": "Polygon", "coordinates": [ [ [ 118.533439826050625, 31.533883067426096 ], [ 118.533426557400574, 31.533071336467721 ], [ 118.532478839635047, 31.533082697481465 ], [ 118.532492100092398, 31.533894428798998 ], [ 118.533439826050625, 31.533883067426096 ] ] ] } },
{ "type": "Feature", "properties": { "area_m2": 8100.0000000052387, "area_km2": 0.0081000000000052384, "distance_m": 2675.8217852647426, "relative_position": "后方" }, "geometry": { "type": "Polygon", "coordinates": [ [ [ 118.53913948887778, 31.534626480488615 ], [ 118.539126170533876, 31.533814751798023 ], [ 118.538178447796199, 31.533826155282483 ], [ 118.538191757947175, 31.534637884333566 ], [ 118.53913948887778, 31.534626480488615 ] ] ] } },
{ "type": "Feature", "properties": { "area_m2": 8100.0000000261934, "area_km2": 0.0081000000000261939, "distance_m": 2106.4224690498431, "relative_position": "后方" }, "geometry": { "type": "Polygon", "coordinates": [ [ [ 118.523001632577177, 31.533195921603451 ], [ 118.522988454580357, 31.532384186598463 ], [ 118.522040739134169, 31.532395470052119 ], [ 118.522053908938389, 31.533207205413802 ], [ 118.523001632577177, 31.533195921603451 ] ] ] } },
{ "type": "Feature", "properties": { "area_m2": 8099.9999998952262, "area_km2": 0.0080999999998952257, "distance_m": 2057.4577327704978, "relative_position": "后方" }, "geometry": { "type": "Polygon", "coordinates": [ [ [ 118.524910273172452, 31.533985067109874 ], [ 118.524897078257553, 31.533173332927081 ], [ 118.523949355683669, 31.533184630774542 ], [ 118.523962542405684, 31.533996365314501 ], [ 118.524910273172452, 31.533985067109874 ] ] ] } },
{ "type": "Feature", "properties": { "area_m2": 8099.9999999371357, "area_km2": 0.0080999999999371349, "distance_m": 2035.624813622906, "relative_position": "后方" }, "geometry": { "type": "Polygon", "coordinates": [ [ [ 118.523962542405684, 31.533996365314501 ], [ 118.523949355683669, 31.533184630774542 ], [ 118.523001632577177, 31.533195921603451 ], [ 118.523014811106265, 31.534007656500343 ], [ 118.523962542405684, 31.533996365314501 ] ] ] } },
{ "type": "Feature", "properties": { "area_m2": 8099.9999999371357, "area_km2": 0.0080999999999371349, "distance_m": 2017.5587256975391, "relative_position": "后方" }, "geometry": { "type": "Polygon", "coordinates": [ [ [ 118.523014811106265, 31.534007656500343 ], [ 118.523001632577177, 31.533195921603451 ], [ 118.522053908938389, 31.533207205413802 ], [ 118.522067079274578, 31.534018940667419 ], [ 118.523014811106265, 31.534007656500343 ] ] ] } },
{ "type": "Feature", "properties": { "area_m2": 8099.9999999423744, "area_km2": 0.0080999999999423738, "distance_m": 1970.5209827001177, "relative_position": "后方" }, "geometry": { "type": "Polygon", "coordinates": [ [ [ 118.524923468620344, 31.534796801184573 ], [ 118.524910273172452, 31.533985067109874 ], [ 118.523962542405684, 31.533996365314501 ], [ 118.523975729660336, 31.534808099746357 ], [ 118.524923468620344, 31.534796801184573 ] ] ] } },
{ "type": "Feature", "properties": { "area_m2": 8100.0000001362059, "area_km2": 0.0081000000001362066, "distance_m": 1947.7143266979717, "relative_position": "后方" }, "geometry": { "type": "Polygon", "coordinates": [ [ [ 118.523975729660336, 31.534808099746357 ], [ 118.523962542405684, 31.533996365314501 ], [ 118.523014811106265, 31.534007656500343 ], [ 118.523027990167677, 31.534819391289158 ], [ 118.523975729660336, 31.534808099746357 ] ] ] } },
{ "type": "Feature", "properties": { "area_m2": 8100.0000000733417, "area_km2": 0.0081000000000733419, "distance_m": 1928.8255550158051, "relative_position": "后方" }, "geometry": { "type": "Polygon", "coordinates": [ [ [ 118.523027990167677, 31.534819391289158 ], [ 118.523014811106265, 31.534007656500343 ], [ 118.522067079274578, 31.534018940667419 ], [ 118.522080250142693, 31.534830675812955 ], [ 118.523027990167677, 31.534819391289158 ] ] ] } },
{ "type": "Feature", "properties": { "area_m2": 8099.9999998637941, "area_km2": 0.0080999999998637943, "distance_m": 1883.8977584258262, "relative_position": "后方" }, "geometry": { "type": "Polygon", "coordinates": [ [ [ 118.524936664601157, 31.535608535151152 ], [ 118.524923468620344, 31.534796801184573 ], [ 118.523975729660336, 31.534808099746357 ], [ 118.52398891744761, 31.535619834070111 ], [ 118.524936664601157, 31.535608535151152 ] ] ] } },
{ "type": "Feature", "properties": { "area_m2": 8099.999999931897, "area_km2": 0.0080999999999318978, "distance_m": 1860.0298438679176, "relative_position": "后方" }, "geometry": { "type": "Polygon", "coordinates": [ [ [ 118.52398891744761, 31.535619834070111 ], [ 118.523975729660336, 31.534808099746357 ], [ 118.523027990167677, 31.534819391289158 ], [ 118.523041169761385, 31.535631125969857 ], [ 118.52398891744761, 31.535619834070111 ] ] ] } },
{ "type": "Feature", "properties": { "area_m2": 8100.0000000523869, "area_km2": 0.0081000000000523865, "distance_m": 1840.2418433584587, "relative_position": "后方" }, "geometry": { "type": "Polygon", "coordinates": [ [ [ 118.523041169761385, 31.535631125969857 ], [ 118.523027990167677, 31.534819391289158 ], [ 118.522080250142693, 31.534830675812955 ], [ 118.52209342154282, 31.535642410850389 ], [ 118.523041169761385, 31.535631125969857 ] ] ] } },
{ "type": "Feature", "properties": { "area_m2": 8099.9999999423744, "area_km2": 0.0080999999999423738, "distance_m": 2218.5655349174258, "relative_position": "后方" }, "geometry": { "type": "Polygon", "coordinates": [ [ [ 118.529648919005368, 31.533928470805769 ], [ 118.529635683126287, 31.533116738412101 ], [ 118.528687963220406, 31.533128071352074 ], [ 118.528701190906702, 31.533939804104012 ], [ 118.529648919005368, 31.533928470805769 ] ] ] } },
{ "type": "Feature", "properties": { "area_m2": 8100.0000000628643, "area_km2": 0.0081000000000628642, "distance_m": 2179.9026295831495, "relative_position": "后方" }, "geometry": { "type": "Polygon", "coordinates": [ [ [ 118.528701190906702, 31.533939804104012 ], [ 118.528687963220406, 31.533128071352074 ], [ 118.527740242780268, 31.533139397273569 ], [ 118.527753462273722, 31.53395113038356 ], [ 118.528701190906702, 31.533939804104012 ] ] ] } },
{ "type": "Feature", "properties": { "area_m2": 8100.0000000523869, "area_km2": 0.0081000000000523865, "distance_m": 2275.7068116198857, "relative_position": "后方" }, "geometry": { "type": "Polygon", "coordinates": [ [ [ 118.532505361085356, 31.534706160008376 ], [ 118.532492100092398, 31.533894428798998 ], [ 118.531544373598535, 31.533905783153248 ], [ 118.531557626398438, 31.534717514721567 ], [ 118.532505361085356, 31.534706160008376 ] ] ] } },
{ "type": "Feature", "properties": { "area_m2": 8100.0, "area_km2": 0.0081, "distance_m": 2227.1888248218997, "relative_position": "后方" }, "geometry": { "type": "Polygon", "coordinates": [ [ [ 118.531557626398438, 31.534717514721567 ], [ 118.531544373598535, 31.533905783153248 ], [ 118.530596646569435, 31.533917130488842 ], [ 118.530609891176226, 31.534728862415886 ], [ 118.531557626398438, 31.534717514721567 ] ] ] } },
{ "type": "Feature", "properties": { "area_m2": 8100.0000000785803, "area_km2": 0.0081000000000785808, "distance_m": 2181.2925696069428, "relative_position": "后方" }, "geometry": { "type": "Polygon", "coordinates": [ [ [ 118.530609891176226, 31.534728862415886 ], [ 118.530596646569435, 31.533917130488842 ], [ 118.529648919005368, 31.533928470805769 ], [ 118.529662155419047, 31.53474020309131 ], [ 118.530609891176226, 31.534728862415886 ] ] ] } },
{ "type": "Feature", "properties": { "area_m2": 8099.9999998690328, "area_km2": 0.0080999999998690331, "distance_m": 2138.1868829572163, "relative_position": "后方" }, "geometry": { "type": "Polygon", "coordinates": [ [ [ 118.529662155419047, 31.53474020309131 ], [ 118.529648919005368, 31.533928470805769 ], [ 118.528701190906702, 31.533939804104012 ], [ 118.52871441912724, 31.534751536747823 ], [ 118.529662155419047, 31.53474020309131 ] ] ] } },
{ "type": "Feature", "properties": { "area_m2": 8100.0000000052387, "area_km2": 0.0081000000000052384, "distance_m": 2098.0437778254864, "relative_position": "后方" }, "geometry": { "type": "Polygon", "coordinates": [ [ [ 118.52871441912724, 31.534751536747823 ], [ 118.528701190906702, 31.533939804104012 ], [ 118.527753462273722, 31.53395113038356 ], [ 118.527766682301149, 31.534762863385428 ], [ 118.52871441912724, 31.534751536747823 ] ] ] } },
{ "type": "Feature", "properties": { "area_m2": 8100.0000000157161, "area_km2": 0.0081000000000157162, "distance_m": 2201.1229941614856, "relative_position": "后方" }, "geometry": { "type": "Polygon", "coordinates": [ [ [ 118.532518622613949, 31.535517891109606 ], [ 118.532505361085356, 31.534706160008376 ], [ 118.531557626398438, 31.534717514721567 ], [ 118.531570879733621, 31.535529246181742 ], [ 118.532518622613949, 31.535517891109606 ] ] ] } },
{ "type": "Feature", "properties": { "area_m2": 8099.9999999947613, "area_km2": 0.0080999999999947607, "distance_m": 2150.9237832038466, "relative_position": "后方" }, "geometry": { "type": "Polygon", "coordinates": [ [ [ 118.531570879733621, 31.535529246181742 ], [ 118.531557626398438, 31.534717514721567 ], [ 118.530609891176226, 31.534728862415886 ], [ 118.530623136317985, 31.535540594234782 ], [ 118.531570879733621, 31.535529246181742 ] ] ] } },
{ "type": "Feature", "properties": { "area_m2": 8100.0000001047738, "area_km2": 0.0081000000001047734, "distance_m": 2103.3645544051788, "relative_position": "后方" }, "geometry": { "type": "Polygon", "coordinates": [ [ [ 118.530623136317985, 31.535540594234782 ], [ 118.530609891176226, 31.534728862415886 ], [ 118.529662155419047, 31.53474020309131 ], [ 118.529675392367366, 31.535551935268707 ], [ 118.530623136317985, 31.535540594234782 ] ] ] } },
{ "type": "Feature", "properties": { "area_m2": 8100.0000001047738, "area_km2": 0.0081000000001047734, "distance_m": 2613.1553198560096, "relative_position": "后方" }, "geometry": { "type": "Polygon", "coordinates": [ [ [ 118.538191757947175, 31.534637884333566 ], [ 118.538178447796199, 31.533826155282483 ], [ 118.537230724520938, 31.53383755174838 ], [ 118.537244026478959, 31.534649281159741 ], [ 118.538191757947175, 31.534637884333566 ] ] ] } },
{ "type": "Feature", "properties": { "area_m2": 8099.9999999947613, "area_km2": 0.0080999999999947607, "distance_m": 2552.1124111925742, "relative_position": "后方" }, "geometry": { "type": "Polygon", "coordinates": [ [ [ 118.537244026478959, 31.534649281159741 ], [ 118.537230724520938, 31.53383755174838 ], [ 118.536283000708409, 31.533848941195707 ], [ 118.536296294473473, 31.534660670967106 ], [ 118.537244026478959, 31.534649281159741 ] ] ] } },
{ "type": "Feature", "properties": { "area_m2": 8099.999999931897, "area_km2": 0.0080999999999318978, "distance_m": 2492.8123361299877, "relative_position": "后方" }, "geometry": { "type": "Polygon", "coordinates": [ [ [ 118.536296294473473, 31.534660670967106 ], [ 118.536283000708409, 31.533848941195707 ], [ 118.535335276358992, 31.533860323624435 ], [ 118.535348561931045, 31.534672053755674 ], [ 118.536296294473473, 31.534660670967106 ] ] ] } },
{ "type": "Feature", "properties": { "area_m2": 8100.0000001362059, "area_km2": 0.0081000000001362066, "distance_m": 2435.3824120127756, "relative_position": "后方" }, "geometry": { "type": "Polygon", "coordinates": [ [ [ 118.535348561931045, 31.534672053755674 ], [ 118.535335276358992, 31.533860323624435 ], [ 118.534387551472946, 31.53387169903457 ], [ 118.534400828851986, 31.534683429525423 ], [ 118.535348561931045, 31.534672053755674 ] ] ] } },
{ "type": "Feature", "properties": { "area_m2": 8100.0000001257285, "area_km2": 0.0081000000001257288, "distance_m": 2379.9580298252067, "relative_position": "后方" }, "geometry": { "type": "Polygon", "coordinates": [ [ [ 118.534400828851986, 31.534683429525423 ], [ 118.534387551472946, 31.53387169903457 ], [ 118.533439826050625, 31.533883067426096 ], [ 118.533453095236638, 31.534694798276323 ], [ 118.534400828851986, 31.534683429525423 ] ] ] } },
{ "type": "Feature", "properties": { "area_m2": 8099.9999998742715, "area_km2": 0.008099999999874272, "distance_m": 2326.6825206212593, "relative_position": "后方" }, "geometry": { "type": "Polygon", "coordinates": [ [ [ 118.533453095236638, 31.534694798276323 ], [ 118.533439826050625, 31.533883067426096 ], [ 118.532492100092398, 31.533894428798998 ], [ 118.532505361085356, 31.534706160008376 ], [ 118.533453095236638, 31.534694798276323 ] ] ] } },
{ "type": "Feature", "properties": { "area_m2": 8100.0000000104774, "area_km2": 0.0081000000000104773, "distance_m": 2548.4640326880603, "relative_position": "后方" }, "geometry": { "type": "Polygon", "coordinates": [ [ [ 118.538205068635762, 31.535449613276459 ], [ 118.538191757947175, 31.534637884333566 ], [ 118.537244026478959, 31.534649281159741 ], [ 118.537257328974263, 31.535461010462907 ], [ 118.538205068635762, 31.535449613276459 ] ] ] } },
{ "type": "Feature", "properties": { "area_m2": 8099.9999998690328, "area_km2": 0.0080999999998690331, "distance_m": 2485.8334796160079, "relative_position": "后方" }, "geometry": { "type": "Polygon", "coordinates": [ [ [ 118.537257328974263, 31.535461010462907 ], [ 118.537244026478959, 31.534649281159741 ], [ 118.536296294473473, 31.534660670967106 ], [ 118.536309588775467, 31.535472400630326 ], [ 118.537257328974263, 31.535461010462907 ] ] ] } },
{ "type": "Feature", "properties": { "area_m2": 8100.0000000261934, "area_km2": 0.0081000000000261939, "distance_m": 2424.913565259852, "relative_position": "后方" }, "geometry": { "type": "Polygon", "coordinates": [ [ [ 118.536309588775467, 31.535472400630326 ], [ 118.536296294473473, 31.534660670967106 ], [ 118.535348561931045, 31.534672053755674 ], [ 118.535361848039699, 31.535483783778734 ], [ 118.536309588775467, 31.535472400630326 ] ] ] } },
{ "type": "Feature", "properties": { "area_m2": 8099.9999999423744, "area_km2": 0.0080999999999423738, "distance_m": 2365.8364426452567, "relative_position": "后方" }, "geometry": { "type": "Polygon", "coordinates": [ [ [ 118.535361848039699, 31.535483783778734 ], [ 118.535348561931045, 31.534672053755674 ], [ 118.534400828851986, 31.534683429525423 ], [ 118.534414106767301, 31.535495159908081 ], [ 118.535361848039699, 31.535483783778734 ] ] ] } },
{ "type": "Feature", "properties": { "area_m2": 8099.9999999266583, "area_km2": 0.0080999999999266589, "distance_m": 2027.3363991398587, "relative_position": "后方" }, "geometry": { "type": "Polygon", "coordinates": [ [ [ 118.526818944941056, 31.534774183004092 ], [ 118.526805733106798, 31.533962449644395 ], [ 118.525858003406285, 31.5339737618865 ], [ 118.525871207047359, 31.534785495603813 ], [ 118.526818944941056, 31.534774183004092 ] ] ] } },
{ "type": "Feature", "properties": { "area_m2": 8100.0, "area_km2": 0.0081, "distance_m": 1997.111299030051, "relative_position": "后方" }, "geometry": { "type": "Polygon", "coordinates": [ [ [ 118.525871207047359, 31.534785495603813 ], [ 118.525858003406285, 31.5339737618865 ], [ 118.524910273172452, 31.533985067109874 ], [ 118.524923468620344, 31.534796801184573 ], [ 118.525871207047359, 31.534785495603813 ] ] ] } },
{ "type": "Feature", "properties": { "area_m2": 8100.0, "area_km2": 0.0081, "distance_m": 1978.3787398238505, "relative_position": "后方" }, "geometry": { "type": "Polygon", "coordinates": [ [ [ 118.527779902862534, 31.535574596279172 ], [ 118.527766682301149, 31.534762863385428 ], [ 118.526818944941056, 31.534774183004092 ], [ 118.526832157308959, 31.53558591625567 ], [ 118.527779902862534, 31.535574596279172 ] ] ] } },
{ "type": "Feature", "properties": { "area_m2": 8099.9999999790452, "area_km2": 0.0080999999999790458, "distance_m": 1943.2463788094913, "relative_position": "后方" }, "geometry": { "type": "Polygon", "coordinates": [ [ [ 118.526832157308959, 31.53558591625567 ], [ 118.526818944941056, 31.534774183004092 ], [ 118.525871207047359, 31.534785495603813 ], [ 118.52588441122171, 31.535597229213007 ], [ 118.526832157308959, 31.53558591625567 ] ] ] } },
{ "type": "Feature", "properties": { "area_m2": 8099.9999999528518, "area_km2": 0.0080999999999528515, "distance_m": 1911.692773153658, "relative_position": "后方" }, "geometry": { "type": "Polygon", "coordinates": [ [ [ 118.52588441122171, 31.535597229213007 ], [ 118.525871207047359, 31.534785495603813 ], [ 118.524923468620344, 31.534796801184573 ], [ 118.524936664601157, 31.535608535151152 ], [ 118.52588441122171, 31.535597229213007 ] ] ] } },
{ "type": "Feature", "properties": { "area_m2": 8100.0000000366708, "area_km2": 0.0081000000000366716, "distance_m": 1896.4153349879064, "relative_position": "后方" }, "geometry": { "type": "Polygon", "coordinates": [ [ [ 118.527793123957906, 31.536386329064786 ], [ 118.527779902862534, 31.535574596279172 ], [ 118.526832157308959, 31.53558591625567 ], [ 118.526845370210509, 31.536397649399134 ], [ 118.527793123957906, 31.536386329064786 ] ] ] } },
{ "type": "Feature", "properties": { "area_m2": 8100.000000083819, "area_km2": 0.0081000000000838197, "distance_m": 1859.7358106302795, "relative_position": "后方" }, "geometry": { "type": "Polygon", "coordinates": [ [ [ 118.526845370210509, 31.536397649399134 ], [ 118.526832157308959, 31.53558591625567 ], [ 118.52588441122171, 31.535597229213007 ], [ 118.525897615929438, 31.536408962714095 ], [ 118.526845370210509, 31.536397649399134 ] ] ] } },
{ "type": "Feature", "properties": { "area_m2": 8100.0000001204899, "area_km2": 0.00810000000012049, "distance_m": 1826.7408588765495, "relative_position": "后方" }, "geometry": { "type": "Polygon", "coordinates": [ [ [ 118.525897615929438, 31.536408962714095 ], [ 118.52588441122171, 31.535597229213007 ], [ 118.524936664601157, 31.535608535151152 ], [ 118.524949861115005, 31.536420269009643 ], [ 118.525897615929438, 31.536408962714095 ] ] ] } },
{ "type": "Feature", "properties": { "area_m2": 8100.0000000314321, "area_km2": 0.0081000000000314328, "distance_m": 1815.2401987018825, "relative_position": "后方" }, "geometry": { "type": "Polygon", "coordinates": [ [ [ 118.527806345587294, 31.537198061742288 ], [ 118.527793123957906, 31.536386329064786 ], [ 118.526845370210509, 31.536397649399134 ], [ 118.526858583645733, 31.537209382434479 ], [ 118.527806345587294, 31.537198061742288 ] ] ] } },
{ "type": "Feature", "properties": { "area_m2": 8099.9999998376006, "area_km2": 0.0080999999998376, "distance_m": 1776.8863944558418, "relative_position": "后方" }, "geometry": { "type": "Polygon", "coordinates": [ [ [ 118.526858583645733, 31.537209382434479 ], [ 118.526845370210509, 31.536397649399134 ], [ 118.525897615929438, 31.536408962714095 ], [ 118.525910821170484, 31.537220696107067 ], [ 118.526858583645733, 31.537209382434479 ] ] ] } },
{ "type": "Feature", "properties": { "area_m2": 8099.999999916181, "area_km2": 0.0080999999999161812, "distance_m": 2308.7435819362627, "relative_position": "后方" }, "geometry": { "type": "Polygon", "coordinates": [ [ [ 118.534414106767301, 31.535495159908081 ], [ 118.534400828851986, 31.534683429525423 ], [ 118.533453095236638, 31.534694798276323 ], [ 118.533466364958628, 31.535506529018377 ], [ 118.534414106767301, 31.535495159908081 ] ] ] } },
{ "type": "Feature", "properties": { "area_m2": 8099.9999999580905, "area_km2": 0.0080999999999580904, "distance_m": 2253.785787503215, "relative_position": "后方" }, "geometry": { "type": "Polygon", "coordinates": [ [ [ 118.533466364958628, 31.535506529018377 ], [ 118.533453095236638, 31.534694798276323 ], [ 118.532505361085356, 31.534706160008376 ], [ 118.532518622613949, 31.535517891109606 ], [ 118.533466364958628, 31.535506529018377 ] ] ] } },
{ "type": "Feature", "properties": { "area_m2": 8099.999999916181, "area_km2": 0.0080999999999161812, "distance_m": 2421.1062641964231, "relative_position": "后方" }, "geometry": { "type": "Polygon", "coordinates": [ [ [ 118.537270632006852, 31.536272739657889 ], [ 118.537257328974263, 31.535461010462907 ], [ 118.536309588775467, 31.535472400630326 ], [ 118.536322883614446, 31.536284130185383 ], [ 118.537270632006852, 31.536272739657889 ] ] ] } },
{ "type": "Feature", "properties": { "area_m2": 8100.0000001362059, "area_km2": 0.0081000000001362066, "distance_m": 2358.5155045513407, "relative_position": "后方" }, "geometry": { "type": "Polygon", "coordinates": [ [ [ 118.536322883614446, 31.536284130185383 ], [ 118.536309588775467, 31.535472400630326 ], [ 118.535361848039699, 31.535483783778734 ], [ 118.535375134684998, 31.536295513693624 ], [ 118.536322883614446, 31.536284130185383 ] ] ] } },
{ "type": "Feature", "properties": { "area_m2": 8100.0000000209548, "area_km2": 0.008100000000020955, "distance_m": 2297.7323146215986, "relative_position": "后方" }, "geometry": { "type": "Polygon", "coordinates": [ [ [ 118.535375134684998, 31.536295513693624 ], [ 118.535361848039699, 31.535483783778734 ], [ 118.534414106767301, 31.535495159908081 ], [ 118.534427385218947, 31.536306890182598 ], [ 118.535375134684998, 31.536295513693624 ] ] ] } },
{ "type": "Feature", "properties": { "area_m2": 8099.9999999842839, "area_km2": 0.0080999999999842847, "distance_m": 2238.9039219017818, "relative_position": "后方" }, "geometry": { "type": "Polygon", "coordinates": [ [ [ 118.534427385218947, 31.536306890182598 ], [ 118.534414106767301, 31.535495159908081 ], [ 118.533466364958628, 31.535506529018377 ], [ 118.533479635216565, 31.536318259652283 ], [ 118.534427385218947, 31.536306890182598 ] ] ] } },
{ "type": "Feature", "properties": { "area_m2": 8100.0000000157161, "area_km2": 0.0081000000000157162, "distance_m": 2182.1884305410472, "relative_position": "后方" }, "geometry": { "type": "Polygon", "coordinates": [ [ [ 118.533479635216565, 31.536318259652283 ], [ 118.533466364958628, 31.535506529018377 ], [ 118.532518622613949, 31.535517891109606 ], [ 118.532531884678164, 31.536329622102677 ], [ 118.533479635216565, 31.536318259652283 ] ] ] } },
{ "type": "Feature", "properties": { "area_m2": 8099.9999999947613, "area_km2": 0.0080999999999947607, "distance_m": 2293.7484813422498, "relative_position": "后方" }, "geometry": { "type": "Polygon", "coordinates": [ [ [ 118.536336178990368, 31.537095859632245 ], [ 118.536322883614446, 31.536284130185383 ], [ 118.535375134684998, 31.536295513693624 ], [ 118.535388421866983, 31.537107243500337 ], [ 118.536336178990368, 31.537095859632245 ] ] ] } },
{ "type": "Feature", "properties": { "area_m2": 8100.0000000209548, "area_km2": 0.008100000000020955, "distance_m": 2231.202060651683, "relative_position": "后方" }, "geometry": { "type": "Polygon", "coordinates": [ [ [ 118.535388421866983, 31.537107243500337 ], [ 118.535375134684998, 31.536295513693624 ], [ 118.534427385218947, 31.536306890182598 ], [ 118.534440664206898, 31.537118620348927 ], [ 118.535388421866983, 31.537107243500337 ] ] ] } },
{ "type": "Feature", "properties": { "area_m2": 8099.9999998428393, "area_km2": 0.0080999999998428388, "distance_m": 2170.5717566207531, "relative_position": "后方" }, "geometry": { "type": "Polygon", "coordinates": [ [ [ 118.534440664206898, 31.537118620348927 ], [ 118.534427385218947, 31.536306890182598 ], [ 118.533479635216565, 31.536318259652283 ], [ 118.533492906010494, 31.53712999017802 ], [ 118.534440664206898, 31.537118620348927 ] ] ] } },
{ "type": "Feature", "properties": { "area_m2": 8099.9999999685679, "area_km2": 0.0080999999999685681, "distance_m": 2058.628289349956, "relative_position": "后方" }, "geometry": { "type": "Polygon", "coordinates": [ [ [ 118.529675392367366, 31.535551935268707 ], [ 118.529662155419047, 31.53474020309131 ], [ 118.52871441912724, 31.534751536747823 ], [ 118.528727647882107, 31.535563269283504 ], [ 118.529675392367366, 31.535551935268707 ] ] ] } },
{ "type": "Feature", "properties": { "area_m2": 8099.9999999423744, "area_km2": 0.0080999999999423738, "distance_m": 2016.9028463670145, "relative_position": "后方" }, "geometry": { "type": "Polygon", "coordinates": [ [ [ 118.528727647882107, 31.535563269283504 ], [ 118.52871441912724, 31.534751536747823 ], [ 118.527766682301149, 31.534762863385428 ], [ 118.527779902862534, 31.535574596279172 ], [ 118.528727647882107, 31.535563269283504 ] ] ] } },
{ "type": "Feature", "properties": { "area_m2": 8100.000000068103, "area_km2": 0.0081000000000681031, "distance_m": 2127.7548096297587, "relative_position": "后方" }, "geometry": { "type": "Polygon", "coordinates": [ [ [ 118.532531884678164, 31.536329622102677 ], [ 118.532518622613949, 31.535517891109606 ], [ 118.531570879733621, 31.535529246181742 ], [ 118.531584133604113, 31.536340977533779 ], [ 118.532531884678164, 31.536329622102677 ] ] ] } },
{ "type": "Feature", "properties": { "area_m2": 8100.0000000314321, "area_km2": 0.0081000000000314328, "distance_m": 2075.7825843940964, "relative_position": "后方" }, "geometry": { "type": "Polygon", "coordinates": [ [ [ 118.531584133604113, 31.536340977533779 ], [ 118.531570879733621, 31.535529246181742 ], [ 118.530623136317985, 31.535540594234782 ], [ 118.530636381994739, 31.536352325945547 ], [ 118.531584133604113, 31.536340977533779 ] ] ] } },
{ "type": "Feature", "properties": { "area_m2": 8100.0000001676381, "area_km2": 0.008100000000167638, "distance_m": 2026.4611482259361, "relative_position": "后方" }, "geometry": { "type": "Polygon", "coordinates": [ [ [ 118.530636381994739, 31.536352325945547 ], [ 118.530623136317985, 31.535540594234782 ], [ 118.529675392367366, 31.535551935268707 ], [ 118.529688629850355, 31.536363667337991 ], [ 118.530636381994739, 31.536352325945547 ] ] ] } },
{ "type": "Feature", "properties": { "area_m2": 8100.000000068103, "area_km2": 0.0081000000000681031, "distance_m": 1979.988608119291, "relative_position": "后方" }, "geometry": { "type": "Polygon", "coordinates": [ [ [ 118.529688629850355, 31.536363667337991 ], [ 118.529675392367366, 31.535551935268707 ], [ 118.528727647882107, 31.535563269283504 ], [ 118.528740877171288, 31.536375001711058 ], [ 118.529688629850355, 31.536363667337991 ] ] ] } },
{ "type": "Feature", "properties": { "area_m2": 8099.9999999685679, "area_km2": 0.0080999999999685681, "distance_m": 1936.5700767762985, "relative_position": "后方" }, "geometry": { "type": "Polygon", "coordinates": [ [ [ 118.528740877171288, 31.536375001711058 ], [ 118.528727647882107, 31.535563269283504 ], [ 118.527779902862534, 31.535574596279172 ], [ 118.527793123957906, 31.536386329064786 ], [ 118.528740877171288, 31.536375001711058 ] ] ] } },
{ "type": "Feature", "properties": { "area_m2": 8099.9999999057036, "area_km2": 0.0080999999999057035, "distance_m": 2055.7324168499968, "relative_position": "后方" }, "geometry": { "type": "Polygon", "coordinates": [ [ [ 118.532545147278043, 31.5371413529876 ], [ 118.532531884678164, 31.536329622102677 ], [ 118.531584133604113, 31.536340977533779 ], [ 118.531597388009942, 31.537152708777658 ], [ 118.532545147278043, 31.5371413529876 ] ] ] } },
{ "type": "Feature", "properties": { "area_m2": 8099.9999999895226, "area_km2": 0.0080999999999895218, "distance_m": 2001.8917814807371, "relative_position": "后方" }, "geometry": { "type": "Polygon", "coordinates": [ [ [ 118.531597388009942, 31.537152708777658 ], [ 118.531584133604113, 31.536340977533779 ], [ 118.530636381994739, 31.536352325945547 ], [ 118.530649628206476, 31.537164057548161 ], [ 118.531597388009942, 31.537152708777658 ] ] ] } },
{ "type": "Feature", "properties": { "area_m2": 8099.9999999580905, "area_km2": 0.0080999999999580904, "distance_m": 1950.703534024695, "relative_position": "后方" }, "geometry": { "type": "Polygon", "coordinates": [ [ [ 118.530649628206476, 31.537164057548161 ], [ 118.530636381994739, 31.536352325945547 ], [ 118.529688629850355, 31.536363667337991 ], [ 118.529701867867999, 31.537175399299109 ], [ 118.530649628206476, 31.537164057548161 ] ] ] } },
{ "type": "Feature", "properties": { "area_m2": 8099.9999999947613, "area_km2": 0.0080999999999947607, "distance_m": 1797.6333827402748, "relative_position": "后方" }, "geometry": { "type": "Polygon", "coordinates": [ [ [ 118.524949861115005, 31.536420269009643 ], [ 118.524936664601157, 31.535608535151152 ], [ 118.52398891744761, 31.535619834070111 ], [ 118.524002105767565, 31.536431568285781 ], [ 118.524949861115005, 31.536420269009643 ] ] ] } },
{ "type": "Feature", "properties": { "area_m2": 8100.0000000104774, "area_km2": 0.0081000000000104773, "distance_m": 1772.604902562068, "relative_position": "后方" }, "geometry": { "type": "Polygon", "coordinates": [ [ [ 118.524002105767565, 31.536431568285781 ], [ 118.52398891744761, 31.535619834070111 ], [ 118.523041169761385, 31.535631125969857 ], [ 118.523054349887445, 31.536442860542483 ], [ 118.524002105767565, 31.536431568285781 ] ] ] } },
{ "type": "Feature", "properties": { "area_m2": 8100.0000001833541, "area_km2": 0.0081000000001833546, "distance_m": 1751.8302619011258, "relative_position": "后方" }, "geometry": { "type": "Polygon", "coordinates": [ [ [ 118.523054349887445, 31.536442860542483 ], [ 118.523041169761385, 31.535631125969857 ], [ 118.52209342154282, 31.535642410850389 ], [ 118.522106593474959, 31.536454145779746 ], [ 118.523054349887445, 31.536442860542483 ] ] ] } },
{ "type": "Feature", "properties": { "area_m2": 8100.0000001100125, "area_km2": 0.0081000000001100123, "distance_m": 1711.7821066582744, "relative_position": "后方" }, "geometry": { "type": "Polygon", "coordinates": [ [ [ 118.524963058161873, 31.537232002760021 ], [ 118.524949861115005, 31.536420269009643 ], [ 118.524002105767565, 31.536431568285781 ], [ 118.524015294620199, 31.537243302393343 ], [ 118.524963058161873, 31.537232002760021 ] ] ] } },
{ "type": "Feature", "properties": { "area_m2": 8099.9999999685679, "area_km2": 0.0080999999999685681, "distance_m": 1685.4798882624102, "relative_position": "后方" }, "geometry": { "type": "Polygon", "coordinates": [ [ [ 118.524015294620199, 31.537243302393343 ], [ 118.524002105767565, 31.536431568285781 ], [ 118.523054349887445, 31.536442860542483 ], [ 118.523067530545859, 31.537254595007017 ], [ 118.524015294620199, 31.537243302393343 ] ] ] } },
{ "type": "Feature", "properties": { "area_m2": 8100.0000000733417, "area_km2": 0.0081000000000733419, "distance_m": 1663.6182521454871, "relative_position": "后方" }, "geometry": { "type": "Polygon", "coordinates": [ [ [ 118.523067530545859, 31.537254595007017 ], [ 118.523054349887445, 31.536442860542483 ], [ 118.522106593474959, 31.536454145779746 ], [ 118.522119765939109, 31.537265880601012 ], [ 118.523067530545859, 31.537254595007017 ] ] ] } },
{ "type": "Feature", "properties": { "area_m2": 8100.0000000314321, "area_km2": 0.0081000000000314328, "distance_m": 1626.4093469316308, "relative_position": "后方" }, "geometry": { "type": "Polygon", "coordinates": [ [ [ 118.524976255741748, 31.538043736402294 ], [ 118.524963058161873, 31.537232002760021 ], [ 118.524015294620199, 31.537243302393343 ], [ 118.524028484005541, 31.538055036392795 ], [ 118.524976255741748, 31.538043736402294 ] ] ] } },
{ "type": "Feature", "properties": { "area_m2": 8099.9999998795101, "area_km2": 0.0080999999998795109, "distance_m": 1598.7038353988912, "relative_position": "后方" }, "geometry": { "type": "Polygon", "coordinates": [ [ [ 118.524028484005541, 31.538055036392795 ], [ 118.524015294620199, 31.537243302393343 ], [ 118.523067530545859, 31.537254595007017 ], [ 118.52308071173664, 31.538066329363442 ], [ 118.524028484005541, 31.538055036392795 ] ] ] } },
{ "type": "Feature", "properties": { "area_m2": 8100.0000002043089, "area_km2": 0.0081000000002043084, "distance_m": 1575.6393314787617, "relative_position": "后方" }, "geometry": { "type": "Polygon", "coordinates": [ [ [ 118.52308071173664, 31.538066329363442 ], [ 118.523067530545859, 31.537254595007017 ], [ 118.522119765939109, 31.537265880601012 ], [ 118.5221329389353, 31.538077615314183 ], [ 118.52308071173664, 31.538066329363442 ] ] ] } },
{ "type": "Feature", "properties": { "area_m2": 8100.0000000942964, "area_km2": 0.0081000000000942957, "distance_m": 1541.5946036044656, "relative_position": "后方" }, "geometry": { "type": "Polygon", "coordinates": [ [ [ 118.524989453854715, 31.538855469936436 ], [ 118.524976255741748, 31.538043736402294 ], [ 118.524028484005541, 31.538055036392795 ], [ 118.52404167392362, 31.538866770284148 ], [ 118.524989453854715, 31.538855469936436 ] ] ] } },
{ "type": "Feature", "properties": { "area_m2": 8100.0000000628643, "area_km2": 0.0081000000000628642, "distance_m": 2257.1613129651032, "relative_position": "后方" }, "geometry": { "type": "Polygon", "coordinates": [ [ [ 118.518236735530451, 31.531628796788688 ], [ 118.518223599558027, 31.530817059786258 ], [ 118.517275897839895, 31.530828307436831 ], [ 118.517289025620315, 31.531640044794855 ], [ 118.518236735530451, 31.531628796788688 ] ] ] } },
{ "type": "Feature", "properties": { "area_m2": 8100.0000001885928, "area_km2": 0.0081000000001885935, "distance_m": 2262.3834234646984, "relative_position": "后方" }, "geometry": { "type": "Polygon", "coordinates": [ [ [ 118.517289025620315, 31.531640044794855 ], [ 118.517275897839895, 31.530828307436831 ], [ 118.516328195591541, 31.530839548069423 ], [ 118.516341315179886, 31.531651285782825 ], [ 118.517289025620315, 31.531640044794855 ] ] ] } },
{ "type": "Feature", "properties": { "area_m2": 8099.9999999790452, "area_km2": 0.0080999999999790458, "distance_m": 2165.2380774804378, "relative_position": "后方" }, "geometry": { "type": "Polygon", "coordinates": [ [ [ 118.519197589605383, 31.532429278302896 ], [ 118.519184444910024, 31.531617541764348 ], [ 118.518236735530451, 31.531628796788688 ], [ 118.518249872033493, 31.532440533683058 ], [ 118.519197589605383, 31.532429278302896 ] ] ] } },
{ "type": "Feature", "properties": { "area_m2": 8099.9999999790452, "area_km2": 0.0080999999999790458, "distance_m": 2166.9611655877152, "relative_position": "后方" }, "geometry": { "type": "Polygon", "coordinates": [ [ [ 118.518249872033493, 31.532440533683058 ], [ 118.518236735530451, 31.531628796788688 ], [ 118.517289025620315, 31.531640044794855 ], [ 118.517302153930956, 31.532451782044813 ], [ 118.518249872033493, 31.532440533683058 ] ] ] } },
{ "type": "Feature", "properties": { "area_m2": 8099.9999999423744, "area_km2": 0.0080999999999423738, "distance_m": 2172.4005894203542, "relative_position": "后方" }, "geometry": { "type": "Polygon", "coordinates": [ [ [ 118.517302153930956, 31.532451782044813 ], [ 118.517289025620315, 31.531640044794855 ], [ 118.516341315179886, 31.531651285782825 ], [ 118.516354435298183, 31.532463023388168 ], [ 118.517302153930956, 31.532451782044813 ] ] ] } },
{ "type": "Feature", "properties": { "area_m2": 8099.9999999895226, "area_km2": 0.0080999999999895218, "distance_m": 2074.9685816402107, "relative_position": "后方" }, "geometry": { "type": "Polygon", "coordinates": [ [ [ 118.519210734831702, 31.533241014733399 ], [ 118.519197589605383, 31.532429278302896 ], [ 118.518249872033493, 31.532440533683058 ], [ 118.518263009067113, 31.533252270469383 ], [ 118.519210734831702, 31.533241014733399 ] ] ] } },
{ "type": "Feature", "properties": { "area_m2": 8100.0000001414446, "area_km2": 0.0081000000001414454, "distance_m": 2076.767066560993, "relative_position": "后方" }, "geometry": { "type": "Polygon", "coordinates": [ [ [ 118.518263009067113, 31.533252270469383 ], [ 118.518249872033493, 31.532440533683058 ], [ 118.517302153930956, 31.532451782044813 ], [ 118.517315282771889, 31.533263519186743 ], [ 118.518263009067113, 31.533252270469383 ] ] ] } },
{ "type": "Feature", "properties": { "area_m2": 8099.9999999266583, "area_km2": 0.0080999999999266589, "distance_m": 2082.4425916363543, "relative_position": "后方" }, "geometry": { "type": "Polygon", "coordinates": [ [ [ 118.517315282771889, 31.533263519186743 ], [ 118.517302153930956, 31.532451782044813 ], [ 118.516354435298183, 31.532463023388168 ], [ 118.516367555946402, 31.533274760885455 ], [ 118.517315282771889, 31.533263519186743 ] ] ] } },
{ "type": "Feature", "properties": { "area_m2": 8100.0000000052387, "area_km2": 0.0081000000000052384, "distance_m": 1984.6991059426712, "relative_position": "后方" }, "geometry": { "type": "Polygon", "coordinates": [ [ [ 118.519223880588967, 31.534052751055828 ], [ 118.519210734831702, 31.533241014733399 ], [ 118.518263009067113, 31.533252270469383 ], [ 118.518276146631365, 31.534064007147641 ], [ 118.519223880588967, 31.534052751055828 ] ] ] } },
{ "type": "Feature", "properties": { "area_m2": 8099.9999999004649, "area_km2": 0.0080999999999004646, "distance_m": 1986.5798381353857, "relative_position": "后方" }, "geometry": { "type": "Polygon", "coordinates": [ [ [ 118.518276146631365, 31.534064007147641 ], [ 118.518263009067113, 31.533252270469383 ], [ 118.517315282771889, 31.533263519186743 ], [ 118.517328412143144, 31.534075256220611 ], [ 118.518276146631365, 31.534064007147641 ] ] ] } },
{ "type": "Feature", "properties": { "area_m2": 8099.9999999685679, "area_km2": 0.0080999999999685681, "distance_m": 2092.8275483862617, "relative_position": "后方" }, "geometry": { "type": "Polygon", "coordinates": [ [ [ 118.522053908938389, 31.533207205413802 ], [ 118.522040739134169, 31.532395470052119 ], [ 118.52109302315607, 31.532406746487414 ], [ 118.52110618476766, 31.533218482205594 ], [ 118.522053908938389, 31.533207205413802 ] ] ] } },
{ "type": "Feature", "properties": { "area_m2": 8100.0000001152512, "area_km2": 0.0081000000001152511, "distance_m": 2083.021238367191, "relative_position": "后方" }, "geometry": { "type": "Polygon", "coordinates": [ [ [ 118.52110618476766, 31.533218482205594 ], [ 118.52109302315607, 31.532406746487414 ], [ 118.520145306646356, 31.532418015904337 ], [ 118.520158460065318, 31.533229751978801 ], [ 118.52110618476766, 31.533218482205594 ] ] ] } },
{ "type": "Feature", "properties": { "area_m2": 8100.0000000523869, "area_km2": 0.0081000000000523865, "distance_m": 2077.0572043593857, "relative_position": "后方" }, "geometry": { "type": "Polygon", "coordinates": [ [ [ 118.520158460065318, 31.533229751978801 ], [ 118.520145306646356, 31.532418015904337 ], [ 118.519197589605383, 31.532429278302896 ], [ 118.519210734831702, 31.533241014733399 ], [ 118.520158460065318, 31.533229751978801 ] ] ] } },
{ "type": "Feature", "properties": { "area_m2": 8100.0000000052387, "area_km2": 0.0081000000000052384, "distance_m": 2003.3613820312246, "relative_position": "后方" }, "geometry": { "type": "Polygon", "coordinates": [ [ [ 118.522067079274578, 31.534018940667419 ], [ 118.522053908938389, 31.533207205413802 ], [ 118.52110618476766, 31.533218482205594 ], [ 118.521119346910893, 31.534030217815694 ], [ 118.522067079274578, 31.534018940667419 ] ] ] } },
{ "type": "Feature", "properties": { "area_m2": 8099.9999998061685, "area_km2": 0.0080999999998061685, "distance_m": 1993.1154616389529, "relative_position": "后方" }, "geometry": { "type": "Polygon", "coordinates": [ [ [ 118.521119346910893, 31.534030217815694 ], [ 118.52110618476766, 31.533218482205594 ], [ 118.520158460065318, 31.533229751978801 ], [ 118.520171614015595, 31.534041487945174 ], [ 118.521119346910893, 31.534030217815694 ] ] ] } },
{ "type": "Feature", "properties": { "area_m2": 8099.9999998795101, "area_km2": 0.0080999999998795109, "distance_m": 1986.8820992487747, "relative_position": "后方" }, "geometry": { "type": "Polygon", "coordinates": [ [ [ 118.520171614015595, 31.534041487945174 ], [ 118.520158460065318, 31.533229751978801 ], [ 118.519210734831702, 31.533241014733399 ], [ 118.519223880588967, 31.534052751055828 ], [ 118.520171614015595, 31.534041487945174 ] ] ] } },
{ "type": "Feature", "properties": { "area_m2": 8100.0000001047738, "area_km2": 0.0081000000001047734, "distance_m": 1913.9706707565319, "relative_position": "后方" }, "geometry": { "type": "Polygon", "coordinates": [ [ [ 118.522080250142693, 31.534830675812955 ], [ 118.522067079274578, 31.534018940667419 ], [ 118.521119346910893, 31.534030217815694 ], [ 118.521132509585755, 31.534841953317731 ], [ 118.522080250142693, 31.534830675812955 ] ] ] } },
{ "type": "Feature", "properties": { "area_m2": 8099.9999999580905, "area_km2": 0.0080999999999580904, "distance_m": 1903.244134203273, "relative_position": "后方" }, "geometry": { "type": "Polygon", "coordinates": [ [ [ 118.521132509585755, 31.534841953317731 ], [ 118.521119346910893, 31.534030217815694 ], [ 118.520171614015595, 31.534041487945174 ], [ 118.520184768497145, 31.534853223803484 ], [ 118.521132509585755, 31.534841953317731 ] ] ] } },
{ "type": "Feature", "properties": { "area_m2": 8100.0000000419095, "area_km2": 0.0081000000000419087, "distance_m": 1896.7159921080006, "relative_position": "后方" }, "geometry": { "type": "Polygon", "coordinates": [ [ [ 118.520184768497145, 31.534853223803484 ], [ 118.520171614015595, 31.534041487945174 ], [ 118.519223880588967, 31.534052751055828 ], [ 118.519237026877207, 31.534864487270188 ], [ 118.520184768497145, 31.534853223803484 ] ] ] } },
{ "type": "Feature", "properties": { "area_m2": 8099.9999998166459, "area_km2": 0.0080999999998166462, "distance_m": 1824.6665025638902, "relative_position": "后方" }, "geometry": { "type": "Polygon", "coordinates": [ [ [ 118.52209342154282, 31.535642410850389 ], [ 118.522080250142693, 31.534830675812955 ], [ 118.521132509585755, 31.534841953317731 ], [ 118.521145672792272, 31.535653688711673 ], [ 118.52209342154282, 31.535642410850389 ] ] ] } },
{ "type": "Feature", "properties": { "area_m2": 8100.0, "area_km2": 0.0081, "distance_m": 1992.5127924780641, "relative_position": "后方" }, "geometry": { "type": "Polygon", "coordinates": [ [ [ 118.517328412143144, 31.534075256220611 ], [ 118.517315282771889, 31.533263519186743 ], [ 118.516367555946402, 31.533274760885455 ], [ 118.516380677124587, 31.534086498274714 ], [ 118.517328412143144, 31.534075256220611 ] ] ] } },
{ "type": "Feature", "properties": { "area_m2": 8099.9999999895226, "area_km2": 0.0080999999999895218, "distance_m": 1894.4296516300001, "relative_position": "后方" }, "geometry": { "type": "Polygon", "coordinates": [ [ [ 118.519237026877207, 31.534864487270188 ], [ 118.519223880588967, 31.534052751055828 ], [ 118.518276146631365, 31.534064007147641 ], [ 118.518289284726293, 31.534875743717834 ], [ 118.519237026877207, 31.534864487270188 ] ] ] } },
{ "type": "Feature", "properties": { "area_m2": 8100.0000000104774, "area_km2": 0.0081000000000104773, "distance_m": 1896.4004589124218, "relative_position": "后方" }, "geometry": { "type": "Polygon", "coordinates": [ [ [ 118.518289284726293, 31.534875743717834 ], [ 118.518276146631365, 31.534064007147641 ], [ 118.517328412143144, 31.534075256220611 ], [ 118.51734154204469, 31.534886993146429 ], [ 118.518289284726293, 31.534875743717834 ] ] ] } },
{ "type": "Feature", "properties": { "area_m2": 8100.0000000104774, "area_km2": 0.0081000000000104773, "distance_m": 1902.6151888643674, "relative_position": "后方" }, "geometry": { "type": "Polygon", "coordinates": [ [ [ 118.51734154204469, 31.534886993146429 ], [ 118.517328412143144, 31.534075256220611 ], [ 118.516380677124587, 31.534086498274714 ], [ 118.516393798832766, 31.534898235555914 ], [ 118.51734154204469, 31.534886993146429 ] ] ] } },
{ "type": "Feature", "properties": { "area_m2": 8100.0, "area_km2": 0.0081, "distance_m": 1804.1602201864807, "relative_position": "后方" }, "geometry": { "type": "Polygon", "coordinates": [ [ [ 118.519250173696449, 31.53567622337648 ], [ 118.519237026877207, 31.534864487270188 ], [ 118.518289284726293, 31.534875743717834 ], [ 118.518302423351841, 31.535687480179973 ], [ 118.519250173696449, 31.53567622337648 ] ] ] } },
{ "type": "Feature", "properties": { "area_m2": 8100.0000000733417, "area_km2": 0.0081000000000733419, "distance_m": 1806.230102829878, "relative_position": "后方" }, "geometry": { "type": "Polygon", "coordinates": [ [ [ 118.518302423351841, 31.535687480179973 ], [ 118.518289284726293, 31.534875743717834 ], [ 118.51734154204469, 31.534886993146429 ], [ 118.517354672476557, 31.535698729964171 ], [ 118.518302423351841, 31.535687480179973 ] ] ] } },
{ "type": "Feature", "properties": { "area_m2": 8099.999999931897, "area_km2": 0.0080999999999318978, "distance_m": 1812.7545689843653, "relative_position": "后方" }, "geometry": { "type": "Polygon", "coordinates": [ [ [ 118.517354672476557, 31.535698729964171 ], [ 118.51734154204469, 31.534886993146429 ], [ 118.516393798832766, 31.534898235555914 ], [ 118.516406921070953, 31.535709972729066 ], [ 118.517354672476557, 31.535698729964171 ] ] ] } },
{ "type": "Feature", "properties": { "area_m2": 8100.0000000523869, "area_km2": 0.0081000000000523865, "distance_m": 1713.8908134155272, "relative_position": "后方" }, "geometry": { "type": "Polygon", "coordinates": [ [ [ 118.519263321046679, 31.536487959374714 ], [ 118.519250173696449, 31.53567622337648 ], [ 118.518302423351841, 31.535687480179973 ], [ 118.518315562508107, 31.536499216534047 ], [ 118.519263321046679, 31.536487959374714 ] ] ] } },
{ "type": "Feature", "properties": { "area_m2": 8100.0000000890577, "area_km2": 0.0081000000000890585, "distance_m": 1716.0701904328616, "relative_position": "后方" }, "geometry": { "type": "Polygon", "coordinates": [ [ [ 118.518315562508107, 31.536499216534047 ], [ 118.518302423351841, 31.535687480179973 ], [ 118.517354672476557, 31.535698729964171 ], [ 118.517367803438802, 31.536510466673878 ], [ 118.518315562508107, 31.536499216534047 ] ] ] } },
{ "type": "Feature", "properties": { "area_m2": 8100.0000000314321, "area_km2": 0.0081000000000314328, "distance_m": 1722.936717757643, "relative_position": "后方" }, "geometry": { "type": "Polygon", "coordinates": [ [ [ 118.517367803438802, 31.536510466673878 ], [ 118.517354672476557, 31.535698729964171 ], [ 118.516406921070953, 31.535709972729066 ], [ 118.516420043839133, 31.536521709794179 ], [ 118.517367803438802, 31.536510466673878 ] ] ] } },
{ "type": "Feature", "properties": { "area_m2": 8100.0000000733417, "area_km2": 0.0081000000000733419, "distance_m": 1813.4123761944395, "relative_position": "后方" }, "geometry": { "type": "Polygon", "coordinates": [ [ [ 118.521145672792272, 31.535653688711673 ], [ 118.521132509585755, 31.534841953317731 ], [ 118.520184768497145, 31.534853223803484 ], [ 118.520197923510025, 31.535664959553714 ], [ 118.521145672792272, 31.535653688711673 ] ] ] } },
{ "type": "Feature", "properties": { "area_m2": 8100.0000000419095, "area_km2": 0.0081000000000419087, "distance_m": 1806.560228491426, "relative_position": "后方" }, "geometry": { "type": "Polygon", "coordinates": [ [ [ 118.520197923510025, 31.535664959553714 ], [ 118.520184768497145, 31.534853223803484 ], [ 118.519237026877207, 31.534864487270188 ], [ 118.519250173696449, 31.53567622337648 ], [ 118.520197923510025, 31.535664959553714 ] ] ] } },
{ "type": "Feature", "properties": { "area_m2": 8099.9999998061685, "area_km2": 0.0080999999998061685, "distance_m": 1735.4622358315175, "relative_position": "后方" }, "geometry": { "type": "Polygon", "coordinates": [ [ [ 118.522106593474959, 31.536454145779746 ], [ 118.52209342154282, 31.535642410850389 ], [ 118.521145672792272, 31.535653688711673 ], [ 118.521158836530461, 31.536465423997537 ], [ 118.522106593474959, 31.536454145779746 ] ] ] } },
{ "type": "Feature", "properties": { "area_m2": 8100.0000000209548, "area_km2": 0.008100000000020955, "distance_m": 1723.6263726493921, "relative_position": "后方" }, "geometry": { "type": "Polygon", "coordinates": [ [ [ 118.521158836530461, 31.536465423997537 ], [ 118.521145672792272, 31.535653688711673 ], [ 118.520197923510025, 31.535664959553714 ], [ 118.520211079054263, 31.536476695195859 ], [ 118.521158836530461, 31.536465423997537 ] ] ] } },
{ "type": "Feature", "properties": { "area_m2": 8100.000000083819, "area_km2": 0.0081000000000838197, "distance_m": 1716.4164364898579, "relative_position": "后方" }, "geometry": { "type": "Polygon", "coordinates": [ [ [ 118.520211079054263, 31.536476695195859 ], [ 118.520197923510025, 31.535664959553714 ], [ 118.519250173696449, 31.53567622337648 ], [ 118.519263321046679, 31.536487959374714 ], [ 118.520211079054263, 31.536476695195859 ] ] ] } },
{ "type": "Feature", "properties": { "area_m2": 8099.9999998742715, "area_km2": 0.008099999999874272, "distance_m": 1646.3741074101558, "relative_position": "后方" }, "geometry": { "type": "Polygon", "coordinates": [ [ [ 118.522119765939109, 31.537265880601012 ], [ 118.522106593474959, 31.536454145779746 ], [ 118.521158836530461, 31.536465423997537 ], [ 118.521172000800334, 31.537277159175325 ], [ 118.522119765939109, 31.537265880601012 ] ] ] } },
{ "type": "Feature", "properties": { "area_m2": 8100.000000151922, "area_km2": 0.0081000000001519214, "distance_m": 1633.8936646041407, "relative_position": "后方" }, "geometry": { "type": "Polygon", "coordinates": [ [ [ 118.521172000800334, 31.537277159175325 ], [ 118.521158836530461, 31.536465423997537 ], [ 118.520211079054263, 31.536476695195859 ], [ 118.520224235129831, 31.537288430729944 ], [ 118.521172000800334, 31.537277159175325 ] ] ] } },
{ "type": "Feature", "properties": { "area_m2": 8100.0000000785803, "area_km2": 0.0081000000000785808, "distance_m": 1626.2866049266761, "relative_position": "后方" }, "geometry": { "type": "Polygon", "coordinates": [ [ [ 118.520224235129831, 31.537288430729944 ], [ 118.520211079054263, 31.536476695195859 ], [ 118.519263321046679, 31.536487959374714 ], [ 118.51927646892797, 31.537299695264867 ], [ 118.520224235129831, 31.537288430729944 ] ] ] } },
{ "type": "Feature", "properties": { "area_m2": 8099.9999999790452, "area_km2": 0.0080999999999790458, "distance_m": 1557.422045570326, "relative_position": "后方" }, "geometry": { "type": "Polygon", "coordinates": [ [ [ 118.5221329389353, 31.538077615314183 ], [ 118.522119765939109, 31.537265880601012 ], [ 118.521172000800334, 31.537277159175325 ], [ 118.521185165601921, 31.538088894245021 ], [ 118.5221329389353, 31.538077615314183 ] ] ] } },
{ "type": "Feature", "properties": { "area_m2": 8100.0000000785803, "area_km2": 0.0081000000000785808, "distance_m": 1544.2235408581123, "relative_position": "后方" }, "geometry": { "type": "Polygon", "coordinates": [ [ [ 118.521185165601921, 31.538088894245021 ], [ 118.521172000800334, 31.537277159175325 ], [ 118.520224235129831, 31.537288430729944 ], [ 118.520237391736813, 31.538100166155953 ], [ 118.521185165601921, 31.538088894245021 ] ] ] } },
{ "type": "Feature", "properties": { "area_m2": 8099.999999931897, "area_km2": 0.0080999999999318978, "distance_m": 1623.6214335195523, "relative_position": "后方" }, "geometry": { "type": "Polygon", "coordinates": [ [ [ 118.51927646892797, 31.537299695264867 ], [ 118.519263321046679, 31.536487959374714 ], [ 118.518315562508107, 31.536499216534047 ], [ 118.518328702195063, 31.537310952780061 ], [ 118.51927646892797, 31.537299695264867 ] ] ] } },
{ "type": "Feature", "properties": { "area_m2": 8100.0000000523869, "area_km2": 0.0081000000000523865, "distance_m": 1625.9224571647701, "relative_position": "后方" }, "geometry": { "type": "Polygon", "coordinates": [ [ [ 118.518328702195063, 31.537310952780061 ], [ 118.518315562508107, 31.536499216534047 ], [ 118.517367803438802, 31.536510466673878 ], [ 118.51738093493141, 31.537322203275515 ], [ 118.518328702195063, 31.537310952780061 ] ] ] } },
{ "type": "Feature", "properties": { "area_m2": 8099.9999998533167, "area_km2": 0.0080999999998533165, "distance_m": 1633.1686896221115, "relative_position": "后方" }, "geometry": { "type": "Polygon", "coordinates": [ [ [ 118.51738093493141, 31.537322203275515 ], [ 118.517367803438802, 31.536510466673878 ], [ 118.516420043839133, 31.536521709794179 ], [ 118.516433167137379, 31.537333446751223 ], [ 118.51738093493141, 31.537322203275515 ] ] ] } },
{ "type": "Feature", "properties": { "area_m2": 8099.9999999633292, "area_km2": 0.0080999999999633292, "distance_m": 1533.3520832189297, "relative_position": "后方" }, "geometry": { "type": "Polygon", "coordinates": [ [ [ 118.51928961734032, 31.538111431046946 ], [ 118.51927646892797, 31.537299695264867 ], [ 118.518328702195063, 31.537310952780061 ], [ 118.51834184241271, 31.538122688917998 ], [ 118.51928961734032, 31.538111431046946 ] ] ] } },
{ "type": "Feature", "properties": { "area_m2": 8100.0000001152512, "area_km2": 0.0081000000001152511, "distance_m": 1535.7890456794917, "relative_position": "后方" }, "geometry": { "type": "Polygon", "coordinates": [ [ [ 118.51834184241271, 31.538122688917998 ], [ 118.518328702195063, 31.537310952780061 ], [ 118.51738093493141, 31.537322203275515 ], [ 118.517394066954395, 31.538133939769104 ], [ 118.51834184241271, 31.538122688917998 ] ] ] } },
{ "type": "Feature", "properties": { "area_m2": 8100.0000000523869, "area_km2": 0.0081000000000523865, "distance_m": 1543.4591757639182, "relative_position": "后方" }, "geometry": { "type": "Polygon", "coordinates": [ [ [ 118.517394066954395, 31.538133939769104 ], [ 118.51738093493141, 31.537322203275515 ], [ 118.516433167137379, 31.537333446751223 ], [ 118.516446290965661, 31.538145183600218 ], [ 118.517394066954395, 31.538133939769104 ] ] ] } },
{ "type": "Feature", "properties": { "area_m2": 8100.0000000314321, "area_km2": 0.0081000000000314328, "distance_m": 1443.0827659165498, "relative_position": "后方" }, "geometry": { "type": "Polygon", "coordinates": [ [ [ 118.519302766283701, 31.538923166720942 ], [ 118.51928961734032, 31.538111431046946 ], [ 118.51834184241271, 31.538122688917998 ], [ 118.518354983161146, 31.538934424947868 ], [ 118.519302766283701, 31.538923166720942 ] ] ] } },
{ "type": "Feature", "properties": { "area_m2": 8099.9999999895226, "area_km2": 0.0080999999999895218, "distance_m": 1445.6726325919803, "relative_position": "后方" }, "geometry": { "type": "Polygon", "coordinates": [ [ [ 118.518354983161146, 31.538934424947868 ], [ 118.51834184241271, 31.538122688917998 ], [ 118.517394066954395, 31.538133939769104 ], [ 118.517407199507801, 31.538945676154601 ], [ 118.518354983161146, 31.538934424947868 ] ] ] } },
{ "type": "Feature", "properties": { "area_m2": 8100.0000001100125, "area_km2": 0.0081000000001100123, "distance_m": 1453.8190061565208, "relative_position": "后方" }, "geometry": { "type": "Polygon", "coordinates": [ [ [ 118.517407199507801, 31.538945676154601 ], [ 118.517394066954395, 31.538133939769104 ], [ 118.516446290965661, 31.538145183600218 ], [ 118.516459415324036, 31.538956920341146 ], [ 118.517407199507801, 31.538945676154601 ] ] ] } },
{ "type": "Feature", "properties": { "area_m2": 8099.9999999580905, "area_km2": 0.0080999999999580904, "distance_m": 1352.8134859183322, "relative_position": "后方" }, "geometry": { "type": "Polygon", "coordinates": [ [ [ 118.519315915758199, 31.53973490228687 ], [ 118.519302766283701, 31.538923166720942 ], [ 118.518354983161146, 31.538934424947868 ], [ 118.518368124440286, 31.539746160869647 ], [ 118.519315915758199, 31.53973490228687 ] ] ] } },
{ "type": "Feature", "properties": { "area_m2": 8099.9999998376006, "area_km2": 0.0080999999998376, "distance_m": 1536.1731890283725, "relative_position": "后方" }, "geometry": { "type": "Polygon", "coordinates": [ [ [ 118.520237391736813, 31.538100166155953 ], [ 118.520224235129831, 31.537288430729944 ], [ 118.51927646892797, 31.537299695264867 ], [ 118.51928961734032, 31.538111431046946 ], [ 118.520237391736813, 31.538100166155953 ] ] ] } },
{ "type": "Feature", "properties": { "area_m2": 8099.9999999790452, "area_km2": 0.0080999999999790458, "distance_m": 1468.630772257131, "relative_position": "后方" }, "geometry": { "type": "Polygon", "coordinates": [ [ [ 118.522146112463574, 31.538889349919252 ], [ 118.5221329389353, 31.538077615314183 ], [ 118.521185165601921, 31.538088894245021 ], [ 118.521198330935249, 31.538900629206633 ], [ 118.522146112463574, 31.538889349919252 ] ] ] } },
{ "type": "Feature", "properties": { "area_m2": 8099.999999931897, "area_km2": 0.0080999999999318978, "distance_m": 1454.627573301852, "relative_position": "后方" }, "geometry": { "type": "Polygon", "coordinates": [ [ [ 118.521198330935249, 31.538900629206633 ], [ 118.521185165601921, 31.538088894245021 ], [ 118.520237391736813, 31.538100166155953 ], [ 118.520250548875197, 31.53891190147386 ], [ 118.521198330935249, 31.538900629206633 ] ] ] } },
{ "type": "Feature", "properties": { "area_m2": 8099.9999999423744, "area_km2": 0.0080999999999423738, "distance_m": 1446.0792555098647, "relative_position": "后方" }, "geometry": { "type": "Polygon", "coordinates": [ [ [ 118.520250548875197, 31.53891190147386 ], [ 118.520237391736813, 31.538100166155953 ], [ 118.51928961734032, 31.538111431046946 ], [ 118.519302766283701, 31.538923166720942 ], [ 118.520250548875197, 31.53891190147386 ] ] ] } },
{ "type": "Feature", "properties": { "area_m2": 8099.9999998847488, "area_km2": 0.008099999999884748, "distance_m": 1380.0313209930075, "relative_position": "后方" }, "geometry": { "type": "Polygon", "coordinates": [ [ [ 118.522159286523902, 31.539701084416233 ], [ 118.522146112463574, 31.538889349919252 ], [ 118.521198330935249, 31.538900629206633 ], [ 118.521211496800333, 31.53971236406014 ], [ 118.522159286523902, 31.539701084416233 ] ] ] } },
{ "type": "Feature", "properties": { "area_m2": 8099.9999999371357, "area_km2": 0.0080999999999371349, "distance_m": 1365.1203608561673, "relative_position": "后方" }, "geometry": { "type": "Polygon", "coordinates": [ [ [ 118.521211496800333, 31.53971236406014 ], [ 118.521198330935249, 31.538900629206633 ], [ 118.520250548875197, 31.53891190147386 ], [ 118.520263706544981, 31.539723636683693 ], [ 118.521211496800333, 31.53971236406014 ] ] ] } },
{ "type": "Feature", "properties": { "area_m2": 8099.9999999685679, "area_km2": 0.0080999999999685681, "distance_m": 1356.0086853467806, "relative_position": "后方" }, "geometry": { "type": "Polygon", "coordinates": [ [ [ 118.520263706544981, 31.539723636683693 ], [ 118.520250548875197, 31.53891190147386 ], [ 118.519302766283701, 31.538923166720942 ], [ 118.519315915758199, 31.53973490228687 ], [ 118.520263706544981, 31.539723636683693 ] ] ] } },
{ "type": "Feature", "properties": { "area_m2": 8100.0000000523869, "area_km2": 0.0081000000000523865, "distance_m": 1291.6631630985726, "relative_position": "后方" }, "geometry": { "type": "Polygon", "coordinates": [ [ [ 118.522172461116355, 31.540512818805119 ], [ 118.522159286523902, 31.539701084416233 ], [ 118.521211496800333, 31.53971236406014 ], [ 118.52122466319716, 31.540524098805573 ], [ 118.522172461116355, 31.540512818805119 ] ] ] } },
{ "type": "Feature", "properties": { "area_m2": 8100.0000000261934, "area_km2": 0.0081000000000261939, "distance_m": 1275.7205829551244, "relative_position": "后方" }, "geometry": { "type": "Polygon", "coordinates": [ [ [ 118.52122466319716, 31.540524098805573 ], [ 118.521211496800333, 31.53971236406014 ], [ 118.520263706544981, 31.539723636683693 ], [ 118.520276864746208, 31.540535371785445 ], [ 118.52122466319716, 31.540524098805573 ] ] ] } },
{ "type": "Feature", "properties": { "area_m2": 8100.0000000157161, "area_km2": 0.0081000000000157162, "distance_m": 1265.9664628374001, "relative_position": "后方" }, "geometry": { "type": "Polygon", "coordinates": [ [ [ 118.520276864746208, 31.540535371785445 ], [ 118.520263706544981, 31.539723636683693 ], [ 118.519315915758199, 31.53973490228687 ], [ 118.519329065763799, 31.540546637744718 ], [ 118.520276864746208, 31.540535371785445 ] ] ] } },
{ "type": "Feature", "properties": { "area_m2": 8099.9999999633292, "area_km2": 0.0080999999999633292, "distance_m": 1574.1408182818554, "relative_position": "后方" }, "geometry": { "type": "Polygon", "coordinates": [ [ [ 118.515498514446875, 31.538156420411362 ], [ 118.515485398813283, 31.537344683207177 ], [ 118.514537629959477, 31.537355912643342 ], [ 118.514550737398309, 31.538167650202499 ], [ 118.515498514446875, 31.538156420411362 ] ] ] } },
{ "type": "Feature", "properties": { "area_m2": 8100.0000000523869, "area_km2": 0.0081000000000523865, "distance_m": 1596.857601869855, "relative_position": "后方" }, "geometry": { "type": "Polygon", "coordinates": [ [ [ 118.514550737398309, 31.538167650202499 ], [ 118.514537629959477, 31.537355912643342 ], [ 118.513589860576246, 31.537367135059718 ], [ 118.513602959820332, 31.538178872973631 ], [ 118.514550737398309, 31.538167650202499 ] ] ] } },
{ "type": "Feature", "properties": { "area_m2": 8099.9999998637941, "area_km2": 0.0080999999998637943, "distance_m": 1467.4293546140482, "relative_position": "后方" }, "geometry": { "type": "Polygon", "coordinates": [ [ [ 118.516459415324036, 31.538956920341146 ], [ 118.516446290965661, 31.538145183600218 ], [ 118.515498514446875, 31.538156420411362 ], [ 118.515511630610192, 31.53896815750748 ], [ 118.516459415324036, 31.538956920341146 ] ] ] } },
{ "type": "Feature", "properties": { "area_m2": 8100.0000001938315, "area_km2": 0.0081000000001938324, "distance_m": 1486.3535919716537, "relative_position": "后方" }, "geometry": { "type": "Polygon", "coordinates": [ [ [ 118.515511630610192, 31.53896815750748 ], [ 118.515498514446875, 31.538156420411362 ], [ 118.514550737398309, 31.538167650202499 ], [ 118.514563845366553, 31.538979387653605 ], [ 118.515511630610192, 31.53896815750748 ] ] ] } },
{ "type": "Feature", "properties": { "area_m2": 8099.9999999476131, "area_km2": 0.0080999999999476126, "distance_m": 1510.3919977262744, "relative_position": "后方" }, "geometry": { "type": "Polygon", "coordinates": [ [ [ 118.514563845366553, 31.538979387653605 ], [ 118.514550737398309, 31.538167650202499 ], [ 118.513602959820332, 31.538178872973631 ], [ 118.513616059593531, 31.538990610779489 ], [ 118.514563845366553, 31.538979387653605 ] ] ] } },
{ "type": "Feature", "properties": { "area_m2": 8099.9999998847488, "area_km2": 0.008099999999884748, "distance_m": 1378.7573055927239, "relative_position": "后方" }, "geometry": { "type": "Polygon", "coordinates": [ [ [ 118.516472540212504, 31.539768656974015 ], [ 118.516459415324036, 31.538956920341146 ], [ 118.515511630610192, 31.53896815750748 ], [ 118.515524747303274, 31.539779894495567 ], [ 118.516472540212504, 31.539768656974015 ] ] ] } },
{ "type": "Feature", "properties": { "area_m2": 8100.0000000209548, "area_km2": 0.008100000000020955, "distance_m": 1398.8823775159449, "relative_position": "后方" }, "geometry": { "type": "Polygon", "coordinates": [ [ [ 118.515524747303274, 31.539779894495567 ], [ 118.515511630610192, 31.53896815750748 ], [ 118.514563845366553, 31.538979387653605 ], [ 118.514576953864264, 31.539791124996668 ], [ 118.515524747303274, 31.539779894495567 ] ] ] } },
{ "type": "Feature", "properties": { "area_m2": 8099.999999931897, "area_km2": 0.0080999999999318978, "distance_m": 1424.3984692991885, "relative_position": "后方" }, "geometry": { "type": "Polygon", "coordinates": [ [ [ 118.514576953864264, 31.539791124996668 ], [ 118.514563845366553, 31.538979387653605 ], [ 118.513616059593531, 31.538990610779489 ], [ 118.513629159895771, 31.539802348477316 ], [ 118.514576953864264, 31.539791124996668 ] ] ] } },
{ "type": "Feature", "properties": { "area_m2": 8099.9999999476131, "area_km2": 0.0080999999999476126, "distance_m": 1290.3068295525725, "relative_position": "后方" }, "geometry": { "type": "Polygon", "coordinates": [ [ [ 118.516485665631095, 31.540580393498828 ], [ 118.516472540212504, 31.539768656974015 ], [ 118.515524747303274, 31.539779894495567 ], [ 118.515537864526152, 31.540591631375591 ], [ 118.516485665631095, 31.540580393498828 ] ] ] } },
{ "type": "Feature", "properties": { "area_m2": 8099.9999999633292, "area_km2": 0.0080999999999633292, "distance_m": 1311.7903898230043, "relative_position": "后方" }, "geometry": { "type": "Polygon", "coordinates": [ [ [ 118.515537864526152, 31.540591631375591 ], [ 118.515524747303274, 31.539779894495567 ], [ 118.514576953864264, 31.539791124996668 ], [ 118.514590062891415, 31.54060286223168 ], [ 118.515537864526152, 31.540591631375591 ] ] ] } },
{ "type": "Feature", "properties": { "area_m2": 8099.9999998585554, "area_km2": 0.0080999999998585554, "distance_m": 1355.5766056900184, "relative_position": "后方" }, "geometry": { "type": "Polygon", "coordinates": [ [ [ 118.518368124440286, 31.539746160869647 ], [ 118.518354983161146, 31.538934424947868 ], [ 118.517407199507801, 31.538945676154601 ], [ 118.517420332591627, 31.539757412432046 ], [ 118.518368124440286, 31.539746160869647 ] ] ] } },
{ "type": "Feature", "properties": { "area_m2": 8100.0000000366708, "area_km2": 0.0081000000000366716, "distance_m": 1364.2618475861325, "relative_position": "后方" }, "geometry": { "type": "Polygon", "coordinates": [ [ [ 118.517420332591627, 31.539757412432046 ], [ 118.517407199507801, 31.538945676154601 ], [ 118.516459415324036, 31.538956920341146 ], [ 118.516472540212504, 31.539768656974015 ], [ 118.517420332591627, 31.539757412432046 ] ] ] } },
{ "type": "Feature", "properties": { "area_m2": 8100.0000001309672, "area_km2": 0.0081000000001309677, "distance_m": 1262.5442487687933, "relative_position": "后方" }, "geometry": { "type": "Polygon", "coordinates": [ [ [ 118.519329065763799, 31.540546637744718 ], [ 118.519315915758199, 31.53973490228687 ], [ 118.518368124440286, 31.539746160869647 ], [ 118.518381266250259, 31.540557896683385 ], [ 118.519329065763799, 31.540546637744718 ] ] ] } },
{ "type": "Feature", "properties": { "area_m2": 8100.0000001100125, "area_km2": 0.0081000000001100123, "distance_m": 1265.5053166279836, "relative_position": "后方" }, "geometry": { "type": "Polygon", "coordinates": [ [ [ 118.518381266250259, 31.540557896683385 ], [ 118.518368124440286, 31.539746160869647 ], [ 118.517420332591627, 31.539757412432046 ], [ 118.517433466205887, 31.540569148601438 ], [ 118.518381266250259, 31.540557896683385 ] ] ] } },
{ "type": "Feature", "properties": { "area_m2": 8100.0000000261934, "area_km2": 0.0081000000000261939, "distance_m": 1274.8051927171075, "relative_position": "后方" }, "geometry": { "type": "Polygon", "coordinates": [ [ [ 118.517433466205887, 31.540569148601438 ], [ 118.517420332591627, 31.539757412432046 ], [ 118.516472540212504, 31.539768656974015 ], [ 118.516485665631095, 31.540580393498828 ], [ 118.517433466205887, 31.540569148601438 ] ] ] } },
{ "type": "Feature", "properties": { "area_m2": 8099.9999999266583, "area_km2": 0.0080999999999266589, "distance_m": 1172.2750617149522, "relative_position": "后方" }, "geometry": { "type": "Polygon", "coordinates": [ [ [ 118.519342216300515, 31.541358373094489 ], [ 118.519329065763799, 31.540546637744718 ], [ 118.518381266250259, 31.540557896683385 ], [ 118.518394408590993, 31.541369632389042 ], [ 118.519342216300515, 31.541358373094489 ] ] ] } },
{ "type": "Feature", "properties": { "area_m2": 8100.0000000471482, "area_km2": 0.0081000000000471476, "distance_m": 1175.4644494723907, "relative_position": "后方" }, "geometry": { "type": "Polygon", "coordinates": [ [ [ 118.518394408590993, 31.541369632389042 ], [ 118.518381266250259, 31.540557896683385 ], [ 118.517433466205887, 31.540569148601438 ], [ 118.517446600350652, 31.541380884662743 ], [ 118.518394408590993, 31.541369632389042 ] ] ] } },
{ "type": "Feature", "properties": { "area_m2": 8100.0000000576256, "area_km2": 0.0081000000000576253, "distance_m": 1185.4717914221335, "relative_position": "后方" }, "geometry": { "type": "Polygon", "coordinates": [ [ [ 118.517446600350652, 31.541380884662743 ], [ 118.517433466205887, 31.540569148601438 ], [ 118.516485665631095, 31.540580393498828 ], [ 118.516498791579806, 31.541392129915593 ], [ 118.517446600350652, 31.541380884662743 ] ] ] } },
{ "type": "Feature", "properties": { "area_m2": 8100.0000000890577, "area_km2": 0.0081000000000890585, "distance_m": 1082.0059344242816, "relative_position": "后方" }, "geometry": { "type": "Polygon", "coordinates": [ [ [ 118.519355367368391, 31.542170108336176 ], [ 118.519342216300515, 31.541358373094489 ], [ 118.518394408590993, 31.541369632389042 ], [ 118.518407551462531, 31.542181367986611 ], [ 118.519355367368391, 31.542170108336176 ] ] ] } },
{ "type": "Feature", "properties": { "area_m2": 8099.9999998899875, "area_km2": 0.0080999999998899869, "distance_m": 1085.4615720353786, "relative_position": "后方" }, "geometry": { "type": "Polygon", "coordinates": [ [ [ 118.518407551462531, 31.542181367986611 ], [ 118.518394408590993, 31.541369632389042 ], [ 118.517446600350652, 31.541380884662743 ], [ 118.517459735025867, 31.542192620615982 ], [ 118.518407551462531, 31.542181367986611 ] ] ] } },
{ "type": "Feature", "properties": { "area_m2": 8100.0000000471482, "area_km2": 0.0081000000000471476, "distance_m": 1338.967972759641, "relative_position": "后方" }, "geometry": { "type": "Polygon", "coordinates": [ [ [ 118.514590062891415, 31.54060286223168 ], [ 118.514576953864264, 31.539791124996668 ], [ 118.513629159895771, 31.539802348477316 ], [ 118.513642260727195, 31.540614086067102 ], [ 118.514590062891415, 31.54060286223168 ] ] ] } },
{ "type": "Feature", "properties": { "area_m2": 8100.0000000576256, "area_km2": 0.0081000000000576253, "distance_m": 1202.1268338104992, "relative_position": "后方" }, "geometry": { "type": "Polygon", "coordinates": [ [ [ 118.516498791579806, 31.541392129915593 ], [ 118.516485665631095, 31.540580393498828 ], [ 118.515537864526152, 31.540591631375591 ], [ 118.515550982278839, 31.541403368147567 ], [ 118.516498791579806, 31.541392129915593 ] ] ] } },
{ "type": "Feature", "properties": { "area_m2": 8100.0000000576256, "area_km2": 0.0081000000000576253, "distance_m": 1225.1585025141117, "relative_position": "后方" }, "geometry": { "type": "Polygon", "coordinates": [ [ [ 118.515550982278839, 31.541403368147567 ], [ 118.515537864526152, 31.540591631375591 ], [ 118.514590062891415, 31.54060286223168 ], [ 118.514603172448034, 31.541414599358657 ], [ 118.515550982278839, 31.541403368147567 ] ] ] } },
{ "type": "Feature", "properties": { "area_m2": 8100.0000000523869, "area_km2": 0.0081000000000523865, "distance_m": 1254.215563122458, "relative_position": "后方" }, "geometry": { "type": "Polygon", "coordinates": [ [ [ 118.514603172448034, 31.541414599358657 ], [ 118.514590062891415, 31.54060286223168 ], [ 118.513642260727195, 31.540614086067102 ], [ 118.513655362087732, 31.541425823548845 ], [ 118.514603172448034, 31.541414599358657 ] ] ] } },
{ "type": "Feature", "properties": { "area_m2": 8099.9999999423744, "area_km2": 0.0080999999999423738, "distance_m": 1114.2815317689533, "relative_position": "后方" }, "geometry": { "type": "Polygon", "coordinates": [ [ [ 118.516511918058683, 31.54220386622427 ], [ 118.516498791579806, 31.541392129915593 ], [ 118.515550982278839, 31.541403368147567 ], [ 118.515564100561321, 31.542215104811472 ], [ 118.516511918058683, 31.54220386622427 ] ] ] } },
{ "type": "Feature", "properties": { "area_m2": 8099.9999999004649, "area_km2": 0.0080999999999004646, "distance_m": 1139.0916944062712, "relative_position": "后方" }, "geometry": { "type": "Polygon", "coordinates": [ [ [ 118.515564100561321, 31.542215104811472 ], [ 118.515550982278839, 31.541403368147567 ], [ 118.514603172448034, 31.541414599358657 ], [ 118.514616282534135, 31.542226336377563 ], [ 118.515564100561321, 31.542215104811472 ] ] ] } },
{ "type": "Feature", "properties": { "area_m2": 8099.9999998795101, "area_km2": 0.0080999999998795109, "distance_m": 1170.2885683631703, "relative_position": "后方" }, "geometry": { "type": "Polygon", "coordinates": [ [ [ 118.514616282534135, 31.542226336377563 ], [ 118.514603172448034, 31.541414599358657 ], [ 118.513655362087732, 31.541425823548845 ], [ 118.513668463977439, 31.542237560922533 ], [ 118.514616282534135, 31.542226336377563 ] ] ] } },
{ "type": "Feature", "properties": { "area_m2": 8100.0000000314321, "area_km2": 0.0081000000000314328, "distance_m": 1026.8568208876184, "relative_position": "后方" }, "geometry": { "type": "Polygon", "coordinates": [ [ [ 118.516525045067723, 31.543015602424898 ], [ 118.516511918058683, 31.54220386622427 ], [ 118.515564100561321, 31.542215104811472 ], [ 118.515577219373668, 31.543026841367329 ], [ 118.516525045067723, 31.543015602424898 ] ] ] } },
{ "type": "Feature", "properties": { "area_m2": 8099.9999999947613, "area_km2": 0.0080999999999947607, "distance_m": 1053.7284358716768, "relative_position": "后方" }, "geometry": { "type": "Polygon", "coordinates": [ [ [ 118.515577219373668, 31.543026841367329 ], [ 118.515564100561321, 31.542215104811472 ], [ 118.514616282534135, 31.542226336377563 ], [ 118.514629393149761, 31.543038073288429 ], [ 118.515577219373668, 31.543026841367329 ] ] ] } },
{ "type": "Feature", "properties": { "area_m2": 8100.0000000052387, "area_km2": 0.0081000000000052384, "distance_m": 1087.3781261587096, "relative_position": "后方" }, "geometry": { "type": "Polygon", "coordinates": [ [ [ 118.514629393149761, 31.543038073288429 ], [ 118.514616282534135, 31.542226336377563 ], [ 118.513668463977439, 31.542237560922533 ], [ 118.513681566396315, 31.543049298188183 ], [ 118.514629393149761, 31.543038073288429 ] ] ] } },
{ "type": "Feature", "properties": { "area_m2": 8099.999999931897, "area_km2": 0.0080999999999318978, "distance_m": 1227.0556432402227, "relative_position": "后方" }, "geometry": { "type": "Polygon", "coordinates": [ [ [ 118.523133441823859, 31.541313265708116 ], [ 118.523120258503397, 31.540501531784106 ], [ 118.522172461116355, 31.540512818805119 ], [ 118.522185636240906, 31.541324553085911 ], [ 118.523133441823859, 31.541313265708116 ] ] ] } },
{ "type": "Feature", "properties": { "area_m2": 8099.9999999580905, "area_km2": 0.0080999999999580904, "distance_m": 1172.7612844268897, "relative_position": "后方" }, "geometry": { "type": "Polygon", "coordinates": [ [ [ 118.524094438923498, 31.542113704768457 ], [ 118.52408124687436, 31.541301971309558 ], [ 118.523133441823859, 31.541313265708116 ], [ 118.523146625676816, 31.54212499952402 ], [ 118.524094438923498, 31.542113704768457 ] ] ] } },
{ "type": "Feature", "properties": { "area_m2": 8100.0000000523869, "area_km2": 0.0081000000000523865, "distance_m": 1141.124458968523, "relative_position": "后方" }, "geometry": { "type": "Polygon", "coordinates": [ [ [ 118.523146625676816, 31.54212499952402 ], [ 118.523133441823859, 31.541313265708116 ], [ 118.522185636240906, 31.541324553085911 ], [ 118.522198811897596, 31.542136287258593 ], [ 118.523146625676816, 31.54212499952402 ] ] ] } },
{ "type": "Feature", "properties": { "area_m2": 8099.999999916181, "area_km2": 0.0080999999999161812, "distance_m": 1115.8403993837214, "relative_position": "后方" }, "geometry": { "type": "Polygon", "coordinates": [ [ [ 118.522198811897596, 31.542136287258593 ], [ 118.522185636240906, 31.541324553085911 ], [ 118.521237830125798, 31.541335833442915 ], [ 118.52125099758625, 31.542147567972147 ], [ 118.522198811897596, 31.542136287258593 ] ] ] } },
{ "type": "Feature", "properties": { "area_m2": 8099.9999999109423, "area_km2": 0.0080999999999109423, "distance_m": 1090.0291362862652, "relative_position": "后方" }, "geometry": { "type": "Polygon", "coordinates": [ [ [ 118.524107631505487, 31.542925438119255 ], [ 118.524094438923498, 31.542113704768457 ], [ 118.523146625676816, 31.54212499952402 ], [ 118.523159810062225, 31.54293673323183 ], [ 118.524107631505487, 31.542925438119255 ] ] ] } },
{ "type": "Feature", "properties": { "area_m2": 8100.0000001204899, "area_km2": 0.00810000000012049, "distance_m": 1055.9174515611185, "relative_position": "后方" }, "geometry": { "type": "Polygon", "coordinates": [ [ [ 118.523159810062225, 31.54293673323183 ], [ 118.523146625676816, 31.54212499952402 ], [ 118.522198811897596, 31.542136287258593 ], [ 118.522211988086454, 31.542948021323184 ], [ 118.523159810062225, 31.54293673323183 ] ] ] } },
{ "type": "Feature", "properties": { "area_m2": 8099.999999931897, "area_km2": 0.0080999999999318978, "distance_m": 1028.5419653436934, "relative_position": "后方" }, "geometry": { "type": "Polygon", "coordinates": [ [ [ 118.522211988086454, 31.542948021323184 ], [ 118.522198811897596, 31.542136287258593 ], [ 118.52125099758625, 31.542147567972147 ], [ 118.521264165578529, 31.542959302393296 ], [ 118.522211988086454, 31.542948021323184 ] ] ] } },
{ "type": "Feature", "properties": { "area_m2": 8099.9999999528518, "area_km2": 0.0080999999999528515, "distance_m": 1008.5906744545462, "relative_position": "后方" }, "geometry": { "type": "Polygon", "coordinates": [ [ [ 118.524120824620283, 31.54373717136194 ], [ 118.524107631505487, 31.542925438119255 ], [ 118.523159810062225, 31.54293673323183 ], [ 118.523172994980158, 31.54374846683152 ], [ 118.524120824620283, 31.54373717136194 ] ] ] } },
{ "type": "Feature", "properties": { "area_m2": 8099.9999998847488, "area_km2": 0.008099999999884748, "distance_m": 971.62515732947872, "relative_position": "后方" }, "geometry": { "type": "Polygon", "coordinates": [ [ [ 118.523172994980158, 31.54374846683152 ], [ 118.523159810062225, 31.54293673323183 ], [ 118.522211988086454, 31.542948021323184 ], [ 118.522225164807494, 31.543759755279655 ], [ 118.523172994980158, 31.54374846683152 ] ] ] } },
{ "type": "Feature", "properties": { "area_m2": 8099.999999931897, "area_km2": 0.0080999999999318978, "distance_m": 941.8038572262833, "relative_position": "后方" }, "geometry": { "type": "Polygon", "coordinates": [ [ [ 118.522225164807494, 31.543759755279655 ], [ 118.522211988086454, 31.542948021323184 ], [ 118.521264165578529, 31.542959302393296 ], [ 118.521277334102635, 31.543771036706346 ], [ 118.522225164807494, 31.543759755279655 ] ] ] } },
{ "type": "Feature", "properties": { "area_m2": 8099.9999998847488, "area_km2": 0.008099999999884748, "distance_m": 2361.5528281376528, "relative_position": "后方" }, "geometry": { "type": "Polygon", "coordinates": [ [ [ 118.503138345890491, 31.535866634402876 ], [ 118.503125338366161, 31.535054892277447 ], [ 118.502177587238961, 31.535066029399054 ], [ 118.502190586569284, 31.535877771876557 ], [ 118.503138345890491, 31.535866634402876 ] ] ] } },
{ "type": "Feature", "properties": { "area_m2": 8100.0000001047738, "area_km2": 0.0081000000001047734, "distance_m": 2420.4891092736802, "relative_position": "后方" }, "geometry": { "type": "Polygon", "coordinates": [ [ [ 118.502190586569284, 31.535877771876557 ], [ 118.502177587238961, 31.535066029399054 ], [ 118.501229835586685, 31.535077159501359 ], [ 118.501242826723015, 31.535888902330708 ], [ 118.502190586569284, 31.535877771876557 ] ] ] } },
{ "type": "Feature", "properties": { "area_m2": 8099.9999999738066, "area_km2": 0.008099999999973807, "distance_m": 2481.2783831829406, "relative_position": "后方" }, "geometry": { "type": "Polygon", "coordinates": [ [ [ 118.501242826723015, 31.535888902330708 ], [ 118.501229835586685, 31.535077159501359 ], [ 118.500282083409715, 31.535088282584354 ], [ 118.500295066352024, 31.535900025765319 ], [ 118.501242826723015, 31.535888902330708 ] ] ] } },
{ "type": "Feature", "properties": { "area_m2": 8100.0000000995351, "area_km2": 0.0081000000000995345, "distance_m": 2123.8445726177611, "relative_position": "后方" }, "geometry": { "type": "Polygon", "coordinates": [ [ [ 118.505994653333005, 31.536644920824749 ], [ 118.505981620700453, 31.535833179864841 ], [ 118.505033862956395, 31.535844338397006 ], [ 118.505046887394684, 31.536656079709655 ], [ 118.505994653333005, 31.536644920824749 ] ] ] } },
{ "type": "Feature", "properties": { "area_m2": 8100.0000000995351, "area_km2": 0.0081000000000995345, "distance_m": 2178.1038399103595, "relative_position": "后方" }, "geometry": { "type": "Polygon", "coordinates": [ [ [ 118.505046887394684, 31.536656079709655 ], [ 118.505033862956395, 31.535844338397006 ], [ 118.504086104686309, 31.535855489909686 ], [ 118.504099120930292, 31.536667231574864 ], [ 118.505046887394684, 31.536656079709655 ] ] ] } },
{ "type": "Feature", "properties": { "area_m2": 8100.0000000366708, "area_km2": 0.0081000000000366716, "distance_m": 2234.6579105845526, "relative_position": "后方" }, "geometry": { "type": "Polygon", "coordinates": [ [ [ 118.504099120930292, 31.536667231574864 ], [ 118.504086104686309, 31.535855489909686 ], [ 118.503138345890491, 31.535866634402876 ], [ 118.503151353940197, 31.536678376420344 ], [ 118.504099120930292, 31.536667231574864 ] ] ] } },
{ "type": "Feature", "properties": { "area_m2": 8100.000000083819, "area_km2": 0.0081000000000838197, "distance_m": 2293.3370235487746, "relative_position": "后方" }, "geometry": { "type": "Polygon", "coordinates": [ [ [ 118.503151353940197, 31.536678376420344 ], [ 118.503138345890491, 31.535866634402876 ], [ 118.502190586569284, 31.535877771876557 ], [ 118.502203586424656, 31.536689514246099 ], [ 118.503151353940197, 31.536678376420344 ] ] ] } },
{ "type": "Feature", "properties": { "area_m2": 8100.0000001466833, "area_km2": 0.0081000000001466826, "distance_m": 2353.9822708219599, "relative_position": "后方" }, "geometry": { "type": "Polygon", "coordinates": [ [ [ 118.502203586424656, 31.536689514246099 ], [ 118.502190586569284, 31.535877771876557 ], [ 118.501242826723015, 31.535888902330708 ], [ 118.501255818384053, 31.5367006450521 ], [ 118.502203586424656, 31.536689514246099 ] ] ] } },
{ "type": "Feature", "properties": { "area_m2": 8099.9999999580905, "area_km2": 0.0080999999999580904, "distance_m": 2051.6992500826304, "relative_position": "后方" }, "geometry": { "type": "Polygon", "coordinates": [ [ [ 118.506007686491941, 31.537456661676668 ], [ 118.505994653333005, 31.536644920824749 ], [ 118.505046887394684, 31.536656079709655 ], [ 118.505059912359044, 31.537467820914319 ], [ 118.506007686491941, 31.537456661676668 ] ] ] } },
{ "type": "Feature", "properties": { "area_m2": 8100.0000000366708, "area_km2": 0.0081000000000366716, "distance_m": 2107.8169874486193, "relative_position": "后方" }, "geometry": { "type": "Polygon", "coordinates": [ [ [ 118.505059912359044, 31.537467820914319 ], [ 118.505046887394684, 31.536656079709655 ], [ 118.504099120930292, 31.536667231574864 ], [ 118.504112137700062, 31.537478973132046 ], [ 118.505059912359044, 31.537467820914319 ] ] ] } },
{ "type": "Feature", "properties": { "area_m2": 8099.9999999790452, "area_km2": 0.0080999999999790458, "distance_m": 1823.6858129934969, "relative_position": "后方" }, "geometry": { "type": "Polygon", "coordinates": [ [ [ 118.516406921070953, 31.535709972729066 ], [ 118.516393798832766, 31.534898235555914 ], [ 118.515446055090834, 31.534909470946321 ], [ 118.515459169135298, 31.535721208474651 ], [ 118.516406921070953, 31.535709972729066 ] ] ] } },
{ "type": "Feature", "properties": { "area_m2": 8099.9999999214197, "area_km2": 0.0080999999999214201, "distance_m": 1838.9452550756855, "relative_position": "后方" }, "geometry": { "type": "Polygon", "coordinates": [ [ [ 118.515459169135298, 31.535721208474651 ], [ 118.515446055090834, 31.534909470946321 ], [ 118.514498310819249, 31.534920699317617 ], [ 118.514511416669947, 31.535732437200881 ], [ 118.515459169135298, 31.535721208474651 ] ] ] } },
{ "type": "Feature", "properties": { "area_m2": 8100.0000000157161, "area_km2": 0.0081000000000157162, "distance_m": 1858.4262865974542, "relative_position": "后方" }, "geometry": { "type": "Polygon", "coordinates": [ [ [ 118.514511416669947, 31.535732437200881 ], [ 118.514498310819249, 31.534920699317617 ], [ 118.51355056601831, 31.534931920669774 ], [ 118.513563663675257, 31.53574365890778 ], [ 118.514511416669947, 31.535732437200881 ] ] ] } },
{ "type": "Feature", "properties": { "area_m2": 8100.0000000576256, "area_km2": 0.0081000000000576253, "distance_m": 1734.4347322493002, "relative_position": "后方" }, "geometry": { "type": "Polygon", "coordinates": [ [ [ 118.516420043839133, 31.536521709794179 ], [ 118.516406921070953, 31.535709972729066 ], [ 118.515459169135298, 31.535721208474651 ], [ 118.515472283709443, 31.53653294589494 ], [ 118.516420043839133, 31.536521709794179 ] ] ] } },
{ "type": "Feature", "properties": { "area_m2": 8100.0000000890577, "area_km2": 0.0081000000000890585, "distance_m": 1750.4729746489941, "relative_position": "后方" }, "geometry": { "type": "Polygon", "coordinates": [ [ [ 118.515472283709443, 31.53653294589494 ], [ 118.515459169135298, 31.535721208474651 ], [ 118.514511416669947, 31.535732437200881 ], [ 118.514524523050042, 31.536544174976139 ], [ 118.515472283709443, 31.53653294589494 ] ] ] } },
{ "type": "Feature", "properties": { "area_m2": 8100.0000001204899, "area_km2": 0.00810000000012049, "distance_m": 1770.9280991603403, "relative_position": "后方" }, "geometry": { "type": "Polygon", "coordinates": [ [ [ 118.514524523050042, 31.536544174976139 ], [ 118.514511416669947, 31.535732437200881 ], [ 118.513563663675257, 31.53574365890778 ], [ 118.513576761861245, 31.536555397037777 ], [ 118.514524523050042, 31.536544174976139 ] ] ] } },
{ "type": "Feature", "properties": { "area_m2": 8099.9999999947613, "area_km2": 0.0080999999999947607, "distance_m": 1645.2947975727409, "relative_position": "后方" }, "geometry": { "type": "Polygon", "coordinates": [ [ [ 118.516433167137379, 31.537333446751223 ], [ 118.516420043839133, 31.536521709794179 ], [ 118.515472283709443, 31.53653294589494 ], [ 118.515485398813283, 31.537344683207177 ], [ 118.516433167137379, 31.537333446751223 ] ] ] } },
{ "type": "Feature", "properties": { "area_m2": 8099.9999999109423, "area_km2": 0.0080999999999109423, "distance_m": 1662.1939894557365, "relative_position": "后方" }, "geometry": { "type": "Polygon", "coordinates": [ [ [ 118.515485398813283, 31.537344683207177 ], [ 118.515472283709443, 31.53653294589494 ], [ 118.514524523050042, 31.536544174976139 ], [ 118.514537629959477, 31.537355912643342 ], [ 118.515485398813283, 31.537344683207177 ] ] ] } },
{ "type": "Feature", "properties": { "area_m2": 8100.0000000261934, "area_km2": 0.0081000000000261939, "distance_m": 1683.7225564518685, "relative_position": "后方" }, "geometry": { "type": "Polygon", "coordinates": [ [ [ 118.514537629959477, 31.537355912643342 ], [ 118.514524523050042, 31.536544174976139 ], [ 118.513576761861245, 31.536555397037777 ], [ 118.513589860576246, 31.537367135059718 ], [ 118.514537629959477, 31.537355912643342 ] ] ] } },
{ "type": "Feature", "properties": { "area_m2": 8099.9999999738066, "area_km2": 0.008099999999973807, "distance_m": 1556.2851055556218, "relative_position": "后方" }, "geometry": { "type": "Polygon", "coordinates": [ [ [ 118.516446290965661, 31.538145183600218 ], [ 118.516433167137379, 31.537333446751223 ], [ 118.515485398813283, 31.537344683207177 ], [ 118.515498514446875, 31.538156420411362 ], [ 118.516446290965661, 31.538145183600218 ] ] ] } },
{ "type": "Feature", "properties": { "area_m2": 8099.9999999371357, "area_km2": 0.0080999999999371349, "distance_m": 2022.9413692552323, "relative_position": "后方" }, "geometry": { "type": "Polygon", "coordinates": [ [ [ 118.507890183630067, 31.536622581995886 ], [ 118.507877134609046, 31.535810841742123 ], [ 118.506929377918112, 31.535822014313219 ], [ 118.506942418744913, 31.536633754920153 ], [ 118.507890183630067, 31.536622581995886 ] ] ] } },
{ "type": "Feature", "properties": { "area_m2": 8100.000000068103, "area_km2": 0.0081000000000681031, "distance_m": 2072.0603890122939, "relative_position": "后方" }, "geometry": { "type": "Polygon", "coordinates": [ [ [ 118.506942418744913, 31.536633754920153 ], [ 118.506929377918112, 31.535822014313219 ], [ 118.505981620700453, 31.535833179864841 ], [ 118.505994653333005, 31.536644920824749 ], [ 118.506942418744913, 31.536633754920153 ] ] ] } },
{ "type": "Feature", "properties": { "area_m2": 8100.000000068103, "area_km2": 0.0081000000000681031, "distance_m": 1853.9605281309332, "relative_position": "后方" }, "geometry": { "type": "Polygon", "coordinates": [ [ [ 118.509798777756046, 31.537411954527055 ], [ 118.509785711818893, 31.536600215088352 ], [ 118.508837947988184, 31.536611402051946 ], [ 118.50885100573079, 31.537423141844283 ], [ 118.509798777756046, 31.537411954527055 ] ] ] } },
{ "type": "Feature", "properties": { "area_m2": 8099.9999999004649, "area_km2": 0.0080999999999004646, "distance_m": 1898.9565965736019, "relative_position": "后方" }, "geometry": { "type": "Polygon", "coordinates": [ [ [ 118.50885100573079, 31.537423141844283 ], [ 118.508837947988184, 31.536611402051946 ], [ 118.507890183630067, 31.536622581995886 ], [ 118.507903233178155, 31.537434322141632 ], [ 118.50885100573079, 31.537423141844283 ] ] ] } },
{ "type": "Feature", "properties": { "area_m2": 8099.999999848078, "area_km2": 0.0080999999998480777, "distance_m": 1947.0597524439204, "relative_position": "后方" }, "geometry": { "type": "Polygon", "coordinates": [ [ [ 118.507903233178155, 31.537434322141632 ], [ 118.507890183630067, 31.536622581995886 ], [ 118.506942418744913, 31.536633754920153 ], [ 118.506955460098439, 31.537445495419096 ], [ 118.507903233178155, 31.537434322141632 ] ] ] } },
{ "type": "Feature", "properties": { "area_m2": 8100.0000000471482, "area_km2": 0.0081000000000471476, "distance_m": 1998.045601799311, "relative_position": "后方" }, "geometry": { "type": "Polygon", "coordinates": [ [ [ 118.506955460098439, 31.537445495419096 ], [ 118.506942418744913, 31.536633754920153 ], [ 118.505994653333005, 31.536644920824749 ], [ 118.506007686491941, 31.537456661676668 ], [ 118.506955460098439, 31.537445495419096 ] ] ] } },
{ "type": "Feature", "properties": { "area_m2": 8100.0000000628643, "area_km2": 0.0081000000000628642, "distance_m": 1775.4471675818093, "relative_position": "后方" }, "geometry": { "type": "Polygon", "coordinates": [ [ [ 118.509811844220906, 31.538223693857756 ], [ 118.509798777756046, 31.537411954527055 ], [ 118.50885100573079, 31.537423141844283 ], [ 118.508864064000846, 31.538234881528616 ], [ 118.509811844220906, 31.538223693857756 ] ] ] } },
{ "type": "Feature", "properties": { "area_m2": 8100.0000000052387, "area_km2": 0.0081000000000052384, "distance_m": 1822.3833968011891, "relative_position": "后方" }, "geometry": { "type": "Polygon", "coordinates": [ [ [ 118.508864064000846, 31.538234881528616 ], [ 118.50885100573079, 31.537423141844283 ], [ 118.507903233178155, 31.537434322141632 ], [ 118.507916283253309, 31.538246062179383 ], [ 118.508864064000846, 31.538234881528616 ] ] ] } },
{ "type": "Feature", "properties": { "area_m2": 8099.9999999790452, "area_km2": 0.0080999999999790458, "distance_m": 1872.4553001596166, "relative_position": "后方" }, "geometry": { "type": "Polygon", "coordinates": [ [ [ 118.507916283253309, 31.538246062179383 ], [ 118.507903233178155, 31.537434322141632 ], [ 118.506955460098439, 31.537445495419096 ], [ 118.506968501978704, 31.538257235810047 ], [ 118.507916283253309, 31.538246062179383 ] ] ] } },
{ "type": "Feature", "properties": { "area_m2": 8100.0000001100125, "area_km2": 0.0081000000001100123, "distance_m": 1925.4182606908266, "relative_position": "后方" }, "geometry": { "type": "Polygon", "coordinates": [ [ [ 118.506968501978704, 31.538257235810047 ], [ 118.506955460098439, 31.537445495419096 ], [ 118.506007686491941, 31.537456661676668 ], [ 118.506020720177318, 31.538268402420599 ], [ 118.506968501978704, 31.538257235810047 ] ] ] } },
{ "type": "Feature", "properties": { "area_m2": 8099.9999999738066, "area_km2": 0.008099999999973807, "distance_m": 2166.2073219010135, "relative_position": "后方" }, "geometry": { "type": "Polygon", "coordinates": [ [ [ 118.504112137700062, 31.537478973132046 ], [ 118.504099120930292, 31.536667231574864 ], [ 118.503151353940197, 31.536678376420344 ], [ 118.503164362515292, 31.537490118329831 ], [ 118.504112137700062, 31.537478973132046 ] ] ] } },
{ "type": "Feature", "properties": { "area_m2": 8099.999999916181, "area_km2": 0.0080999999999161812, "distance_m": 2226.6914816998396, "relative_position": "后方" }, "geometry": { "type": "Polygon", "coordinates": [ [ [ 118.503164362515292, 31.537490118329831 ], [ 118.503151353940197, 31.536678376420344 ], [ 118.502203586424656, 31.536689514246099 ], [ 118.502216586805133, 31.537501256507664 ], [ 118.503164362515292, 31.537490118329831 ] ] ] } },
{ "type": "Feature", "properties": { "area_m2": 8100.0000000314321, "area_km2": 0.0081000000000314328, "distance_m": 1981.0404192554074, "relative_position": "后方" }, "geometry": { "type": "Polygon", "coordinates": [ [ [ 118.506020720177318, 31.538268402420599 ], [ 118.506007686491941, 31.537456661676668 ], [ 118.505059912359044, 31.537467820914319 ], [ 118.505072937849491, 31.538279562011002 ], [ 118.506020720177318, 31.538268402420599 ] ] ] } },
{ "type": "Feature", "properties": { "area_m2": 8099.9999999476131, "area_km2": 0.0080999999999476126, "distance_m": 2039.1041804461674, "relative_position": "后方" }, "geometry": { "type": "Polygon", "coordinates": [ [ [ 118.505072937849491, 31.538279562011002 ], [ 118.505059912359044, 31.537467820914319 ], [ 118.504112137700062, 31.537478973132046 ], [ 118.504125154995563, 31.538290714581255 ], [ 118.505072937849491, 31.538279562011002 ] ] ] } },
{ "type": "Feature", "properties": { "area_m2": 8100.0000001990702, "area_km2": 0.0081000000001990695, "distance_m": 2099.4069738371654, "relative_position": "后方" }, "geometry": { "type": "Polygon", "coordinates": [ [ [ 118.504125154995563, 31.538290714581255 ], [ 118.504112137700062, 31.537478973132046 ], [ 118.503164362515292, 31.537490118329831 ], [ 118.503177371615834, 31.538301860131355 ], [ 118.504125154995563, 31.538290714581255 ] ] ] } },
{ "type": "Feature", "properties": { "area_m2": 8099.9999999633292, "area_km2": 0.0080999999999633292, "distance_m": 1912.0328847212345, "relative_position": "后方" }, "geometry": { "type": "Polygon", "coordinates": [ [ [ 118.506033754389122, 31.53908014305652 ], [ 118.506020720177318, 31.538268402420599 ], [ 118.505072937849491, 31.538279562011002 ], [ 118.505085963866037, 31.53909130299968 ], [ 118.506033754389122, 31.53908014305652 ] ] ] } },
{ "type": "Feature", "properties": { "area_m2": 8099.999999931897, "area_km2": 0.0080999999999318978, "distance_m": 1972.129952526695, "relative_position": "后方" }, "geometry": { "type": "Polygon", "coordinates": [ [ [ 118.505085963866037, 31.53909130299968 ], [ 118.505072937849491, 31.538279562011002 ], [ 118.504125154995563, 31.538290714581255 ], [ 118.504138172816823, 31.539102455922485 ], [ 118.505085963866037, 31.53909130299968 ] ] ] } },
{ "type": "Feature", "properties": { "area_m2": 8099.9999999895226, "area_km2": 0.0080999999999895218, "distance_m": 1844.8619555768425, "relative_position": "后方" }, "geometry": { "type": "Polygon", "coordinates": [ [ [ 118.506046789127396, 31.539891883584449 ], [ 118.506033754389122, 31.53908014305652 ], [ 118.505085963866037, 31.53909130299968 ], [ 118.505098990408712, 31.539903043880386 ], [ 118.506046789127396, 31.539891883584449 ] ] ] } },
{ "type": "Feature", "properties": { "area_m2": 8100.0000000209548, "area_km2": 0.008100000000020955, "distance_m": 1624.2315105083885, "relative_position": "后方" }, "geometry": { "type": "Polygon", "coordinates": [ [ [ 118.513602959820332, 31.538178872973631 ], [ 118.513589860576246, 31.537367135059718 ], [ 118.512642090663974, 31.537378350456294 ], [ 118.512655181713285, 31.538190088724726 ], [ 118.513602959820332, 31.538178872973631 ] ] ] } },
{ "type": "Feature", "properties": { "area_m2": 8099.9999998899875, "area_km2": 0.0080999999998899869, "distance_m": 1656.0316205794988, "relative_position": "后方" }, "geometry": { "type": "Polygon", "coordinates": [ [ [ 118.512655181713285, 31.538190088724726 ], [ 118.512642090663974, 31.537378350456294 ], [ 118.511694320222972, 31.537389558833048 ], [ 118.51170740307748, 31.538201297455792 ], [ 118.512655181713285, 31.538190088724726 ] ] ] } },
{ "type": "Feature", "properties": { "area_m2": 8100.0000001414446, "area_km2": 0.0081000000001414454, "distance_m": 1692.0083929724678, "relative_position": "后方" }, "geometry": { "type": "Polygon", "coordinates": [ [ [ 118.51170740307748, 31.538201297455792 ], [ 118.511694320222972, 31.537389558833048 ], [ 118.510746549253525, 31.537400760189975 ], [ 118.510759623913231, 31.538212499166807 ], [ 118.51170740307748, 31.538201297455792 ] ] ] } },
{ "type": "Feature", "properties": { "area_m2": 8100.0000000366708, "area_km2": 0.0081000000000366716, "distance_m": 1731.9015663783043, "relative_position": "后方" }, "geometry": { "type": "Polygon", "coordinates": [ [ [ 118.510759623913231, 31.538212499166807 ], [ 118.510746549253525, 31.537400760189975 ], [ 118.509798777756046, 31.537411954527055 ], [ 118.509811844220906, 31.538223693857756 ], [ 118.510759623913231, 31.538212499166807 ] ] ] } },
{ "type": "Feature", "properties": { "area_m2": 8100.0000000785803, "area_km2": 0.0081000000000785808, "distance_m": 1539.3050007789707, "relative_position": "后方" }, "geometry": { "type": "Polygon", "coordinates": [ [ [ 118.513616059593531, 31.538990610779489 ], [ 118.513602959820332, 31.538178872973631 ], [ 118.512655181713285, 31.538190088724726 ], [ 118.512668273291339, 31.539001826885126 ], [ 118.513616059593531, 31.538990610779489 ] ] ] } },
{ "type": "Feature", "properties": { "area_m2": 8099.9999998323619, "area_km2": 0.0080999999998323611, "distance_m": 1572.8238018255065, "relative_position": "后方" }, "geometry": { "type": "Polygon", "coordinates": [ [ [ 118.512668273291339, 31.539001826885126 ], [ 118.512655181713285, 31.538190088724726 ], [ 118.51170740307748, 31.538201297455792 ], [ 118.511720486460433, 31.539013035970502 ], [ 118.512668273291339, 31.539001826885126 ] ] ] } },
{ "type": "Feature", "properties": { "area_m2": 8100.0000001676381, "area_km2": 0.008100000000167638, "distance_m": 1610.6608831883832, "relative_position": "后方" }, "geometry": { "type": "Polygon", "coordinates": [ [ [ 118.511720486460433, 31.539013035970502 ], [ 118.51170740307748, 31.538201297455792 ], [ 118.510759623913231, 31.538212499166807 ], [ 118.51077269910104, 31.539024238035605 ], [ 118.511720486460433, 31.539013035970502 ] ] ] } },
{ "type": "Feature", "properties": { "area_m2": 8099.9999998742715, "area_km2": 0.008099999999874272, "distance_m": 1652.5196543077191, "relative_position": "后方" }, "geometry": { "type": "Polygon", "coordinates": [ [ [ 118.51077269910104, 31.539024238035605 ], [ 118.510759623913231, 31.538212499166807 ], [ 118.509811844220906, 31.538223693857756 ], [ 118.50982491121357, 31.539035433080418 ], [ 118.51077269910104, 31.539024238035605 ] ] ] } },
{ "type": "Feature", "properties": { "area_m2": 8099.9999999895226, "area_km2": 0.0080999999999895218, "distance_m": 1455.0219939045833, "relative_position": "后方" }, "geometry": { "type": "Polygon", "coordinates": [ [ [ 118.513629159895771, 31.539802348477316 ], [ 118.513616059593531, 31.538990610779489 ], [ 118.512668273291339, 31.539001826885126 ], [ 118.512681365398194, 31.539813564937489 ], [ 118.513629159895771, 31.539802348477316 ] ] ] } },
{ "type": "Feature", "properties": { "area_m2": 8099.9999999057036, "area_km2": 0.0080999999999057035, "distance_m": 1490.4381676777455, "relative_position": "后方" }, "geometry": { "type": "Polygon", "coordinates": [ [ [ 118.512681365398194, 31.539813564937489 ], [ 118.512668273291339, 31.539001826885126 ], [ 118.511720486460433, 31.539013035970502 ], [ 118.511733570371817, 31.539824774377188 ], [ 118.512681365398194, 31.539813564937489 ] ] ] } },
{ "type": "Feature", "properties": { "area_m2": 8100.0, "area_km2": 0.0081, "distance_m": 1698.102737941176, "relative_position": "后方" }, "geometry": { "type": "Polygon", "coordinates": [ [ [ 118.50982491121357, 31.539035433080418 ], [ 118.509811844220906, 31.538223693857756 ], [ 118.508864064000846, 31.538234881528616 ], [ 118.508877122798282, 31.539046621104937 ], [ 118.50982491121357, 31.539035433080418 ] ] ] } },
{ "type": "Feature", "properties": { "area_m2": 8100.0000000261934, "area_km2": 0.0081000000000261939, "distance_m": 1747.1186560004437, "relative_position": "后方" }, "geometry": { "type": "Polygon", "coordinates": [ [ [ 118.508877122798282, 31.539046621104937 ], [ 118.508864064000846, 31.538234881528616 ], [ 118.507916283253309, 31.538246062179383 ], [ 118.507929333855586, 31.539057802109131 ], [ 118.508877122798282, 31.539046621104937 ] ] ] } },
{ "type": "Feature", "properties": { "area_m2": 8099.9999999580905, "area_km2": 0.0080999999999580904, "distance_m": 1799.2868842245896, "relative_position": "后方" }, "geometry": { "type": "Polygon", "coordinates": [ [ [ 118.507929333855586, 31.539057802109131 ], [ 118.507916283253309, 31.538246062179383 ], [ 118.506968501978704, 31.538257235810047 ], [ 118.506981544385752, 31.539068976092999 ], [ 118.507929333855586, 31.539057802109131 ] ] ] } },
{ "type": "Feature", "properties": { "area_m2": 8100.0000000419095, "area_km2": 0.0081000000000419087, "distance_m": 1854.3413937833104, "relative_position": "后方" }, "geometry": { "type": "Polygon", "coordinates": [ [ [ 118.506981544385752, 31.539068976092999 ], [ 118.506968501978704, 31.538257235810047 ], [ 118.506020720177318, 31.538268402420599 ], [ 118.506033754389122, 31.53908014305652 ], [ 118.506981544385752, 31.539068976092999 ] ] ] } },
{ "type": "Feature", "properties": { "area_m2": 8099.9999999423744, "area_km2": 0.0080999999999423738, "distance_m": 1622.0944562065861, "relative_position": "后方" }, "geometry": { "type": "Polygon", "coordinates": [ [ [ 118.50983797873397, 31.539847172195074 ], [ 118.50982491121357, 31.539035433080418 ], [ 118.508877122798282, 31.539046621104937 ], [ 118.50889018212321, 31.539858360573234 ], [ 118.50983797873397, 31.539847172195074 ] ] ] } },
{ "type": "Feature", "properties": { "area_m2": 8099.9999998899875, "area_km2": 0.0080999999998899869, "distance_m": 1673.3389402843009, "relative_position": "后方" }, "geometry": { "type": "Polygon", "coordinates": [ [ [ 118.50889018212321, 31.539858360573234 ], [ 118.508877122798282, 31.539046621104937 ], [ 118.507929333855586, 31.539057802109131 ], [ 118.507942384984958, 31.539869541930869 ], [ 118.50889018212321, 31.539858360573234 ] ] ] } },
{ "type": "Feature", "properties": { "area_m2": 8099.9999999214197, "area_km2": 0.0080999999999214201, "distance_m": 1727.7369578006749, "relative_position": "后方" }, "geometry": { "type": "Polygon", "coordinates": [ [ [ 118.507942384984958, 31.539869541930869 ], [ 118.507929333855586, 31.539057802109131 ], [ 118.506981544385752, 31.539068976092999 ], [ 118.506994587319582, 31.539880716267945 ], [ 118.507942384984958, 31.539869541930869 ] ] ] } },
{ "type": "Feature", "properties": { "area_m2": 8099.9999998952262, "area_km2": 0.0080999999998952257, "distance_m": 1785.0002237965277, "relative_position": "后方" }, "geometry": { "type": "Polygon", "coordinates": [ [ [ 118.506994587319582, 31.539880716267945 ], [ 118.506981544385752, 31.539068976092999 ], [ 118.506033754389122, 31.53908014305652 ], [ 118.506046789127396, 31.539891883584449 ], [ 118.506994587319582, 31.539880716267945 ] ] ] } },
{ "type": "Feature", "properties": { "area_m2": 8099.9999999790452, "area_km2": 0.0080999999999790458, "distance_m": 1547.6191997386545, "relative_position": "后方" }, "geometry": { "type": "Polygon", "coordinates": [ [ [ 118.509851046782202, 31.540658911201721 ], [ 118.50983797873397, 31.539847172195074 ], [ 118.50889018212321, 31.539858360573234 ], [ 118.508903241975574, 31.540670099933536 ], [ 118.509851046782202, 31.540658911201721 ] ] ] } },
{ "type": "Feature", "properties": { "area_m2": 8099.9999998795101, "area_km2": 0.0080999999998795109, "distance_m": 1601.2495344326817, "relative_position": "后方" }, "geometry": { "type": "Polygon", "coordinates": [ [ [ 118.508903241975574, 31.540670099933536 ], [ 118.50889018212321, 31.539858360573234 ], [ 118.507942384984958, 31.539869541930869 ], [ 118.507955436641495, 31.540681281644598 ], [ 118.508903241975574, 31.540670099933536 ] ] ] } },
{ "type": "Feature", "properties": { "area_m2": 8100.0000000523869, "area_km2": 0.0081000000000523865, "distance_m": 1530.3142819216728, "relative_position": "后方" }, "geometry": { "type": "Polygon", "coordinates": [ [ [ 118.511733570371817, 31.539824774377188 ], [ 118.511720486460433, 31.539013035970502 ], [ 118.51077269910104, 31.539024238035605 ], [ 118.510785774816966, 31.53983597679639 ], [ 118.511733570371817, 31.539824774377188 ] ] ] } },
{ "type": "Feature", "properties": { "area_m2": 8099.9999999685679, "area_km2": 0.0080999999999685681, "distance_m": 1574.3114772538504, "relative_position": "后方" }, "geometry": { "type": "Polygon", "coordinates": [ [ [ 118.510785774816966, 31.53983597679639 ], [ 118.51077269910104, 31.539024238035605 ], [ 118.50982491121357, 31.539035433080418 ], [ 118.50983797873397, 31.539847172195074 ], [ 118.510785774816966, 31.53983597679639 ] ] ] } },
{ "type": "Feature", "properties": { "area_m2": 8099.999999916181, "area_km2": 0.0080999999999161812, "distance_m": 1371.5011285016101, "relative_position": "后方" }, "geometry": { "type": "Polygon", "coordinates": [ [ [ 118.513642260727195, 31.540614086067102 ], [ 118.513629159895771, 31.539802348477316 ], [ 118.512681365398194, 31.539813564937489 ], [ 118.512694458033835, 31.540625302881832 ], [ 118.513642260727195, 31.540614086067102 ] ] ] } },
{ "type": "Feature", "properties": { "area_m2": 8100.0000000942964, "area_km2": 0.0081000000000942957, "distance_m": 1409.0189432320137, "relative_position": "后方" }, "geometry": { "type": "Polygon", "coordinates": [ [ [ 118.512694458033835, 31.540625302881832 ], [ 118.512681365398194, 31.539813564937489 ], [ 118.511733570371817, 31.539824774377188 ], [ 118.511746654811645, 31.540636512675849 ], [ 118.512694458033835, 31.540625302881832 ] ] ] } },
{ "type": "Feature", "properties": { "area_m2": 8099.9999999371357, "area_km2": 0.0080999999999371349, "distance_m": 1451.1348518081024, "relative_position": "后方" }, "geometry": { "type": "Polygon", "coordinates": [ [ [ 118.511746654811645, 31.540636512675849 ], [ 118.511733570371817, 31.539824774377188 ], [ 118.510785774816966, 31.53983597679639 ], [ 118.510798851060997, 31.540647715449147 ], [ 118.511746654811645, 31.540636512675849 ] ] ] } },
{ "type": "Feature", "properties": { "area_m2": 8100.0000000890577, "area_km2": 0.0081000000000890585, "distance_m": 1497.460947081843, "relative_position": "后方" }, "geometry": { "type": "Polygon", "coordinates": [ [ [ 118.510798851060997, 31.540647715449147 ], [ 118.510785774816966, 31.53983597679639 ], [ 118.50983797873397, 31.539847172195074 ], [ 118.509851046782202, 31.540658911201721 ], [ 118.510798851060997, 31.540647715449147 ] ] ] } },
{ "type": "Feature", "properties": { "area_m2": 8100.0000000733417, "area_km2": 0.0081000000000733419, "distance_m": 1288.8905723188509, "relative_position": "后方" }, "geometry": { "type": "Polygon", "coordinates": [ [ [ 118.513655362087732, 31.541425823548845 ], [ 118.513642260727195, 31.540614086067102 ], [ 118.512694458033835, 31.540625302881832 ], [ 118.512707551198261, 31.541437040718122 ], [ 118.513655362087732, 31.541425823548845 ] ] ] } },
{ "type": "Feature", "properties": { "area_m2": 8100.0000001833541, "area_km2": 0.0081000000001833546, "distance_m": 1328.7437892732398, "relative_position": "后方" }, "geometry": { "type": "Polygon", "coordinates": [ [ [ 118.512707551198261, 31.541437040718122 ], [ 118.512694458033835, 31.540625302881832 ], [ 118.511746654811645, 31.540636512675849 ], [ 118.51175973977999, 31.54144825086647 ], [ 118.512707551198261, 31.541437040718122 ] ] ] } },
{ "type": "Feature", "properties": { "area_m2": 8100.0000000628643, "area_km2": 0.0081000000000628642, "distance_m": 1373.3244862237591, "relative_position": "后方" }, "geometry": { "type": "Polygon", "coordinates": [ [ [ 118.51175973977999, 31.54144825086647 ], [ 118.511746654811645, 31.540636512675849 ], [ 118.510798851060997, 31.540647715449147 ], [ 118.510811927833203, 31.541459453993873 ], [ 118.51175973977999, 31.54144825086647 ] ] ] } },
{ "type": "Feature", "properties": { "area_m2": 8099.9999999738066, "area_km2": 0.008099999999973807, "distance_m": 1422.188167410741, "relative_position": "后方" }, "geometry": { "type": "Polygon", "coordinates": [ [ [ 118.510811927833203, 31.541459453993873 ], [ 118.510798851060997, 31.540647715449147 ], [ 118.509851046782202, 31.540658911201721 ], [ 118.509864115358241, 31.541470650100329 ], [ 118.510811927833203, 31.541459453993873 ] ] ] } },
{ "type": "Feature", "properties": { "area_m2": 8100.0000000104774, "area_km2": 0.0081000000000104773, "distance_m": 1658.0150649739303, "relative_position": "后方" }, "geometry": { "type": "Polygon", "coordinates": [ [ [ 118.507955436641495, 31.540681281644598 ], [ 118.507942384984958, 31.539869541930869 ], [ 118.506994587319582, 31.539880716267945 ], [ 118.507007630780222, 31.540692456334895 ], [ 118.507955436641495, 31.540681281644598 ] ] ] } },
{ "type": "Feature", "properties": { "area_m2": 8100.0000001257285, "area_km2": 0.0081000000001257288, "distance_m": 1717.6049764545826, "relative_position": "后方" }, "geometry": { "type": "Polygon", "coordinates": [ [ [ 118.507007630780222, 31.540692456334895 ], [ 118.506994587319582, 31.539880716267945 ], [ 118.506046789127396, 31.539891883584449 ], [ 118.506059824392139, 31.540703624004408 ], [ 118.507007630780222, 31.540692456334895 ] ] ] } },
{ "type": "Feature", "properties": { "area_m2": 8099.9999999004649, "area_km2": 0.0080999999999004646, "distance_m": 1474.9092141648405, "relative_position": "后方" }, "geometry": { "type": "Polygon", "coordinates": [ [ [ 118.509864115358241, 31.541470650100329 ], [ 118.509851046782202, 31.540658911201721 ], [ 118.508903241975574, 31.540670099933536 ], [ 118.508916302355459, 31.541481839185824 ], [ 118.509864115358241, 31.541470650100329 ] ] ] } },
{ "type": "Feature", "properties": { "area_m2": 8099.9999999580905, "area_km2": 0.0080999999999580904, "distance_m": 1531.0892133599543, "relative_position": "后方" }, "geometry": { "type": "Polygon", "coordinates": [ [ [ 118.508916302355459, 31.541481839185824 ], [ 118.508903241975574, 31.540670099933536 ], [ 118.507955436641495, 31.540681281644598 ], [ 118.507968488825156, 31.541493021250332 ], [ 118.508916302355459, 31.541481839185824 ] ] ] } },
{ "type": "Feature", "properties": { "area_m2": 8100.0000001362059, "area_km2": 0.0081000000001362066, "distance_m": 1590.3616464557188, "relative_position": "后方" }, "geometry": { "type": "Polygon", "coordinates": [ [ [ 118.507968488825156, 31.541493021250332 ], [ 118.507955436641495, 31.540681281644598 ], [ 118.507007630780222, 31.540692456334895 ], [ 118.507020674767688, 31.541504196293843 ], [ 118.507968488825156, 31.541493021250332 ] ] ] } },
{ "type": "Feature", "properties": { "area_m2": 8100.0000000104774, "area_km2": 0.0081000000000104773, "distance_m": 1404.2387355908274, "relative_position": "后方" }, "geometry": { "type": "Polygon", "coordinates": [ [ [ 118.509877184462127, 31.542282388890925 ], [ 118.509864115358241, 31.541470650100329 ], [ 118.508916302355459, 31.541481839185824 ], [ 118.508929363262823, 31.542293578330085 ], [ 118.509877184462127, 31.542282388890925 ] ] ] } },
{ "type": "Feature", "properties": { "area_m2": 8099.9999999685679, "area_km2": 0.0080999999999685681, "distance_m": 1463.1355118733454, "relative_position": "后方" }, "geometry": { "type": "Polygon", "coordinates": [ [ [ 118.508929363262823, 31.542293578330085 ], [ 118.508916302355459, 31.541481839185824 ], [ 118.507968488825156, 31.541493021250332 ], [ 118.507981541536012, 31.542304760748042 ], [ 118.508929363262823, 31.542293578330085 ] ] ] } },
{ "type": "Feature", "properties": { "area_m2": 8100.0000000104774, "area_km2": 0.0081000000000104773, "distance_m": 1335.9314693098611, "relative_position": "后方" }, "geometry": { "type": "Polygon", "coordinates": [ [ [ 118.509890254093861, 31.543094127573504 ], [ 118.509877184462127, 31.542282388890925 ], [ 118.508929363262823, 31.542293578330085 ], [ 118.508942424697736, 31.543105317366329 ], [ 118.509890254093861, 31.543094127573504 ] ] ] } },
{ "type": "Feature", "properties": { "area_m2": 8100.0000000052387, "area_km2": 0.0081000000000052384, "distance_m": 1207.3771914100178, "relative_position": "后方" }, "geometry": { "type": "Polygon", "coordinates": [ [ [ 118.513668463977439, 31.542237560922533 ], [ 118.513655362087732, 31.541425823548845 ], [ 118.512707551198261, 31.541437040718122 ], [ 118.512720644891559, 31.542248778446368 ], [ 118.513668463977439, 31.542237560922533 ] ] ] } },
{ "type": "Feature", "properties": { "area_m2": 8099.9999999580905, "area_km2": 0.0080999999999580904, "distance_m": 1249.8331692195611, "relative_position": "后方" }, "geometry": { "type": "Polygon", "coordinates": [ [ [ 118.512720644891559, 31.542248778446368 ], [ 118.512707551198261, 31.541437040718122 ], [ 118.51175973977999, 31.54144825086647 ], [ 118.511772825276807, 31.542259988949052 ], [ 118.512720644891559, 31.542248778446368 ] ] ] } },
{ "type": "Feature", "properties": { "area_m2": 8099.9999999738066, "area_km2": 0.008099999999973807, "distance_m": 1297.1295826631792, "relative_position": "后方" }, "geometry": { "type": "Polygon", "coordinates": [ [ [ 118.511772825276807, 31.542259988949052 ], [ 118.51175973977999, 31.54144825086647 ], [ 118.510811927833203, 31.541459453993873 ], [ 118.510825005133555, 31.542271192430576 ], [ 118.511772825276807, 31.542259988949052 ] ] ] } },
{ "type": "Feature", "properties": { "area_m2": 8100.0000000261934, "area_km2": 0.0081000000000261939, "distance_m": 1348.757319783206, "relative_position": "后方" }, "geometry": { "type": "Polygon", "coordinates": [ [ [ 118.510825005133555, 31.542271192430576 ], [ 118.510811927833203, 31.541459453993873 ], [ 118.509864115358241, 31.541470650100329 ], [ 118.509877184462127, 31.542282388890925 ], [ 118.510825005133555, 31.542271192430576 ] ] ] } },
{ "type": "Feature", "properties": { "area_m2": 8100.000000068103, "area_km2": 0.0081000000000681031, "distance_m": 1127.199034787265, "relative_position": "后方" }, "geometry": { "type": "Polygon", "coordinates": [ [ [ 118.513681566396315, 31.543049298188183 ], [ 118.513668463977439, 31.542237560922533 ], [ 118.512720644891559, 31.542248778446368 ], [ 118.512733739113656, 31.543060516066586 ], [ 118.513681566396315, 31.543049298188183 ] ] ] } },
{ "type": "Feature", "properties": { "area_m2": 8100.0, "area_km2": 0.0081, "distance_m": 1172.5626022653221, "relative_position": "后方" }, "geometry": { "type": "Polygon", "coordinates": [ [ [ 118.512733739113656, 31.543060516066586 ], [ 118.512720644891559, 31.542248778446368 ], [ 118.511772825276807, 31.542259988949052 ], [ 118.511785911302169, 31.543071726923614 ], [ 118.512733739113656, 31.543060516066586 ] ] ] } },
{ "type": "Feature", "properties": { "area_m2": 8100.0000000733417, "area_km2": 0.0081000000000733419, "distance_m": 1222.8521501807506, "relative_position": "后方" }, "geometry": { "type": "Polygon", "coordinates": [ [ [ 118.511785911302169, 31.543071726923614 ], [ 118.511772825276807, 31.542259988949052 ], [ 118.510825005133555, 31.542271192430576 ], [ 118.51083808296211, 31.543082930759248 ], [ 118.511785911302169, 31.543071726923614 ] ] ] } },
{ "type": "Feature", "properties": { "area_m2": 8100.0000000104774, "area_km2": 0.0081000000000104773, "distance_m": 1277.4860681256437, "relative_position": "后方" }, "geometry": { "type": "Polygon", "coordinates": [ [ [ 118.51083808296211, 31.543082930759248 ], [ 118.510825005133555, 31.542271192430576 ], [ 118.509877184462127, 31.542282388890925 ], [ 118.509890254093861, 31.543094127573504 ], [ 118.51083808296211, 31.543082930759248 ] ] ] } },
{ "type": "Feature", "properties": { "area_m2": 8100.0000001257285, "area_km2": 0.0081000000001257288, "distance_m": 1048.6624081568259, "relative_position": "后方" }, "geometry": { "type": "Polygon", "coordinates": [ [ [ 118.513694669344389, 31.543861035345774 ], [ 118.513681566396315, 31.543049298188183 ], [ 118.512733739113656, 31.543060516066586 ], [ 118.512746833864639, 31.543872253578751 ], [ 118.513694669344389, 31.543861035345774 ] ] ] } },
{ "type": "Feature", "properties": { "area_m2": 8099.9999998899875, "area_km2": 0.0080999999998899869, "distance_m": 1097.278618841254, "relative_position": "后方" }, "geometry": { "type": "Polygon", "coordinates": [ [ [ 118.512746833864639, 31.543872253578751 ], [ 118.512733739113656, 31.543060516066586 ], [ 118.511785911302169, 31.543071726923614 ], [ 118.511798997856047, 31.543883464790131 ], [ 118.512746833864639, 31.543872253578751 ] ] ] } },
{ "type": "Feature", "properties": { "area_m2": 8100.0000000314321, "area_km2": 0.0081000000000314328, "distance_m": 1150.8635102360176, "relative_position": "后方" }, "geometry": { "type": "Polygon", "coordinates": [ [ [ 118.511798997856047, 31.543883464790131 ], [ 118.511785911302169, 31.543071726923614 ], [ 118.51083808296211, 31.543082930759248 ], [ 118.510851161318868, 31.543894668979888 ], [ 118.511798997856047, 31.543883464790131 ] ] ] } },
{ "type": "Feature", "properties": { "area_m2": 8100.0000000157161, "area_km2": 0.0081000000000157162, "distance_m": 1208.7564755009594, "relative_position": "后方" }, "geometry": { "type": "Polygon", "coordinates": [ [ [ 118.510851161318868, 31.543894668979888 ], [ 118.51083808296211, 31.543082930759248 ], [ 118.509890254093861, 31.543094127573504 ], [ 118.509903324253457, 31.543905866148052 ], [ 118.510851161318868, 31.543894668979888 ] ] ] } },
{ "type": "Feature", "properties": { "area_m2": 8100.0000000523869, "area_km2": 0.0081000000000523865, "distance_m": 972.16522406643003, "relative_position": "后方" }, "geometry": { "type": "Polygon", "coordinates": [ [ [ 118.513707772821689, 31.544672772395316 ], [ 118.513694669344389, 31.543861035345774 ], [ 118.512746833864639, 31.543872253578751 ], [ 118.512759929144522, 31.544683990982868 ], [ 118.513707772821689, 31.544672772395316 ] ] ] } },
{ "type": "Feature", "properties": { "area_m2": 8099.9999997694977, "area_km2": 0.0080999999997694982, "distance_m": 1024.419288221201, "relative_position": "后方" }, "geometry": { "type": "Polygon", "coordinates": [ [ [ 118.512759929144522, 31.544683990982868 ], [ 118.512746833864639, 31.543872253578751 ], [ 118.511798997856047, 31.543883464790131 ], [ 118.511812084938484, 31.544695202548599 ], [ 118.512759929144522, 31.544683990982868 ] ] ] } },
{ "type": "Feature", "properties": { "area_m2": 8100.0000000471482, "area_km2": 0.0081000000000471476, "distance_m": 1081.6207570013769, "relative_position": "后方" }, "geometry": { "type": "Polygon", "coordinates": [ [ [ 118.511812084938484, 31.544695202548599 ], [ 118.511798997856047, 31.543883464790131 ], [ 118.510851161318868, 31.543894668979888 ], [ 118.510864240203844, 31.544706407092498 ], [ 118.511812084938484, 31.544695202548599 ] ] ] } },
{ "type": "Feature", "properties": { "area_m2": 8100.000000068103, "area_km2": 0.0081000000000681031, "distance_m": 898.22869449826919, "relative_position": "后方" }, "geometry": { "type": "Polygon", "coordinates": [ [ [ 118.513720876828231, 31.545484509336809 ], [ 118.513707772821689, 31.544672772395316 ], [ 118.512759929144522, 31.544683990982868 ], [ 118.512773024953319, 31.54549572827894 ], [ 118.513720876828231, 31.545484509336809 ] ] ] } },
{ "type": "Feature", "properties": { "area_m2": 8099.9999998742715, "area_km2": 0.008099999999874272, "distance_m": 954.53998457140949, "relative_position": "后方" }, "geometry": { "type": "Polygon", "coordinates": [ [ [ 118.512773024953319, 31.54549572827894 ], [ 118.512759929144522, 31.544683990982868 ], [ 118.511812084938484, 31.544695202548599 ], [ 118.511825172549493, 31.545506940199026 ], [ 118.512773024953319, 31.54549572827894 ] ] ] } },
{ "type": "Feature", "properties": { "area_m2": 8100.0000000576256, "area_km2": 0.0081000000000576253, "distance_m": 827.53944575372793, "relative_position": "后方" }, "geometry": { "type": "Polygon", "coordinates": [ [ [ 118.513733981363998, 31.54629624617025 ], [ 118.513720876828231, 31.545484509336809 ], [ 118.512773024953319, 31.54549572827894 ], [ 118.512786121291015, 31.546307465466963 ], [ 118.513733981363998, 31.54629624617025 ] ] ] } },
{ "type": "Feature", "properties": { "area_m2": 8100.000000083819, "area_km2": 0.0081000000000838197, "distance_m": 1902.3817976299244, "relative_position": "后方" }, "geometry": { "type": "Polygon", "coordinates": [ [ [ 118.529701867867999, 31.537175399299109 ], [ 118.529688629850355, 31.536363667337991 ], [ 118.528740877171288, 31.536375001711058 ], [ 118.528754106994811, 31.537186734030492 ], [ 118.529701867867999, 31.537175399299109 ] ] ] } },
{ "type": "Feature", "properties": { "area_m2": 8099.9999999947613, "area_km2": 0.0080999999999947607, "distance_m": 1857.1503437292813, "relative_position": "后方" }, "geometry": { "type": "Polygon", "coordinates": [ [ [ 118.528754106994811, 31.537186734030492 ], [ 118.528740877171288, 31.536375001711058 ], [ 118.527793123957906, 31.536386329064786 ], [ 118.527806345587294, 31.537198061742288 ], [ 118.528754106994811, 31.537186734030492 ] ] ] } },
{ "type": "Feature", "properties": { "area_m2": 8100.0000001728768, "area_km2": 0.0081000000001728769, "distance_m": 1929.3950389198865, "relative_position": "后方" }, "geometry": { "type": "Polygon", "coordinates": [ [ [ 118.531610642951122, 31.537964439913388 ], [ 118.531597388009942, 31.537152708777658 ], [ 118.530649628206476, 31.537164057548161 ], [ 118.530662874953236, 31.537975789042633 ], [ 118.531610642951122, 31.537964439913388 ] ] ] } },
{ "type": "Feature", "properties": { "area_m2": 8099.9999999423744, "area_km2": 0.0080999999999423738, "distance_m": 1876.2305081382838, "relative_position": "后方" }, "geometry": { "type": "Polygon", "coordinates": [ [ [ 118.530662874953236, 31.537975789042633 ], [ 118.530649628206476, 31.537164057548161 ], [ 118.529701867867999, 31.537175399299109 ], [ 118.52971510642034, 31.5379871311521 ], [ 118.530662874953236, 31.537975789042633 ] ] ] } },
{ "type": "Feature", "properties": { "area_m2": 8100.0000001833541, "area_km2": 0.0081000000001833546, "distance_m": 1825.9395593814211, "relative_position": "后方" }, "geometry": { "type": "Polygon", "coordinates": [ [ [ 118.52971510642034, 31.5379871311521 ], [ 118.529701867867999, 31.537175399299109 ], [ 118.528754106994811, 31.537186734030492 ], [ 118.528767337352704, 31.537998466241781 ], [ 118.52971510642034, 31.5379871311521 ] ] ] } },
{ "type": "Feature", "properties": { "area_m2": 8099.999999916181, "area_km2": 0.0080999999999161812, "distance_m": 1778.7659475903113, "relative_position": "后方" }, "geometry": { "type": "Polygon", "coordinates": [ [ [ 118.528767337352704, 31.537998466241781 ], [ 118.528754106994811, 31.537186734030492 ], [ 118.527806345587294, 31.537198061742288 ], [ 118.527819567750697, 31.538009794311648 ], [ 118.528767337352704, 31.537998466241781 ] ] ] } },
{ "type": "Feature", "properties": { "area_m2": 8100.0000000366708, "area_km2": 0.0081000000000366716, "distance_m": 1858.455505468148, "relative_position": "后方" }, "geometry": { "type": "Polygon", "coordinates": [ [ [ 118.531623898427682, 31.538776170940952 ], [ 118.531610642951122, 31.537964439913388 ], [ 118.530662874953236, 31.537975789042633 ], [ 118.530676122235064, 31.538787520428951 ], [ 118.531623898427682, 31.538776170940952 ] ] ] } },
{ "type": "Feature", "properties": { "area_m2": 8100.0000000209548, "area_km2": 0.008100000000020955, "distance_m": 1803.2012381018092, "relative_position": "后方" }, "geometry": { "type": "Polygon", "coordinates": [ [ [ 118.530676122235064, 31.538787520428951 ], [ 118.530662874953236, 31.537975789042633 ], [ 118.52971510642034, 31.5379871311521 ], [ 118.529728345507365, 31.53879886289695 ], [ 118.530676122235064, 31.538787520428951 ] ] ] } },
{ "type": "Feature", "properties": { "area_m2": 8100.0000000890577, "area_km2": 0.0081000000000890585, "distance_m": 1750.8144372710967, "relative_position": "后方" }, "geometry": { "type": "Polygon", "coordinates": [ [ [ 118.529728345507365, 31.53879886289695 ], [ 118.52971510642034, 31.5379871311521 ], [ 118.528767337352704, 31.537998466241781 ], [ 118.528780568244969, 31.53881019834493 ], [ 118.529728345507365, 31.53879886289695 ] ] ] } },
{ "type": "Feature", "properties": { "area_m2": 8099.9999999842839, "area_km2": 0.0080999999999842847, "distance_m": 1701.5599746554974, "relative_position": "后方" }, "geometry": { "type": "Polygon", "coordinates": [ [ [ 118.528780568244969, 31.53881019834493 ], [ 118.528767337352704, 31.537998466241781 ], [ 118.527819567750697, 31.538009794311648 ], [ 118.527832790448173, 31.538821526772878 ], [ 118.528780568244969, 31.53881019834493 ] ] ] } },
{ "type": "Feature", "properties": { "area_m2": 8100.0000000366708, "area_km2": 0.0081000000000366716, "distance_m": 2112.0225985636134, "relative_position": "后方" }, "geometry": { "type": "Polygon", "coordinates": [ [ [ 118.533492906010494, 31.53712999017802 ], [ 118.533479635216565, 31.536318259652283 ], [ 118.532531884678164, 31.536329622102677 ], [ 118.532545147278043, 31.5371413529876 ], [ 118.533492906010494, 31.53712999017802 ] ] ] } },
{ "type": "Feature", "properties": { "area_m2": 8100.0000000366708, "area_km2": 0.0081000000000366716, "distance_m": 2166.390686027948, "relative_position": "后方" }, "geometry": { "type": "Polygon", "coordinates": [ [ [ 118.535401709585599, 31.53791897319887 ], [ 118.535388421866983, 31.537107243500337 ], [ 118.534440664206898, 31.537118620348927 ], [ 118.534453943731194, 31.537930350407102 ], [ 118.535401709585599, 31.53791897319887 ] ] ] } },
{ "type": "Feature", "properties": { "area_m2": 8099.999999931897, "area_km2": 0.0080999999999318978, "distance_m": 2103.8939750655513, "relative_position": "后方" }, "geometry": { "type": "Polygon", "coordinates": [ [ [ 118.534453943731194, 31.537930350407102 ], [ 118.534440664206898, 31.537118620348927 ], [ 118.533492906010494, 31.53712999017802 ], [ 118.533506177340428, 31.537941720595594 ], [ 118.534453943731194, 31.537930350407102 ] ] ] } },
{ "type": "Feature", "properties": { "area_m2": 8100.0000001623994, "area_km2": 0.0081000000001623992, "distance_m": 2043.4357589923757, "relative_position": "后方" }, "geometry": { "type": "Polygon", "coordinates": [ [ [ 118.533506177340428, 31.537941720595594 ], [ 118.533492906010494, 31.53712999017802 ], [ 118.532545147278043, 31.5371413529876 ], [ 118.532558410413628, 31.537953083764368 ], [ 118.533506177340428, 31.537941720595594 ] ] ] } },
{ "type": "Feature", "properties": { "area_m2": 8100.0000001204899, "area_km2": 0.00810000000012049, "distance_m": 1985.2022941154628, "relative_position": "后方" }, "geometry": { "type": "Polygon", "coordinates": [ [ [ 118.532558410413628, 31.537953083764368 ], [ 118.532545147278043, 31.5371413529876 ], [ 118.531597388009942, 31.537152708777658 ], [ 118.531610642951122, 31.537964439913388 ], [ 118.532558410413628, 31.537953083764368 ] ] ] } },
{ "type": "Feature", "properties": { "area_m2": 8099.9999999371357, "area_km2": 0.0080999999999371349, "distance_m": 2039.0328806394996, "relative_position": "后方" }, "geometry": { "type": "Polygon", "coordinates": [ [ [ 118.53446722379185, 31.538742080357085 ], [ 118.534453943731194, 31.537930350407102 ], [ 118.533506177340428, 31.537941720595594 ], [ 118.533519449206409, 31.538753450905013 ], [ 118.53446722379185, 31.538742080357085 ] ] ] } },
{ "type": "Feature", "properties": { "area_m2": 8099.9999999895226, "area_km2": 0.0080999999999895218, "distance_m": 1976.5922880083795, "relative_position": "后方" }, "geometry": { "type": "Polygon", "coordinates": [ [ [ 118.533519449206409, 31.538753450905013 ], [ 118.533506177340428, 31.537941720595594 ], [ 118.532558410413628, 31.537953083764368 ], [ 118.532571674084892, 31.538764814432959 ], [ 118.533519449206409, 31.538753450905013 ] ] ] } },
{ "type": "Feature", "properties": { "area_m2": 8099.999999916181, "area_km2": 0.0080999999999161812, "distance_m": 1916.3292150110829, "relative_position": "后方" }, "geometry": { "type": "Polygon", "coordinates": [ [ [ 118.532571674084892, 31.538764814432959 ], [ 118.532558410413628, 31.537953083764368 ], [ 118.531610642951122, 31.537964439913388 ], [ 118.531623898427682, 31.538776170940952 ], [ 118.532571674084892, 31.538764814432959 ] ] ] } },
{ "type": "Feature", "properties": { "area_m2": 8099.9999998166459, "area_km2": 0.0080999999998166462, "distance_m": 1911.675068178678, "relative_position": "后方" }, "geometry": { "type": "Polygon", "coordinates": [ [ [ 118.533532721608424, 31.539565181106237 ], [ 118.533519449206409, 31.538753450905013 ], [ 118.532571674084892, 31.538764814432959 ], [ 118.53258493829189, 31.539576544993402 ], [ 118.533532721608424, 31.539565181106237 ] ] ] } },
{ "type": "Feature", "properties": { "area_m2": 8099.9999999004649, "area_km2": 0.0080999999999004646, "distance_m": 1849.2983260483616, "relative_position": "后方" }, "geometry": { "type": "Polygon", "coordinates": [ [ [ 118.53258493829189, 31.539576544993402 ], [ 118.532571674084892, 31.538764814432959 ], [ 118.531623898427682, 31.538776170940952 ], [ 118.531637154439608, 31.539587901860362 ], [ 118.53258493829189, 31.539576544993402 ] ] ] } },
{ "type": "Feature", "properties": { "area_m2": 8099.9999999214197, "area_km2": 0.0080999999999214201, "distance_m": 1742.3238086521405, "relative_position": "后方" }, "geometry": { "type": "Polygon", "coordinates": [ [ [ 118.525910821170484, 31.537220696107067 ], [ 118.525897615929438, 31.536408962714095 ], [ 118.524949861115005, 31.536420269009643 ], [ 118.524963058161873, 31.537232002760021 ], [ 118.525910821170484, 31.537220696107067 ] ] ] } },
{ "type": "Feature", "properties": { "area_m2": 8099.9999998952262, "area_km2": 0.0080999999998952257, "distance_m": 1734.9639767452998, "relative_position": "后方" }, "geometry": { "type": "Polygon", "coordinates": [ [ [ 118.527819567750697, 31.538009794311648 ], [ 118.527806345587294, 31.537198061742288 ], [ 118.526858583645733, 31.537209382434479 ], [ 118.526871797614675, 31.538021115361698 ], [ 118.527819567750697, 31.538009794311648 ] ] ] } },
{ "type": "Feature", "properties": { "area_m2": 8100.0000000209548, "area_km2": 0.008100000000020955, "distance_m": 1694.7950917230546, "relative_position": "后方" }, "geometry": { "type": "Polygon", "coordinates": [ [ [ 118.526871797614675, 31.538021115361698 ], [ 118.526858583645733, 31.537209382434479 ], [ 118.525910821170484, 31.537220696107067 ], [ 118.525924026944892, 31.538032429391926 ], [ 118.526871797614675, 31.538021115361698 ] ] ] } },
{ "type": "Feature", "properties": { "area_m2": 8099.9999999738066, "area_km2": 0.008099999999973807, "distance_m": 1658.5232946290189, "relative_position": "后方" }, "geometry": { "type": "Polygon", "coordinates": [ [ [ 118.525924026944892, 31.538032429391926 ], [ 118.525910821170484, 31.537220696107067 ], [ 118.524963058161873, 31.537232002760021 ], [ 118.524976255741748, 31.538043736402294 ], [ 118.525924026944892, 31.538032429391926 ] ] ] } },
{ "type": "Feature", "properties": { "area_m2": 8100.0000000419095, "area_km2": 0.0081000000000419087, "distance_m": 1655.7174219731646, "relative_position": "后方" }, "geometry": { "type": "Polygon", "coordinates": [ [ [ 118.527832790448173, 31.538821526772878 ], [ 118.527819567750697, 31.538009794311648 ], [ 118.526871797614675, 31.538021115361698 ], [ 118.526885012117305, 31.538832848180803 ], [ 118.527832790448173, 31.538821526772878 ] ] ] } },
{ "type": "Feature", "properties": { "area_m2": 8100.0000000890577, "area_km2": 0.0081000000000890585, "distance_m": 1613.5776124892045, "relative_position": "后方" }, "geometry": { "type": "Polygon", "coordinates": [ [ [ 118.526885012117305, 31.538832848180803 ], [ 118.526871797614675, 31.538021115361698 ], [ 118.525924026944892, 31.538032429391926 ], [ 118.525937233252719, 31.538844162568651 ], [ 118.526885012117305, 31.538832848180803 ] ] ] } },
{ "type": "Feature", "properties": { "area_m2": 8099.9999999476131, "area_km2": 0.0080999999999476126, "distance_m": 1575.4377020893055, "relative_position": "后方" }, "geometry": { "type": "Polygon", "coordinates": [ [ [ 118.525937233252719, 31.538844162568651 ], [ 118.525924026944892, 31.538032429391926 ], [ 118.524976255741748, 31.538043736402294 ], [ 118.524989453854715, 31.538855469936436 ], [ 118.525937233252719, 31.538844162568651 ] ] ] } },
{ "type": "Feature", "properties": { "area_m2": 8099.9999999580905, "area_km2": 0.0080999999999580904, "distance_m": 1577.6557023762625, "relative_position": "后方" }, "geometry": { "type": "Polygon", "coordinates": [ [ [ 118.527846013679707, 31.539633259125988 ], [ 118.527832790448173, 31.538821526772878 ], [ 118.526885012117305, 31.538832848180803 ], [ 118.526898227153694, 31.539644580891764 ], [ 118.527846013679707, 31.539633259125988 ] ] ] } },
{ "type": "Feature", "properties": { "area_m2": 8099.9999999633292, "area_km2": 0.0080999999999633292, "distance_m": 1533.3728112762738, "relative_position": "后方" }, "geometry": { "type": "Polygon", "coordinates": [ [ [ 118.526898227153694, 31.539644580891764 ], [ 118.526885012117305, 31.538832848180803 ], [ 118.525937233252719, 31.538844162568651 ], [ 118.525950440093908, 31.539655895637267 ], [ 118.526898227153694, 31.539644580891764 ] ] ] } },
{ "type": "Feature", "properties": { "area_m2": 8099.9999999423744, "area_km2": 0.0080999999999423738, "distance_m": 1493.1863751769199, "relative_position": "后方" }, "geometry": { "type": "Polygon", "coordinates": [ [ [ 118.525950440093908, 31.539655895637267 ], [ 118.525937233252719, 31.538844162568651 ], [ 118.524989453854715, 31.538855469936436 ], [ 118.525002652500731, 31.539667203362477 ], [ 118.525950440093908, 31.539655895637267 ] ] ] } },
{ "type": "Feature", "properties": { "area_m2": 8099.9999999371357, "area_km2": 0.0080999999999371349, "distance_m": 1512.3368120614723, "relative_position": "后方" }, "geometry": { "type": "Polygon", "coordinates": [ [ [ 118.52404167392362, 31.538866770284148 ], [ 118.524028484005541, 31.538055036392795 ], [ 118.52308071173664, 31.538066329363442 ], [ 118.523093893459787, 31.538878063611754 ], [ 118.52404167392362, 31.538866770284148 ] ] ] } },
{ "type": "Feature", "properties": { "area_m2": 8099.9999999842839, "area_km2": 0.0080999999999842847, "distance_m": 1487.9348448145786, "relative_position": "后方" }, "geometry": { "type": "Polygon", "coordinates": [ [ [ 118.523093893459787, 31.538878063611754 ], [ 118.52308071173664, 31.538066329363442 ], [ 118.5221329389353, 31.538077615314183 ], [ 118.522146112463574, 31.538889349919252 ], [ 118.523093893459787, 31.538878063611754 ] ] ] } },
{ "type": "Feature", "properties": { "area_m2": 8100.0000000576256, "area_km2": 0.0081000000000576253, "distance_m": 1457.43529828953, "relative_position": "后方" }, "geometry": { "type": "Polygon", "coordinates": [ [ [ 118.525002652500731, 31.539667203362477 ], [ 118.524989453854715, 31.538855469936436 ], [ 118.52404167392362, 31.538866770284148 ], [ 118.524054864374435, 31.539678504067385 ], [ 118.525002652500731, 31.539667203362477 ] ] ] } },
{ "type": "Feature", "properties": { "area_m2": 8099.9999999790452, "area_km2": 0.0080999999999790458, "distance_m": 1426.4531141703867, "relative_position": "后方" }, "geometry": { "type": "Polygon", "coordinates": [ [ [ 118.524054864374435, 31.539678504067385 ], [ 118.52404167392362, 31.538866770284148 ], [ 118.523093893459787, 31.538878063611754 ], [ 118.523107075715401, 31.539689797751983 ], [ 118.524054864374435, 31.539678504067385 ] ] ] } },
{ "type": "Feature", "properties": { "area_m2": 8100.0000000157161, "area_km2": 0.0081000000000157162, "distance_m": 1400.5563470190227, "relative_position": "后方" }, "geometry": { "type": "Polygon", "coordinates": [ [ [ 118.523107075715401, 31.539689797751983 ], [ 118.523093893459787, 31.538878063611754 ], [ 118.522146112463574, 31.538889349919252 ], [ 118.522159286523902, 31.539701084416233 ], [ 118.523107075715401, 31.539689797751983 ] ] ] } },
{ "type": "Feature", "properties": { "area_m2": 8100.000000068103, "area_km2": 0.0081000000000681031, "distance_m": 1374.051868771445, "relative_position": "后方" }, "geometry": { "type": "Polygon", "coordinates": [ [ [ 118.525015851679839, 31.540478936680412 ], [ 118.525002652500731, 31.539667203362477 ], [ 118.524054864374435, 31.539678504067385 ], [ 118.524068055358001, 31.540490237742524 ], [ 118.525015851679839, 31.540478936680412 ] ] ] } },
{ "type": "Feature", "properties": { "area_m2": 8099.999999931897, "area_km2": 0.0080999999999318978, "distance_m": 1341.1455955726951, "relative_position": "后方" }, "geometry": { "type": "Polygon", "coordinates": [ [ [ 118.524068055358001, 31.540490237742524 ], [ 118.524054864374435, 31.539678504067385 ], [ 118.523107075715401, 31.539689797751983 ], [ 118.523120258503397, 31.540501531784106 ], [ 118.524068055358001, 31.540490237742524 ] ] ] } },
{ "type": "Feature", "properties": { "area_m2": 8100.0000000157161, "area_km2": 0.0081000000000157162, "distance_m": 1313.568891599574, "relative_position": "后方" }, "geometry": { "type": "Polygon", "coordinates": [ [ [ 118.523120258503397, 31.540501531784106 ], [ 118.523107075715401, 31.539689797751983 ], [ 118.522159286523902, 31.539701084416233 ], [ 118.522172461116355, 31.540512818805119 ], [ 118.523120258503397, 31.540501531784106 ] ] ] } },
{ "type": "Feature", "properties": { "area_m2": 8100.0000001362059, "area_km2": 0.0081000000001362066, "distance_m": 1291.5945895600703, "relative_position": "后方" }, "geometry": { "type": "Polygon", "coordinates": [ [ [ 118.525029051392053, 31.541290669890216 ], [ 118.525015851679839, 31.540478936680412 ], [ 118.524068055358001, 31.540490237742524 ], [ 118.52408124687436, 31.541301971309558 ], [ 118.525029051392053, 31.541290669890216 ] ] ] } },
{ "type": "Feature", "properties": { "area_m2": 8100.0000000523869, "area_km2": 0.0081000000000523865, "distance_m": 1256.5316118996914, "relative_position": "后方" }, "geometry": { "type": "Polygon", "coordinates": [ [ [ 118.52408124687436, 31.541301971309558 ], [ 118.524068055358001, 31.540490237742524 ], [ 118.523120258503397, 31.540501531784106 ], [ 118.523133441823859, 31.541313265708116 ], [ 118.52408124687436, 31.541301971309558 ] ] ] } },
{ "type": "Feature", "properties": { "area_m2": 8100.0000001047738, "area_km2": 0.0081000000001047734, "distance_m": 1784.3172525071532, "relative_position": "后方" }, "geometry": { "type": "Polygon", "coordinates": [ [ [ 118.532598203034624, 31.540388275445679 ], [ 118.53258493829189, 31.539576544993402 ], [ 118.531637154439608, 31.539587901860362 ], [ 118.531650410986941, 31.540399632671615 ], [ 118.532598203034624, 31.540388275445679 ] ] ] } },
{ "type": "Feature", "properties": { "area_m2": 8099.9999999214197, "area_km2": 0.0080999999999214201, "distance_m": 1789.2584070892208, "relative_position": "后方" }, "geometry": { "type": "Polygon", "coordinates": [ [ [ 118.531637154439608, 31.539587901860362 ], [ 118.531623898427682, 31.538776170940952 ], [ 118.530676122235064, 31.538787520428951 ], [ 118.530689370051917, 31.539599251707116 ], [ 118.531637154439608, 31.539587901860362 ] ] ] } },
{ "type": "Feature", "properties": { "area_m2": 8100.0000000942964, "area_km2": 0.0081000000000942957, "distance_m": 1731.7983796393239, "relative_position": "后方" }, "geometry": { "type": "Polygon", "coordinates": [ [ [ 118.530689370051917, 31.539599251707116 ], [ 118.530676122235064, 31.538787520428951 ], [ 118.529728345507365, 31.53879886289695 ], [ 118.529741585129145, 31.539610594533638 ], [ 118.530689370051917, 31.539599251707116 ] ] ] } },
{ "type": "Feature", "properties": { "area_m2": 8099.9999998952262, "area_km2": 0.0080999999998952257, "distance_m": 1677.1834292840986, "relative_position": "后方" }, "geometry": { "type": "Polygon", "coordinates": [ [ [ 118.529741585129145, 31.539610594533638 ], [ 118.529728345507365, 31.53879886289695 ], [ 118.528780568244969, 31.53881019834493 ], [ 118.528793799671647, 31.539621930339941 ], [ 118.529741585129145, 31.539610594533638 ] ] ] } },
{ "type": "Feature", "properties": { "area_m2": 8099.9999999633292, "area_km2": 0.0080999999999633292, "distance_m": 1625.7003248185376, "relative_position": "后方" }, "geometry": { "type": "Polygon", "coordinates": [ [ [ 118.528793799671647, 31.539621930339941 ], [ 118.528780568244969, 31.53881019834493 ], [ 118.527832790448173, 31.538821526772878 ], [ 118.527846013679707, 31.539633259125988 ], [ 118.528793799671647, 31.539621930339941 ] ] ] } },
{ "type": "Feature", "properties": { "area_m2": 8099.999999916181, "area_km2": 0.0080999999999161812, "distance_m": 1722.0138078972191, "relative_position": "后方" }, "geometry": { "type": "Polygon", "coordinates": [ [ [ 118.531650410986941, 31.540399632671615 ], [ 118.531637154439608, 31.539587901860362 ], [ 118.530689370051917, 31.539599251707116 ], [ 118.530702618403851, 31.540410982877134 ], [ 118.531650410986941, 31.540399632671615 ] ] ] } },
{ "type": "Feature", "properties": { "area_m2": 8100.0000001362059, "area_km2": 0.0081000000001362066, "distance_m": 1662.2315366206801, "relative_position": "后方" }, "geometry": { "type": "Polygon", "coordinates": [ [ [ 118.530702618403851, 31.540410982877134 ], [ 118.530689370051917, 31.539599251707116 ], [ 118.529741585129145, 31.539610594533638 ], [ 118.52975482528565, 31.540422326062195 ], [ 118.530702618403851, 31.540410982877134 ] ] ] } },
{ "type": "Feature", "properties": { "area_m2": 8099.9999998899875, "area_km2": 0.0080999999998899869, "distance_m": 1605.2521463684363, "relative_position": "后方" }, "geometry": { "type": "Polygon", "coordinates": [ [ [ 118.52975482528565, 31.540422326062195 ], [ 118.529741585129145, 31.539610594533638 ], [ 118.528793799671647, 31.539621930339941 ], [ 118.528807031632695, 31.540433662226814 ], [ 118.52975482528565, 31.540422326062195 ] ] ] } },
{ "type": "Feature", "properties": { "area_m2": 8099.9999999528518, "area_km2": 0.0080999999999528515, "distance_m": 1551.3845063042497, "relative_position": "后方" }, "geometry": { "type": "Polygon", "coordinates": [ [ [ 118.528807031632695, 31.540433662226814 ], [ 118.528793799671647, 31.539621930339941 ], [ 118.527846013679707, 31.539633259125988 ], [ 118.527859237445313, 31.540444991370958 ], [ 118.528807031632695, 31.540433662226814 ] ] ] } },
{ "type": "Feature", "properties": { "area_m2": 8100.0000000052387, "area_km2": 0.0081000000000052384, "distance_m": 1656.9594386554058, "relative_position": "后方" }, "geometry": { "type": "Polygon", "coordinates": [ [ [ 118.531663668069726, 31.541211363374725 ], [ 118.531650410986941, 31.540399632671615 ], [ 118.530702618403851, 31.540410982877134 ], [ 118.53071586729088, 31.541222713939003 ], [ 118.531663668069726, 31.541211363374725 ] ] ] } },
{ "type": "Feature", "properties": { "area_m2": 8100.0000000314321, "area_km2": 0.0081000000000314328, "distance_m": 1594.7410008300155, "relative_position": "后方" }, "geometry": { "type": "Polygon", "coordinates": [ [ [ 118.53071586729088, 31.541222713939003 ], [ 118.530702618403851, 31.540410982877134 ], [ 118.52975482528565, 31.540422326062195 ], [ 118.529768065976953, 31.541234057482619 ], [ 118.53071586729088, 31.541222713939003 ] ] ] } },
{ "type": "Feature", "properties": { "area_m2": 8100.0000000314321, "area_km2": 0.0081000000000314328, "distance_m": 1500.9636890431836, "relative_position": "后方" }, "geometry": { "type": "Polygon", "coordinates": [ [ [ 118.527859237445313, 31.540444991370958 ], [ 118.527846013679707, 31.539633259125988 ], [ 118.526898227153694, 31.539644580891764 ], [ 118.526911442723801, 31.540456313494609 ], [ 118.527859237445313, 31.540444991370958 ] ] ] } },
{ "type": "Feature", "properties": { "area_m2": 8100.0000000052387, "area_km2": 0.0081000000000052384, "distance_m": 1454.3482379513164, "relative_position": "后方" }, "geometry": { "type": "Polygon", "coordinates": [ [ [ 118.526911442723801, 31.540456313494609 ], [ 118.526898227153694, 31.539644580891764 ], [ 118.525950440093908, 31.539655895637267 ], [ 118.525963647468544, 31.540467628597767 ], [ 118.526911442723801, 31.540456313494609 ] ] ] } },
{ "type": "Feature", "properties": { "area_m2": 8099.9999998533167, "area_km2": 0.0080999999998533165, "distance_m": 1411.9151200213057, "relative_position": "后方" }, "geometry": { "type": "Polygon", "coordinates": [ [ [ 118.525963647468544, 31.540467628597767 ], [ 118.525950440093908, 31.539655895637267 ], [ 118.525002652500731, 31.539667203362477 ], [ 118.525015851679839, 31.540478936680412 ], [ 118.525963647468544, 31.540467628597767 ] ] ] } },
{ "type": "Feature", "properties": { "area_m2": 8100.0000000890577, "area_km2": 0.0081000000000890585, "distance_m": 1425.8624116547821, "relative_position": "后方" }, "geometry": { "type": "Polygon", "coordinates": [ [ [ 118.527872461745034, 31.541256723507797 ], [ 118.527859237445313, 31.540444991370958 ], [ 118.526911442723801, 31.540456313494609 ], [ 118.52692465882771, 31.541268045989323 ], [ 118.527872461745034, 31.541256723507797 ] ] ] } },
{ "type": "Feature", "properties": { "area_m2": 8099.9999999214197, "area_km2": 0.0080999999999214201, "distance_m": 1376.7071445728134, "relative_position": "后方" }, "geometry": { "type": "Polygon", "coordinates": [ [ [ 118.52692465882771, 31.541268045989323 ], [ 118.526911442723801, 31.540456313494609 ], [ 118.525963647468544, 31.540467628597767 ], [ 118.525976855376612, 31.54127936145014 ], [ 118.52692465882771, 31.541268045989323 ] ] ] } },
{ "type": "Feature", "properties": { "area_m2": 8099.9999999790452, "area_km2": 0.0080999999999790458, "distance_m": 1331.803368501289, "relative_position": "后方" }, "geometry": { "type": "Polygon", "coordinates": [ [ [ 118.525976855376612, 31.54127936145014 ], [ 118.525963647468544, 31.540467628597767 ], [ 118.525015851679839, 31.540478936680412 ], [ 118.525029051392053, 31.541290669890216 ], [ 118.525976855376612, 31.54127936145014 ] ] ] } },
{ "type": "Feature", "properties": { "area_m2": 8100.0000001257285, "area_km2": 0.0081000000001257288, "distance_m": 1352.6168609287679, "relative_position": "后方" }, "geometry": { "type": "Polygon", "coordinates": [ [ [ 118.52788568657887, 31.542068455536491 ], [ 118.527872461745034, 31.541256723507797 ], [ 118.52692465882771, 31.541268045989323 ], [ 118.526937875465421, 31.542079778375911 ], [ 118.52788568657887, 31.542068455536491 ] ] ] } },
{ "type": "Feature", "properties": { "area_m2": 8100.0000000576256, "area_km2": 0.0081000000000576253, "distance_m": 1300.6972999934394, "relative_position": "后方" }, "geometry": { "type": "Polygon", "coordinates": [ [ [ 118.526937875465421, 31.542079778375911 ], [ 118.52692465882771, 31.541268045989323 ], [ 118.525976855376612, 31.54127936145014 ], [ 118.525990063818142, 31.54209109419438 ], [ 118.526937875465421, 31.542079778375911 ] ] ] } },
{ "type": "Feature", "properties": { "area_m2": 8099.9999999266583, "area_km2": 0.0080999999999266589, "distance_m": 1253.0735267408438, "relative_position": "后方" }, "geometry": { "type": "Polygon", "coordinates": [ [ [ 118.525990063818142, 31.54209109419438 ], [ 118.525976855376612, 31.54127936145014 ], [ 118.525029051392053, 31.541290669890216 ], [ 118.525042251637416, 31.542102402991901 ], [ 118.525990063818142, 31.54209109419438 ] ] ] } },
{ "type": "Feature", "properties": { "area_m2": 8100.0000001204899, "area_km2": 0.00810000000012049, "distance_m": 1210.2527750844463, "relative_position": "后方" }, "geometry": { "type": "Polygon", "coordinates": [ [ [ 118.525042251637416, 31.542102402991901 ], [ 118.525029051392053, 31.541290669890216 ], [ 118.52408124687436, 31.541301971309558 ], [ 118.524094438923498, 31.542113704768457 ], [ 118.525042251637416, 31.542102402991901 ] ] ] } },
{ "type": "Feature", "properties": { "area_m2": 8099.9999999895226, "area_km2": 0.0080999999999895218, "distance_m": 1535.2595159854034, "relative_position": "后方" }, "geometry": { "type": "Polygon", "coordinates": [ [ [ 118.529768065976953, 31.541234057482619 ], [ 118.52975482528565, 31.540422326062195 ], [ 118.528807031632695, 31.540433662226814 ], [ 118.528820264128214, 31.541245394005553 ], [ 118.529768065976953, 31.541234057482619 ] ] ] } },
{ "type": "Feature", "properties": { "area_m2": 8100.0000000209548, "area_km2": 0.008100000000020955, "distance_m": 1478.8452799327445, "relative_position": "后方" }, "geometry": { "type": "Polygon", "coordinates": [ [ [ 118.528820264128214, 31.541245394005553 ], [ 118.528807031632695, 31.540433662226814 ], [ 118.527859237445313, 31.540444991370958 ], [ 118.527872461745034, 31.541256723507797 ], [ 118.528820264128214, 31.541245394005553 ] ] ] } },
{ "type": "Feature", "properties": { "area_m2": 8099.9999999947613, "area_km2": 0.0080999999999947607, "distance_m": 1529.6016333280002, "relative_position": "后方" }, "geometry": { "type": "Polygon", "coordinates": [ [ [ 118.530729116713033, 31.542034444892707 ], [ 118.53071586729088, 31.541222713939003 ], [ 118.529768065976953, 31.541234057482619 ], [ 118.52978130720301, 31.54204578879488 ], [ 118.530729116713033, 31.542034444892707 ] ] ] } },
{ "type": "Feature", "properties": { "area_m2": 8100.0000000104774, "area_km2": 0.0081000000000104773, "distance_m": 1467.482958415656, "relative_position": "后方" }, "geometry": { "type": "Polygon", "coordinates": [ [ [ 118.52978130720301, 31.54204578879488 ], [ 118.529768065976953, 31.541234057482619 ], [ 118.528820264128214, 31.541245394005553 ], [ 118.528833497158175, 31.542057125676141 ], [ 118.52978130720301, 31.54204578879488 ] ] ] } },
{ "type": "Feature", "properties": { "area_m2": 8099.9999999790452, "area_km2": 0.0080999999999790458, "distance_m": 1408.3571871724691, "relative_position": "后方" }, "geometry": { "type": "Polygon", "coordinates": [ [ [ 118.528833497158175, 31.542057125676141 ], [ 118.528820264128214, 31.541245394005553 ], [ 118.527872461745034, 31.541256723507797 ], [ 118.52788568657887, 31.542068455536491 ], [ 118.528833497158175, 31.542057125676141 ] ] ] } },
{ "type": "Feature", "properties": { "area_m2": 8099.9999999214197, "area_km2": 0.0080999999999214201, "distance_m": 1402.2438456567236, "relative_position": "后方" }, "geometry": { "type": "Polygon", "coordinates": [ [ [ 118.529794548963878, 31.542857519998989 ], [ 118.52978130720301, 31.54204578879488 ], [ 118.528833497158175, 31.542057125676141 ], [ 118.52884673072262, 31.542868857238595 ], [ 118.529794548963878, 31.542857519998989 ] ] ] } },
{ "type": "Feature", "properties": { "area_m2": 8099.9999999842839, "area_km2": 0.0080999999999842847, "distance_m": 1340.2438935522796, "relative_position": "后方" }, "geometry": { "type": "Polygon", "coordinates": [ [ [ 118.52884673072262, 31.542868857238595 ], [ 118.528833497158175, 31.542057125676141 ], [ 118.52788568657887, 31.542068455536491 ], [ 118.527898911946849, 31.542880187457051 ], [ 118.52884673072262, 31.542868857238595 ] ] ] } },
{ "type": "Feature", "properties": { "area_m2": 8100.0000000995351, "area_km2": 0.0081000000000995345, "distance_m": 1274.8860884097767, "relative_position": "后方" }, "geometry": { "type": "Polygon", "coordinates": [ [ [ 118.528859964821535, 31.543680588692894 ], [ 118.52884673072262, 31.542868857238595 ], [ 118.527898911946849, 31.542880187457051 ], [ 118.527912137848972, 31.543691919269474 ], [ 118.528859964821535, 31.543680588692894 ] ] ] } },
{ "type": "Feature", "properties": { "area_m2": 8099.9999999685679, "area_km2": 0.0080999999999685681, "distance_m": 1281.5452610426753, "relative_position": "后方" }, "geometry": { "type": "Polygon", "coordinates": [ [ [ 118.527898911946849, 31.542880187457051 ], [ 118.52788568657887, 31.542068455536491 ], [ 118.526937875465421, 31.542079778375911 ], [ 118.526951092636921, 31.542891510654353 ], [ 118.527898911946849, 31.542880187457051 ] ] ] } },
{ "type": "Feature", "properties": { "area_m2": 8100.0000000419095, "area_km2": 0.0081000000000419087, "distance_m": 1226.6219890025163, "relative_position": "后方" }, "geometry": { "type": "Polygon", "coordinates": [ [ [ 118.526951092636921, 31.542891510654353 ], [ 118.526937875465421, 31.542079778375911 ], [ 118.525990063818142, 31.54209109419438 ], [ 118.526003272793176, 31.54290282683051 ], [ 118.526951092636921, 31.542891510654353 ] ] ] } },
{ "type": "Feature", "properties": { "area_m2": 8100.0000000052387, "area_km2": 0.0081000000000052384, "distance_m": 1176.0031688491727, "relative_position": "后方" }, "geometry": { "type": "Polygon", "coordinates": [ [ [ 118.526003272793176, 31.54290282683051 ], [ 118.525990063818142, 31.54209109419438 ], [ 118.525042251637416, 31.542102402991901 ], [ 118.525055452415913, 31.542914135985487 ], [ 118.526003272793176, 31.54290282683051 ] ] ] } },
{ "type": "Feature", "properties": { "area_m2": 8100.0000000995351, "area_km2": 0.0081000000000995345, "distance_m": 1130.2672778268973, "relative_position": "后方" }, "geometry": { "type": "Polygon", "coordinates": [ [ [ 118.525055452415913, 31.542914135985487 ], [ 118.525042251637416, 31.542102402991901 ], [ 118.524094438923498, 31.542113704768457 ], [ 118.524107631505487, 31.542925438119255 ], [ 118.525055452415913, 31.542914135985487 ] ] ] } },
{ "type": "Feature", "properties": { "area_m2": 8100.0, "area_km2": 0.0081, "distance_m": 1213.0297859725906, "relative_position": "后方" }, "geometry": { "type": "Polygon", "coordinates": [ [ [ 118.527912137848972, 31.543691919269474 ], [ 118.527898911946849, 31.542880187457051 ], [ 118.526951092636921, 31.542891510654353 ], [ 118.526964310342251, 31.543703242824691 ], [ 118.527912137848972, 31.543691919269474 ] ] ] } },
{ "type": "Feature", "properties": { "area_m2": 8099.9999999790452, "area_km2": 0.0080999999999790458, "distance_m": 1154.8535269787974, "relative_position": "后方" }, "geometry": { "type": "Polygon", "coordinates": [ [ [ 118.526964310342251, 31.543703242824691 ], [ 118.526951092636921, 31.542891510654353 ], [ 118.526003272793176, 31.54290282683051 ], [ 118.526016482301685, 31.543714559358506 ], [ 118.526964310342251, 31.543703242824691 ] ] ] } },
{ "type": "Feature", "properties": { "area_m2": 8100.0000000261934, "area_km2": 0.0081000000000261939, "distance_m": 1100.9408591293181, "relative_position": "后方" }, "geometry": { "type": "Polygon", "coordinates": [ [ [ 118.526016482301685, 31.543714559358506 ], [ 118.526003272793176, 31.54290282683051 ], [ 118.525055452415913, 31.542914135985487 ], [ 118.525068653727587, 31.543725868870933 ], [ 118.526016482301685, 31.543714559358506 ] ] ] } },
{ "type": "Feature", "properties": { "area_m2": 8100.0000000995351, "area_km2": 0.0081000000000995345, "distance_m": 1051.9475256573978, "relative_position": "后方" }, "geometry": { "type": "Polygon", "coordinates": [ [ [ 118.525068653727587, 31.543725868870933 ], [ 118.525055452415913, 31.542914135985487 ], [ 118.524107631505487, 31.542925438119255 ], [ 118.524120824620283, 31.54373717136194 ], [ 118.525068653727587, 31.543725868870933 ] ] ] } },
{ "type": "Feature", "properties": { "area_m2": 8099.9999998271232, "area_km2": 0.008099999999827124, "distance_m": 1147.5283800087593, "relative_position": "后方" }, "geometry": { "type": "Polygon", "coordinates": [ [ [ 118.527925364285309, 31.544503650973748 ], [ 118.527912137848972, 31.543691919269474 ], [ 118.526964310342251, 31.543703242824691 ], [ 118.526977528581455, 31.544514974886862 ], [ 118.527925364285309, 31.544503650973748 ] ] ] } },
{ "type": "Feature", "properties": { "area_m2": 8099.9999999214197, "area_km2": 0.0080999999999214201, "distance_m": 1085.8494161801948, "relative_position": "后方" }, "geometry": { "type": "Polygon", "coordinates": [ [ [ 118.526977528581455, 31.544514974886862 ], [ 118.526964310342251, 31.543703242824691 ], [ 118.526016482301685, 31.543714559358506 ], [ 118.526029692343712, 31.544526291778368 ], [ 118.526977528581455, 31.544514974886862 ] ] ] } },
{ "type": "Feature", "properties": { "area_m2": 8099.999999848078, "area_km2": 0.0080999999998480777, "distance_m": 1028.3264188405979, "relative_position": "后方" }, "geometry": { "type": "Polygon", "coordinates": [ [ [ 118.526029692343712, 31.544526291778368 ], [ 118.526016482301685, 31.543714559358506 ], [ 118.525068653727587, 31.543725868870933 ], [ 118.525081855572438, 31.544537601648258 ], [ 118.526029692343712, 31.544526291778368 ] ] ] } },
{ "type": "Feature", "properties": { "area_m2": 8100.0000000209548, "area_km2": 0.008100000000020955, "distance_m": 975.69472973587426, "relative_position": "后方" }, "geometry": { "type": "Polygon", "coordinates": [ [ [ 118.525081855572438, 31.544537601648258 ], [ 118.525068653727587, 31.543725868870933 ], [ 118.524120824620283, 31.54373717136194 ], [ 118.524134018267958, 31.544548904496502 ], [ 118.525081855572438, 31.544537601648258 ] ] ] } },
{ "type": "Feature", "properties": { "area_m2": 8100.0000002409797, "area_km2": 0.0081000000002409804, "distance_m": 1020.1707480703384, "relative_position": "后方" }, "geometry": { "type": "Polygon", "coordinates": [ [ [ 118.526990747354517, 31.5453267068409 ], [ 118.526977528581455, 31.544514974886862 ], [ 118.526029692343712, 31.544526291778368 ], [ 118.526042902919272, 31.545338024090103 ], [ 118.526990747354517, 31.5453267068409 ] ] ] } },
{ "type": "Feature", "properties": { "area_m2": 8100.0, "area_km2": 0.0081, "distance_m": 958.71622082904867, "relative_position": "后方" }, "geometry": { "type": "Polygon", "coordinates": [ [ [ 118.526042902919272, 31.545338024090103 ], [ 118.526029692343712, 31.544526291778368 ], [ 118.525081855572438, 31.544537601648258 ], [ 118.525095057950523, 31.54534933431745 ], [ 118.526042902919272, 31.545338024090103 ] ] ] } },
{ "type": "Feature", "properties": { "area_m2": 8100.0000000890577, "area_km2": 0.0081000000000890585, "distance_m": 902.03322543726097, "relative_position": "后方" }, "geometry": { "type": "Polygon", "coordinates": [ [ [ 118.525095057950523, 31.54534933431745 ], [ 118.525081855572438, 31.544537601648258 ], [ 118.524134018267958, 31.544548904496502 ], [ 118.524147212448497, 31.545360637522933 ], [ 118.525095057950523, 31.54534933431745 ] ] ] } },
{ "type": "Feature", "properties": { "area_m2": 8099.9999999685679, "area_km2": 0.0080999999999685681, "distance_m": 892.8132359397847, "relative_position": "后方" }, "geometry": { "type": "Polygon", "coordinates": [ [ [ 118.526056114028421, 31.546149756293701 ], [ 118.526042902919272, 31.545338024090103 ], [ 118.525095057950523, 31.54534933431745 ], [ 118.525108260861799, 31.546161066878522 ], [ 118.526056114028421, 31.546149756293701 ] ] ] } },
{ "type": "Feature", "properties": { "area_m2": 8100.0000001152512, "area_km2": 0.0081000000001152511, "distance_m": 831.65184602898591, "relative_position": "后方" }, "geometry": { "type": "Polygon", "coordinates": [ [ [ 118.525108260861799, 31.546161066878522 ], [ 118.525095057950523, 31.54534933431745 ], [ 118.524147212448497, 31.545360637522933 ], [ 118.524160407161958, 31.546172370441273 ], [ 118.525108260861799, 31.546161066878522 ] ] ] } },
{ "type": "Feature", "properties": { "area_m2": 8099.9999998952262, "area_km2": 0.0080999999998952257, "distance_m": 765.45591580968426, "relative_position": "后方" }, "geometry": { "type": "Polygon", "coordinates": [ [ [ 118.525121464306324, 31.546972799331471 ], [ 118.525108260861799, 31.546161066878522 ], [ 118.524160407161958, 31.546172370441273 ], [ 118.524173602408297, 31.546984103251472 ], [ 118.525121464306324, 31.546972799331471 ] ] ] } },
{ "type": "Feature", "properties": { "area_m2": 8100.0000000785803, "area_km2": 0.0081000000000785808, "distance_m": 1203.5772426268786, "relative_position": "后方" }, "geometry": { "type": "Polygon", "coordinates": [ [ [ 118.522185636240906, 31.541324553085911 ], [ 118.522172461116355, 31.540512818805119 ], [ 118.52122466319716, 31.540524098805573 ], [ 118.521237830125798, 31.541335833442915 ], [ 118.522185636240906, 31.541324553085911 ] ] ] } },
{ "type": "Feature", "properties": { "area_m2": 8099.9999999842839, "area_km2": 0.0080999999999842847, "distance_m": 1186.4525229621802, "relative_position": "后方" }, "geometry": { "type": "Polygon", "coordinates": [ [ [ 118.521237830125798, 31.541335833442915 ], [ 118.52122466319716, 31.540524098805573 ], [ 118.520276864746208, 31.540535371785445 ], [ 118.520290023478893, 31.541347106779106 ], [ 118.521237830125798, 31.541335833442915 ] ] ] } },
{ "type": "Feature", "properties": { "area_m2": 8099.9999999057036, "area_km2": 0.0080999999999057035, "distance_m": 1175.9590970281351, "relative_position": "后方" }, "geometry": { "type": "Polygon", "coordinates": [ [ [ 118.520290023478893, 31.541347106779106 ], [ 118.520276864746208, 31.540535371785445 ], [ 118.519329065763799, 31.540546637744718 ], [ 118.519342216300515, 31.541358373094489 ], [ 118.520290023478893, 31.541347106779106 ] ] ] } },
{ "type": "Feature", "properties": { "area_m2": 8100.0000001466833, "area_km2": 0.0081000000001466826, "distance_m": 1097.3483238344529, "relative_position": "后方" }, "geometry": { "type": "Polygon", "coordinates": [ [ [ 118.52125099758625, 31.542147567972147 ], [ 118.521237830125798, 31.541335833442915 ], [ 118.520290023478893, 31.541347106779106 ], [ 118.520303182743049, 31.542158841664683 ], [ 118.52125099758625, 31.542147567972147 ] ] ] } },
{ "type": "Feature", "properties": { "area_m2": 8099.9999999371357, "area_km2": 0.0080999999999371349, "distance_m": 1085.9952518733774, "relative_position": "后方" }, "geometry": { "type": "Polygon", "coordinates": [ [ [ 118.520303182743049, 31.542158841664683 ], [ 118.520290023478893, 31.541347106779106 ], [ 118.519342216300515, 31.541358373094489 ], [ 118.519355367368391, 31.542170108336176 ], [ 118.520303182743049, 31.542158841664683 ] ] ] } },
{ "type": "Feature", "properties": { "area_m2": 8100.0000001100125, "area_km2": 0.0081000000001100123, "distance_m": 1008.4514184125752, "relative_position": "后方" }, "geometry": { "type": "Polygon", "coordinates": [ [ [ 118.521264165578529, 31.542959302393296 ], [ 118.52125099758625, 31.542147567972147 ], [ 118.520303182743049, 31.542158841664683 ], [ 118.52031634253872, 31.542970576442166 ], [ 118.521264165578529, 31.542959302393296 ] ] ] } },
{ "type": "Feature", "properties": { "area_m2": 8099.9999999371357, "area_km2": 0.0080999999999371349, "distance_m": 996.08671632323887, "relative_position": "后方" }, "geometry": { "type": "Polygon", "coordinates": [ [ [ 118.52031634253872, 31.542970576442166 ], [ 118.520303182743049, 31.542158841664683 ], [ 118.519355367368391, 31.542170108336176 ], [ 118.519368518967426, 31.542981843469772 ], [ 118.52031634253872, 31.542970576442166 ] ] ] } },
{ "type": "Feature", "properties": { "area_m2": 8100.0000000261934, "area_km2": 0.0081000000000261939, "distance_m": 919.82190746614447, "relative_position": "后方" }, "geometry": { "type": "Polygon", "coordinates": [ [ [ 118.521277334102635, 31.543771036706346 ], [ 118.521264165578529, 31.542959302393296 ], [ 118.52031634253872, 31.542970576442166 ], [ 118.520329502865906, 31.543782311111556 ], [ 118.521277334102635, 31.543771036706346 ] ] ] } },
{ "type": "Feature", "properties": { "area_m2": 8100.000000083819, "area_km2": 0.0081000000000838197, "distance_m": 906.24994880274073, "relative_position": "后方" }, "geometry": { "type": "Polygon", "coordinates": [ [ [ 118.520329502865906, 31.543782311111556 ], [ 118.52031634253872, 31.542970576442166 ], [ 118.519368518967426, 31.542981843469772 ], [ 118.519381671097619, 31.543793578495297 ], [ 118.520329502865906, 31.543782311111556 ] ] ] } },
{ "type": "Feature", "properties": { "area_m2": 8099.9999999738066, "area_km2": 0.008099999999973807, "distance_m": 831.54529165882582, "relative_position": "后方" }, "geometry": { "type": "Polygon", "coordinates": [ [ [ 118.52129050315861, 31.54458277091129 ], [ 118.521277334102635, 31.543771036706346 ], [ 118.520329502865906, 31.543782311111556 ], [ 118.520342663724605, 31.544594045672856 ], [ 118.52129050315861, 31.54458277091129 ] ] ] } },
{ "type": "Feature", "properties": { "area_m2": 8099.9999999633292, "area_km2": 0.0080999999999633292, "distance_m": 1096.2917719306058, "relative_position": "后方" }, "geometry": { "type": "Polygon", "coordinates": [ [ [ 118.517459735025867, 31.542192620615982 ], [ 118.517446600350652, 31.541380884662743 ], [ 118.516498791579806, 31.541392129915593 ], [ 118.516511918058683, 31.54220386622427 ], [ 118.517459735025867, 31.542192620615982 ] ] ] } },
{ "type": "Feature", "properties": { "area_m2": 8100.0000001362059, "area_km2": 0.0081000000001362066, "distance_m": 991.73688008421448, "relative_position": "后方" }, "geometry": { "type": "Polygon", "coordinates": [ [ [ 118.519368518967426, 31.542981843469772 ], [ 118.519355367368391, 31.542170108336176 ], [ 118.518407551462531, 31.542181367986611 ], [ 118.518420694864929, 31.542993103476114 ], [ 118.519368518967426, 31.542981843469772 ] ] ] } },
{ "type": "Feature", "properties": { "area_m2": 8100.0000000576256, "area_km2": 0.0081000000000576253, "distance_m": 995.50698509347444, "relative_position": "后方" }, "geometry": { "type": "Polygon", "coordinates": [ [ [ 118.518420694864929, 31.542993103476114 ], [ 118.518407551462531, 31.542181367986611 ], [ 118.517459735025867, 31.542192620615982 ], [ 118.517472870231572, 31.543004356461147 ], [ 118.518420694864929, 31.542993103476114 ] ] ] } },
{ "type": "Feature", "properties": { "area_m2": 8099.9999999266583, "area_km2": 0.0080999999999266589, "distance_m": 1007.3058701312806, "relative_position": "后方" }, "geometry": { "type": "Polygon", "coordinates": [ [ [ 118.517472870231572, 31.543004356461147 ], [ 118.517459735025867, 31.542192620615982 ], [ 118.516511918058683, 31.54220386622427 ], [ 118.516525045067723, 31.543015602424898 ], [ 118.517472870231572, 31.543004356461147 ] ] ] } },
{ "type": "Feature", "properties": { "area_m2": 8099.999999931897, "area_km2": 0.0080999999999318978, "distance_m": 901.46791716210782, "relative_position": "后方" }, "geometry": { "type": "Polygon", "coordinates": [ [ [ 118.519381671097619, 31.543793578495297 ], [ 118.519368518967426, 31.542981843469772 ], [ 118.518420694864929, 31.542993103476114 ], [ 118.51843383879816, 31.543804838857525 ], [ 118.519381671097619, 31.543793578495297 ] ] ] } },
{ "type": "Feature", "properties": { "area_m2": 8100.0000000995351, "area_km2": 0.0081000000000995345, "distance_m": 905.61507539336071, "relative_position": "后方" }, "geometry": { "type": "Polygon", "coordinates": [ [ [ 118.51843383879816, 31.543804838857525 ], [ 118.518420694864929, 31.542993103476114 ], [ 118.517472870231572, 31.543004356461147 ], [ 118.517486005967825, 31.543816092198259 ], [ 118.51843383879816, 31.543804838857525 ] ] ] } },
{ "type": "Feature", "properties": { "area_m2": 8100.0000000157161, "area_km2": 0.0081000000000157162, "distance_m": 918.57049943652578, "relative_position": "后方" }, "geometry": { "type": "Polygon", "coordinates": [ [ [ 118.517486005967825, 31.543816092198259 ], [ 118.517472870231572, 31.543004356461147 ], [ 118.516525045067723, 31.543015602424898 ], [ 118.516538172606957, 31.543827338517456 ], [ 118.517486005967825, 31.543816092198259 ] ] ] } },
{ "type": "Feature", "properties": { "area_m2": 8099.9999999842839, "area_km2": 0.0080999999999842847, "distance_m": 811.19907234848836, "relative_position": "后方" }, "geometry": { "type": "Polygon", "coordinates": [ [ [ 118.519394823759058, 31.544605313412717 ], [ 118.519381671097619, 31.543793578495297 ], [ 118.51843383879816, 31.543804838857525 ], [ 118.518446983262294, 31.544616574130863 ], [ 118.519394823759058, 31.544605313412717 ] ] ] } },
{ "type": "Feature", "properties": { "area_m2": 8099.9999999685679, "area_km2": 0.0080999999999685681, "distance_m": 815.80655818711773, "relative_position": "后方" }, "geometry": { "type": "Polygon", "coordinates": [ [ [ 118.518446983262294, 31.544616574130863 ], [ 118.51843383879816, 31.543804838857525 ], [ 118.517486005967825, 31.543816092198259 ], [ 118.517499142234627, 31.54462782782727 ], [ 118.518446983262294, 31.544616574130863 ] ] ] } },
{ "type": "Feature", "properties": { "area_m2": 8099.9999999633292, "area_km2": 0.0080999999999633292, "distance_m": 830.1659968340673, "relative_position": "后方" }, "geometry": { "type": "Polygon", "coordinates": [ [ [ 118.517499142234627, 31.54462782782727 ], [ 118.517486005967825, 31.543816092198259 ], [ 118.516538172606957, 31.543827338517456 ], [ 118.516551300676397, 31.544639074501937 ], [ 118.517499142234627, 31.54462782782727 ] ] ] } },
{ "type": "Feature", "properties": { "area_m2": 8100.000000068103, "area_km2": 0.0081000000000681031, "distance_m": 939.97006018200989, "relative_position": "后方" }, "geometry": { "type": "Polygon", "coordinates": [ [ [ 118.516538172606957, 31.543827338517456 ], [ 118.516525045067723, 31.543015602424898 ], [ 118.515577219373668, 31.543026841367329 ], [ 118.515590338715867, 31.543838577815123 ], [ 118.516538172606957, 31.543827338517456 ] ] ] } },
{ "type": "Feature", "properties": { "area_m2": 8100.0000000523869, "area_km2": 0.0081000000000523865, "distance_m": 969.25462855003684, "relative_position": "后方" }, "geometry": { "type": "Polygon", "coordinates": [ [ [ 118.515590338715867, 31.543838577815123 ], [ 118.515577219373668, 31.543026841367329 ], [ 118.514629393149761, 31.543038073288429 ], [ 118.514642504294898, 31.543849810091235 ], [ 118.515590338715867, 31.543838577815123 ] ] ] } },
{ "type": "Feature", "properties": { "area_m2": 8099.9999999895226, "area_km2": 0.0080999999999895218, "distance_m": 1005.7356713363032, "relative_position": "后方" }, "geometry": { "type": "Polygon", "coordinates": [ [ [ 118.514642504294898, 31.543849810091235 ], [ 118.514629393149761, 31.543038073288429 ], [ 118.513681566396315, 31.543049298188183 ], [ 118.513694669344389, 31.543861035345774 ], [ 118.514642504294898, 31.543849810091235 ] ] ] } },
{ "type": "Feature", "properties": { "area_m2": 8099.9999999371357, "area_km2": 0.0080999999999371349, "distance_m": 853.78549772961389, "relative_position": "后方" }, "geometry": { "type": "Polygon", "coordinates": [ [ [ 118.516551300676397, 31.544639074501937 ], [ 118.516538172606957, 31.543827338517456 ], [ 118.515590338715867, 31.543838577815123 ], [ 118.515603458587947, 31.544650314154843 ], [ 118.516551300676397, 31.544639074501937 ] ] ] } },
{ "type": "Feature", "properties": { "area_m2": 8099.9999999790452, "area_km2": 0.0080999999999790458, "distance_m": 885.92473566409876, "relative_position": "后方" }, "geometry": { "type": "Polygon", "coordinates": [ [ [ 118.515603458587947, 31.544650314154843 ], [ 118.515590338715867, 31.543838577815123 ], [ 118.514642504294898, 31.543849810091235 ], [ 118.514655615969588, 31.544661546785974 ], [ 118.515603458587947, 31.544650314154843 ] ] ] } },
{ "type": "Feature", "properties": { "area_m2": 8099.9999999057036, "area_km2": 0.0080999999999057035, "distance_m": 925.69675437497199, "relative_position": "后方" }, "geometry": { "type": "Polygon", "coordinates": [ [ [ 118.514655615969588, 31.544661546785974 ], [ 118.514642504294898, 31.543849810091235 ], [ 118.513694669344389, 31.543861035345774 ], [ 118.513707772821689, 31.544672772395316 ], [ 118.514655615969588, 31.544661546785974 ] ] ] } },
{ "type": "Feature", "properties": { "area_m2": 8099.9999998899875, "area_km2": 0.0080999999998899869, "distance_m": 768.53940085885301, "relative_position": "后方" }, "geometry": { "type": "Polygon", "coordinates": [ [ [ 118.516564429276059, 31.545450810378338 ], [ 118.516551300676397, 31.544639074501937 ], [ 118.515603458587947, 31.544650314154843 ], [ 118.515616578989935, 31.545462050386504 ], [ 118.516564429276059, 31.545450810378338 ] ] ] } },
{ "type": "Feature", "properties": { "area_m2": 8100.0000000261934, "area_km2": 0.0081000000000261939, "distance_m": 804.09447034244783, "relative_position": "后方" }, "geometry": { "type": "Polygon", "coordinates": [ [ [ 118.515616578989935, 31.545462050386504 ], [ 118.515603458587947, 31.544650314154843 ], [ 118.514655615969588, 31.544661546785974 ], [ 118.514668728173859, 31.545473283372662 ], [ 118.515616578989935, 31.545462050386504 ] ] ] } },
{ "type": "Feature", "properties": { "area_m2": 8099.9999998637941, "area_km2": 0.0080999999998637943, "distance_m": 847.71569788041825, "relative_position": "后方" }, "geometry": { "type": "Polygon", "coordinates": [ [ [ 118.514668728173859, 31.545473283372662 ], [ 118.514655615969588, 31.544661546785974 ], [ 118.513707772821689, 31.544672772395316 ], [ 118.513720876828231, 31.545484509336809 ], [ 118.514668728173859, 31.545473283372662 ] ] ] } },
{ "type": "Feature", "properties": { "area_m2": 8099.9999999947613, "area_km2": 0.0080999999999947607, "distance_m": 684.58243583015292, "relative_position": "后方" }, "geometry": { "type": "Polygon", "coordinates": [ [ [ 118.516577558405999, 31.546262546146689 ], [ 118.516564429276059, 31.545450810378338 ], [ 118.515616578989935, 31.545462050386504 ], [ 118.515629699921817, 31.546273786510092 ], [ 118.516577558405999, 31.546262546146689 ] ] ] } },
{ "type": "Feature", "properties": { "area_m2": 8099.9999999004649, "area_km2": 0.0080999999999004646, "distance_m": 928.78625957154827, "relative_position": "后方" }, "geometry": { "type": "Polygon", "coordinates": [ [ [ 118.524134018267958, 31.544548904496502 ], [ 118.524120824620283, 31.54373717136194 ], [ 118.523172994980158, 31.54374846683152 ], [ 118.523186180430613, 31.544560200323097 ], [ 118.524134018267958, 31.544548904496502 ] ] ] } },
{ "type": "Feature", "properties": { "area_m2": 8099.9999999476131, "area_km2": 0.0080999999999476126, "distance_m": 888.50794604061343, "relative_position": "后方" }, "geometry": { "type": "Polygon", "coordinates": [ [ [ 118.523186180430613, 31.544560200323097 ], [ 118.523172994980158, 31.54374846683152 ], [ 118.522225164807494, 31.543759755279655 ], [ 118.522238342060717, 31.544571489128032 ], [ 118.523186180430613, 31.544560200323097 ] ] ] } },
{ "type": "Feature", "properties": { "area_m2": 8099.9999999266583, "area_km2": 0.0080999999999266589, "distance_m": 855.7964616244094, "relative_position": "后方" }, "geometry": { "type": "Polygon", "coordinates": [ [ [ 118.522238342060717, 31.544571489128032 ], [ 118.522225164807494, 31.543759755279655 ], [ 118.521277334102635, 31.543771036706346 ], [ 118.52129050315861, 31.54458277091129 ], [ 118.522238342060717, 31.544571489128032 ] ] ] } },
{ "type": "Feature", "properties": { "area_m2": 8099.9999998114072, "area_km2": 0.0080999999998114074, "distance_m": 851.07568045400478, "relative_position": "后方" }, "geometry": { "type": "Polygon", "coordinates": [ [ [ 118.524147212448497, 31.545360637522933 ], [ 118.524134018267958, 31.544548904496502 ], [ 118.523186180430613, 31.544560200323097 ], [ 118.523199366413621, 31.545371933706559 ], [ 118.524147212448497, 31.545360637522933 ] ] ] } },
{ "type": "Feature", "properties": { "area_m2": 8100.0000000157161, "area_km2": 0.0081000000000157162, "distance_m": 806.92901160154736, "relative_position": "后方" }, "geometry": { "type": "Polygon", "coordinates": [ [ [ 118.523199366413621, 31.545371933706559 ], [ 118.523186180430613, 31.544560200323097 ], [ 118.522238342060717, 31.544571489128032 ], [ 118.522251519846137, 31.545383222868296 ], [ 118.523199366413621, 31.545371933706559 ] ] ] } },
{ "type": "Feature", "properties": { "area_m2": 8099.9999999004649, "area_km2": 0.0080999999999004646, "distance_m": 770.76442768153333, "relative_position": "后方" }, "geometry": { "type": "Polygon", "coordinates": [ [ [ 118.522251519846137, 31.545383222868296 ], [ 118.522238342060717, 31.544571489128032 ], [ 118.52129050315861, 31.54458277091129 ], [ 118.52130367274647, 31.545394505008137 ], [ 118.522251519846137, 31.545383222868296 ] ] ] } },
{ "type": "Feature", "properties": { "area_m2": 8100.0000000104774, "area_km2": 0.0081000000000104773, "distance_m": 776.08816255038857, "relative_position": "后方" }, "geometry": { "type": "Polygon", "coordinates": [ [ [ 118.524160407161958, 31.546172370441273 ], [ 118.524147212448497, 31.545360637522933 ], [ 118.523199366413621, 31.545371933706559 ], [ 118.523212552929181, 31.546183666981907 ], [ 118.524160407161958, 31.546172370441273 ] ] ] } },
{ "type": "Feature", "properties": { "area_m2": 8100.0000001938315, "area_km2": 0.0081000000001938324, "distance_m": 727.40608940449727, "relative_position": "后方" }, "geometry": { "type": "Polygon", "coordinates": [ [ [ 118.523212552929181, 31.546183666981907 ], [ 118.523199366413621, 31.545371933706559 ], [ 118.522251519846137, 31.545383222868296 ], [ 118.522264698163809, 31.546194956500457 ], [ 118.523212552929181, 31.546183666981907 ] ] ] } },
{ "type": "Feature", "properties": { "area_m2": 8099.9999999266583, "area_km2": 0.0080999999999266589, "distance_m": 687.06997971689532, "relative_position": "后方" }, "geometry": { "type": "Polygon", "coordinates": [ [ [ 118.522264698163809, 31.546194956500457 ], [ 118.522251519846137, 31.545383222868296 ], [ 118.52130367274647, 31.545394505008137 ], [ 118.521316842866227, 31.546206238996881 ], [ 118.522264698163809, 31.546194956500457 ] ] ] } },
{ "type": "Feature", "properties": { "area_m2": 8100.0000000419095, "area_km2": 0.0081000000000419087, "distance_m": 704.69353362364689, "relative_position": "后方" }, "geometry": { "type": "Polygon", "coordinates": [ [ [ 118.524173602408297, 31.546984103251472 ], [ 118.524160407161958, 31.546172370441273 ], [ 118.523212552929181, 31.546183666981907 ], [ 118.523225739977335, 31.546995400149157 ], [ 118.524173602408297, 31.546984103251472 ] ] ] } },
{ "type": "Feature", "properties": { "area_m2": 8100.0000000523869, "area_km2": 0.0081000000000523865, "distance_m": 816.50863479057455, "relative_position": "后方" }, "geometry": { "type": "Polygon", "coordinates": [ [ [ 118.520342663724605, 31.544594045672856 ], [ 118.520329502865906, 31.543782311111556 ], [ 118.519381671097619, 31.543793578495297 ], [ 118.519394823759058, 31.544605313412717 ], [ 118.520342663724605, 31.544594045672856 ] ] ] } },
{ "type": "Feature", "properties": { "area_m2": 8100.0000000366708, "area_km2": 0.0081000000000366716, "distance_m": 743.74723459255915, "relative_position": "后方" }, "geometry": { "type": "Polygon", "coordinates": [ [ [ 118.52130367274647, 31.545394505008137 ], [ 118.52129050315861, 31.54458277091129 ], [ 118.520342663724605, 31.544594045672856 ], [ 118.520355825114876, 31.54540578012606 ], [ 118.52130367274647, 31.545394505008137 ] ] ] } },
{ "type": "Feature", "properties": { "area_m2": 8099.9999999790452, "area_km2": 0.0080999999999790458, "distance_m": 726.89812433975544, "relative_position": "后方" }, "geometry": { "type": "Polygon", "coordinates": [ [ [ 118.520355825114876, 31.54540578012606 ], [ 118.520342663724605, 31.544594045672856 ], [ 118.519394823759058, 31.544605313412717 ], [ 118.519407976951697, 31.545417048222049 ], [ 118.520355825114876, 31.54540578012606 ] ] ] } },
{ "type": "Feature", "properties": { "area_m2": 8099.9999999580905, "area_km2": 0.0080999999999580904, "distance_m": 656.61972700306444, "relative_position": "后方" }, "geometry": { "type": "Polygon", "coordinates": [ [ [ 118.521316842866227, 31.546206238996881 ], [ 118.52130367274647, 31.545394505008137 ], [ 118.520355825114876, 31.54540578012606 ], [ 118.52036898703669, 31.546217514471163 ], [ 118.521316842866227, 31.546206238996881 ] ] ] } },
{ "type": "Feature", "properties": { "area_m2": 8099.9999999266583, "area_km2": 0.0080999999999266589, "distance_m": 637.47357665603943, "relative_position": "后方" }, "geometry": { "type": "Polygon", "coordinates": [ [ [ 118.52036898703669, 31.546217514471163 ], [ 118.520355825114876, 31.54540578012606 ], [ 118.519407976951697, 31.545417048222049 ], [ 118.519421130675596, 31.546228782923304 ], [ 118.52036898703669, 31.546217514471163 ] ] ] } },
{ "type": "Feature", "properties": { "area_m2": 8100.0000001781154, "area_km2": 0.0081000000001781158, "distance_m": 570.47008391753116, "relative_position": "后方" }, "geometry": { "type": "Polygon", "coordinates": [ [ [ 118.521330013517911, 31.547017972877519 ], [ 118.521316842866227, 31.546206238996881 ], [ 118.52036898703669, 31.546217514471163 ], [ 118.520382149490104, 31.547029248708174 ], [ 118.521330013517911, 31.547017972877519 ] ] ] } },
{ "type": "Feature", "properties": { "area_m2": 8099.9999998952262, "area_km2": 0.0080999999998952257, "distance_m": 548.32597765554874, "relative_position": "后方" }, "geometry": { "type": "Polygon", "coordinates": [ [ [ 118.520382149490104, 31.547029248708174 ], [ 118.52036898703669, 31.546217514471163 ], [ 118.519421130675596, 31.546228782923304 ], [ 118.519434284930711, 31.547040517516464 ], [ 118.520382149490104, 31.547029248708174 ] ] ] } },
{ "type": "Feature", "properties": { "area_m2": 8100.0000000261934, "area_km2": 0.0081000000000261939, "distance_m": 485.81878824800697, "relative_position": "后方" }, "geometry": { "type": "Polygon", "coordinates": [ [ [ 118.521343184701522, 31.547829706650056 ], [ 118.521330013517911, 31.547017972877519 ], [ 118.520382149490104, 31.547029248708174 ], [ 118.520395312475159, 31.547840982837094 ], [ 118.521343184701522, 31.547829706650056 ] ] ] } },
{ "type": "Feature", "properties": { "area_m2": 8100.0000001466833, "area_km2": 0.0081000000001466826, "distance_m": 459.61650043000049, "relative_position": "后方" }, "geometry": { "type": "Polygon", "coordinates": [ [ [ 118.520395312475159, 31.547840982837094 ], [ 118.520382149490104, 31.547029248708174 ], [ 118.519434284930711, 31.547040517516464 ], [ 118.51944743971714, 31.547852252001526 ], [ 118.520395312475159, 31.547840982837094 ] ] ] } },
{ "type": "Feature", "properties": { "area_m2": 8099.9999999214197, "area_km2": 0.0080999999999214201, "distance_m": 403.60970601101877, "relative_position": "后方" }, "geometry": { "type": "Polygon", "coordinates": [ [ [ 118.521356356417101, 31.548641440314473 ], [ 118.521343184701522, 31.547829706650056 ], [ 118.520395312475159, 31.547840982837094 ], [ 118.5204084759918, 31.548652716857895 ], [ 118.521356356417101, 31.548641440314473 ] ] ] } },
{ "type": "Feature", "properties": { "area_m2": 8099.9999999266583, "area_km2": 0.0080999999999266589, "distance_m": 720.93038570029353, "relative_position": "后方" }, "geometry": { "type": "Polygon", "coordinates": [ [ [ 118.519407976951697, 31.545417048222049 ], [ 118.519394823759058, 31.544605313412717 ], [ 118.518446983262294, 31.544616574130863 ], [ 118.518460128257288, 31.54542830929611 ], [ 118.519407976951697, 31.545417048222049 ] ] ] } },
{ "type": "Feature", "properties": { "area_m2": 8100.0000000942964, "area_km2": 0.0081000000000942957, "distance_m": 726.11237281738761, "relative_position": "后方" }, "geometry": { "type": "Polygon", "coordinates": [ [ [ 118.518460128257288, 31.54542830929611 ], [ 118.518446983262294, 31.544616574130863 ], [ 118.517499142234627, 31.54462782782727 ], [ 118.517512279031962, 31.545439563348218 ], [ 118.518460128257288, 31.54542830929611 ] ] ] } },
{ "type": "Feature", "properties": { "area_m2": 8100.0000000576256, "area_km2": 0.0081000000000576253, "distance_m": 742.21059637846315, "relative_position": "后方" }, "geometry": { "type": "Polygon", "coordinates": [ [ [ 118.517512279031962, 31.545439563348218 ], [ 118.517499142234627, 31.54462782782727 ], [ 118.516551300676397, 31.544639074501937 ], [ 118.516564429276059, 31.545450810378338 ], [ 118.517512279031962, 31.545439563348218 ] ] ] } },
{ "type": "Feature", "properties": { "area_m2": 8100.0000000157161, "area_km2": 0.0081000000000157162, "distance_m": 630.66192020543406, "relative_position": "后方" }, "geometry": { "type": "Polygon", "coordinates": [ [ [ 118.519421130675596, 31.546228782923304 ], [ 118.519407976951697, 31.545417048222049 ], [ 118.518460128257288, 31.54542830929611 ], [ 118.518473273783215, 31.546240044353276 ], [ 118.519421130675596, 31.546228782923304 ] ] ] } },
{ "type": "Feature", "properties": { "area_m2": 8100.0000001100125, "area_km2": 0.0081000000001100123, "distance_m": 636.5808442757924, "relative_position": "后方" }, "geometry": { "type": "Polygon", "coordinates": [ [ [ 118.518473273783215, 31.546240044353276 ], [ 118.518460128257288, 31.54542830929611 ], [ 118.517512279031962, 31.545439563348218 ], [ 118.517525416359888, 31.546251298761085 ], [ 118.518473273783215, 31.546240044353276 ] ] ] } },
{ "type": "Feature", "properties": { "area_m2": 8099.9999999790452, "area_km2": 0.0080999999999790458, "distance_m": 654.88527044866191, "relative_position": "后方" }, "geometry": { "type": "Polygon", "coordinates": [ [ [ 118.517525416359888, 31.546251298761085 ], [ 118.517512279031962, 31.545439563348218 ], [ 118.516564429276059, 31.545450810378338 ], [ 118.516577558405999, 31.546262546146689 ], [ 118.517525416359888, 31.546251298761085 ] ] ] } },
{ "type": "Feature", "properties": { "area_m2": 8100.0, "area_km2": 0.0081, "distance_m": 540.39378094114625, "relative_position": "后方" }, "geometry": { "type": "Polygon", "coordinates": [ [ [ 118.519434284930711, 31.547040517516464 ], [ 118.519421130675596, 31.546228782923304 ], [ 118.518473273783215, 31.546240044353276 ], [ 118.518486419840031, 31.547051779302361 ], [ 118.519434284930711, 31.547040517516464 ] ] ] } },
{ "type": "Feature", "properties": { "area_m2": 8100.0000000366708, "area_km2": 0.0081000000000366716, "distance_m": 547.29179985603389, "relative_position": "后方" }, "geometry": { "type": "Polygon", "coordinates": [ [ [ 118.518486419840031, 31.547051779302361 ], [ 118.518473273783215, 31.546240044353276 ], [ 118.517525416359888, 31.546251298761085 ], [ 118.517538554218419, 31.547063034065872 ], [ 118.518486419840031, 31.547051779302361 ] ] ] } },
{ "type": "Feature", "properties": { "area_m2": 8099.9999999842839, "area_km2": 0.0080999999999842847, "distance_m": 568.48044848484437, "relative_position": "后方" }, "geometry": { "type": "Polygon", "coordinates": [ [ [ 118.517538554218419, 31.547063034065872 ], [ 118.517525416359888, 31.546251298761085 ], [ 118.516577558405999, 31.546262546146689 ], [ 118.516590688066174, 31.547074281806957 ], [ 118.517538554218419, 31.547063034065872 ] ] ] } },
{ "type": "Feature", "properties": { "area_m2": 8100.0000000785803, "area_km2": 0.0081000000000785808, "distance_m": 450.12615727190735, "relative_position": "后方" }, "geometry": { "type": "Polygon", "coordinates": [ [ [ 118.51944743971714, 31.547852252001526 ], [ 118.519434284930711, 31.547040517516464 ], [ 118.518486419840031, 31.547051779302361 ], [ 118.518499566427835, 31.547863514143359 ], [ 118.51944743971714, 31.547852252001526 ] ] ] } },
{ "type": "Feature", "properties": { "area_m2": 8100.0000000104774, "area_km2": 0.0081000000000104773, "distance_m": 724.27230284828465, "relative_position": "后方" }, "geometry": { "type": "Polygon", "coordinates": [ [ [ 118.515629699921817, 31.546273786510092 ], [ 118.515616578989935, 31.545462050386504 ], [ 118.514668728173859, 31.545473283372662 ], [ 118.514681840907713, 31.546285019851293 ], [ 118.515629699921817, 31.546273786510092 ] ] ] } },
{ "type": "Feature", "properties": { "area_m2": 8100.0000000104774, "area_km2": 0.0081000000000104773, "distance_m": 772.41601776078755, "relative_position": "后方" }, "geometry": { "type": "Polygon", "coordinates": [ [ [ 118.514681840907713, 31.546285019851293 ], [ 118.514668728173859, 31.545473283372662 ], [ 118.513720876828231, 31.545484509336809 ], [ 118.513733981363998, 31.54629624617025 ], [ 118.514681840907713, 31.546285019851293 ] ] ] } },
{ "type": "Feature", "properties": { "area_m2": 8100.0000000104774, "area_km2": 0.0081000000000104773, "distance_m": 602.4537926179953, "relative_position": "后方" }, "geometry": { "type": "Polygon", "coordinates": [ [ [ 118.516590688066174, 31.547074281806957 ], [ 118.516577558405999, 31.546262546146689 ], [ 118.515629699921817, 31.546273786510092 ], [ 118.515642821383665, 31.547085522525624 ], [ 118.516590688066174, 31.547074281806957 ] ] ] } },
{ "type": "Feature", "properties": { "area_m2": 8100.0000000419095, "area_km2": 0.0081000000000419087, "distance_m": 647.20165741209428, "relative_position": "后方" }, "geometry": { "type": "Polygon", "coordinates": [ [ [ 118.515642821383665, 31.547085522525624 ], [ 118.515629699921817, 31.546273786510092 ], [ 118.514681840907713, 31.546285019851293 ], [ 118.514694954171176, 31.547096756221858 ], [ 118.515642821383665, 31.547085522525624 ] ] ] } },
{ "type": "Feature", "properties": { "area_m2": 8100.0000000733417, "area_km2": 0.0081000000000733419, "distance_m": 700.66273986960914, "relative_position": "后方" }, "geometry": { "type": "Polygon", "coordinates": [ [ [ 118.514694954171176, 31.547096756221858 ], [ 118.514681840907713, 31.546285019851293 ], [ 118.513733981363998, 31.54629624617025 ], [ 118.513747086429063, 31.547107982895639 ], [ 118.514694954171176, 31.547096756221858 ] ] ] } },
{ "type": "Feature", "properties": { "area_m2": 8099.9999999371357, "area_km2": 0.0080999999999371349, "distance_m": 523.0154747594961, "relative_position": "后方" }, "geometry": { "type": "Polygon", "coordinates": [ [ [ 118.516603818256655, 31.547886017359158 ], [ 118.516590688066174, 31.547074281806957 ], [ 118.515642821383665, 31.547085522525624 ], [ 118.51565594337545, 31.547897258433093 ], [ 118.516603818256655, 31.547886017359158 ] ] ] } },
{ "type": "Feature", "properties": { "area_m2": 8100.0000001571607, "area_km2": 0.0081000000001571603, "distance_m": 573.99195210631694, "relative_position": "后方" }, "geometry": { "type": "Polygon", "coordinates": [ [ [ 118.51565594337545, 31.547897258433093 ], [ 118.515642821383665, 31.547085522525624 ], [ 118.514694954171176, 31.547096756221858 ], [ 118.51470806796425, 31.547908492484364 ], [ 118.51565594337545, 31.547897258433093 ] ] ] } },
{ "type": "Feature", "properties": { "area_m2": 8099.9999999528518, "area_km2": 0.0080999999999528515, "distance_m": 447.70185283174436, "relative_position": "后方" }, "geometry": { "type": "Polygon", "coordinates": [ [ [ 118.516616948977429, 31.548697752803264 ], [ 118.516603818256655, 31.547886017359158 ], [ 118.51565594337545, 31.547897258433093 ], [ 118.5156690658972, 31.54870899423247 ], [ 118.516616948977429, 31.548697752803264 ] ] ] } },
{ "type": "Feature", "properties": { "area_m2": 8100.0000001309672, "area_km2": 0.0081000000001309677, "distance_m": 650.6934234931075, "relative_position": "后方" }, "geometry": { "type": "Polygon", "coordinates": [ [ [ 118.523225739977335, 31.546995400149157 ], [ 118.523212552929181, 31.546183666981907 ], [ 118.522264698163809, 31.546194956500457 ], [ 118.522277877013764, 31.547006690024514 ], [ 118.523225739977335, 31.546995400149157 ] ] ] } },
{ "type": "Feature", "properties": { "area_m2": 8099.9999999790452, "area_km2": 0.0080999999999790458, "distance_m": 605.26823777680863, "relative_position": "后方" }, "geometry": { "type": "Polygon", "coordinates": [ [ [ 118.522277877013764, 31.547006690024514 ], [ 118.522264698163809, 31.546194956500457 ], [ 118.521316842866227, 31.546206238996881 ], [ 118.521330013517911, 31.547017972877519 ], [ 118.522277877013764, 31.547006690024514 ] ] ] } },
{ "type": "Feature", "properties": { "area_m2": 8100.0000000157161, "area_km2": 0.0081000000000157162, "distance_m": 638.09891747835013, "relative_position": "后方" }, "geometry": { "type": "Polygon", "coordinates": [ [ [ 118.5241867981876, 31.547795835953551 ], [ 118.524173602408297, 31.546984103251472 ], [ 118.523225739977335, 31.546995400149157 ], [ 118.523238927558069, 31.547807133208273 ], [ 118.5241867981876, 31.547795835953551 ] ] ] } },
{ "type": "Feature", "properties": { "area_m2": 8099.9999999790452, "area_km2": 0.0080999999999790458, "distance_m": 577.91120509875736, "relative_position": "后方" }, "geometry": { "type": "Polygon", "coordinates": [ [ [ 118.523238927558069, 31.547807133208273 ], [ 118.523225739977335, 31.546995400149157 ], [ 118.522277877013764, 31.547006690024514 ], [ 118.522291056395943, 31.54781842344045 ], [ 118.523238927558069, 31.547807133208273 ] ] ] } },
{ "type": "Feature", "properties": { "area_m2": 8099.9999999738066, "area_km2": 0.008099999999973807, "distance_m": 526.2425720797429, "relative_position": "后方" }, "geometry": { "type": "Polygon", "coordinates": [ [ [ 118.522291056395943, 31.54781842344045 ], [ 118.522277877013764, 31.547006690024514 ], [ 118.521330013517911, 31.547017972877519 ], [ 118.521343184701522, 31.547829706650056 ], [ 118.522291056395943, 31.54781842344045 ] ] ] } },
{ "type": "Feature", "properties": { "area_m2": 8099.9999999528518, "area_km2": 0.0080999999999528515, "distance_m": 510.74250017888738, "relative_position": "后方" }, "geometry": { "type": "Polygon", "coordinates": [ [ [ 118.52325211567144, 31.548618866159263 ], [ 118.523238927558069, 31.547807133208273 ], [ 118.522291056395943, 31.54781842344045 ], [ 118.522304236310433, 31.548630156748267 ], [ 118.52325211567144, 31.548618866159263 ] ] ] } },
{ "type": "Feature", "properties": { "area_m2": 8100.0000000471482, "area_km2": 0.0081000000000471476, "distance_m": 451.45317124854319, "relative_position": "后方" }, "geometry": { "type": "Polygon", "coordinates": [ [ [ 118.522304236310433, 31.548630156748267 ], [ 118.522291056395943, 31.54781842344045 ], [ 118.521343184701522, 31.547829706650056 ], [ 118.521356356417101, 31.548641440314473 ], [ 118.522304236310433, 31.548630156748267 ] ] ] } },
{ "type": "Feature", "properties": { "area_m2": 8099.9999999895226, "area_km2": 0.0080999999999895218, "distance_m": 383.38726757230955, "relative_position": "后方" }, "geometry": { "type": "Polygon", "coordinates": [ [ [ 118.522317416757218, 31.549441889947978 ], [ 118.522304236310433, 31.548630156748267 ], [ 118.521356356417101, 31.548641440314473 ], [ 118.521369528664678, 31.549453173870795 ], [ 118.522317416757218, 31.549441889947978 ] ] ] } },
{ "type": "Feature", "properties": { "area_m2": 8100.0000001152512, "area_km2": 0.0081000000001152511, "distance_m": 458.38695489319525, "relative_position": "后方" }, "geometry": { "type": "Polygon", "coordinates": [ [ [ 118.518499566427835, 31.547863514143359 ], [ 118.518486419840031, 31.547051779302361 ], [ 118.517538554218419, 31.547063034065872 ], [ 118.517551692607555, 31.547874769262574 ], [ 118.518499566427835, 31.547863514143359 ] ] ] } },
{ "type": "Feature", "properties": { "area_m2": 8099.9999999685679, "area_km2": 0.0080999999999685681, "distance_m": 483.48988794265426, "relative_position": "后方" }, "geometry": { "type": "Polygon", "coordinates": [ [ [ 118.517551692607555, 31.547874769262574 ], [ 118.517538554218419, 31.547063034065872 ], [ 118.516590688066174, 31.547074281806957 ], [ 118.516603818256655, 31.547886017359158 ], [ 118.517551692607555, 31.547874769262574 ] ] ] } },
{ "type": "Feature", "properties": { "area_m2": 8099.9999999738066, "area_km2": 0.008099999999973807, "distance_m": 359.85942856515396, "relative_position": "后方" }, "geometry": { "type": "Polygon", "coordinates": [ [ [ 118.519460595034872, 31.548663986378479 ], [ 118.51944743971714, 31.547852252001526 ], [ 118.518499566427835, 31.547863514143359 ], [ 118.518512713546599, 31.548675248876265 ], [ 118.519460595034872, 31.548663986378479 ] ] ] } },
{ "type": "Feature", "properties": { "area_m2": 8100.0000000890577, "area_km2": 0.0081000000000890585, "distance_m": 370.14324762950815, "relative_position": "后方" }, "geometry": { "type": "Polygon", "coordinates": [ [ [ 118.518512713546599, 31.548675248876265 ], [ 118.518499566427835, 31.547863514143359 ], [ 118.517551692607555, 31.547874769262574 ], [ 118.517564831527338, 31.548686504351195 ], [ 118.518512713546599, 31.548675248876265 ] ] ] } },
{ "type": "Feature", "properties": { "area_m2": 8100.0000000104774, "area_km2": 0.0081000000000104773, "distance_m": 400.81425315797071, "relative_position": "后方" }, "geometry": { "type": "Polygon", "coordinates": [ [ [ 118.517564831527338, 31.548686504351195 ], [ 118.517551692607555, 31.547874769262574 ], [ 118.516603818256655, 31.547886017359158 ], [ 118.516616948977429, 31.548697752803264 ], [ 118.517564831527338, 31.548686504351195 ] ] ] } },
{ "type": "Feature", "properties": { "area_m2": 8100.000000083819, "area_km2": 0.0081000000000838197, "distance_m": 283.1794096052086, "relative_position": "后方" }, "geometry": { "type": "Polygon", "coordinates": [ [ [ 118.518525861196352, 31.549486983501069 ], [ 118.518512713546599, 31.548675248876265 ], [ 118.517564831527338, 31.548686504351195 ], [ 118.517577970977769, 31.549498239331722 ], [ 118.518525861196352, 31.549486983501069 ] ] ] } },
{ "type": "Feature", "properties": { "area_m2": 8099.9999999476131, "area_km2": 0.0080999999999476126, "distance_m": 322.24027599057484, "relative_position": "后方" }, "geometry": { "type": "Polygon", "coordinates": [ [ [ 118.517577970977769, 31.549498239331722 ], [ 118.517564831527338, 31.548686504351195 ], [ 118.516616948977429, 31.548697752803264 ], [ 118.516630080228538, 31.549509488139304 ], [ 118.517577970977769, 31.549498239331722 ] ] ] } },
{ "type": "Feature", "properties": { "area_m2": 8100.0000000471482, "area_km2": 0.0081000000000471476, "distance_m": 199.17895716816321, "relative_position": "后方" }, "geometry": { "type": "Polygon", "coordinates": [ [ [ 118.518539009377093, 31.550298718017789 ], [ 118.518525861196352, 31.549486983501069 ], [ 118.517577970977769, 31.549498239331722 ], [ 118.51759111095889, 31.550309974204158 ], [ 118.518539009377093, 31.550298718017789 ] ] ] } },
{ "type": "Feature", "properties": { "area_m2": 8100.0000000104774, "area_km2": 0.0081000000000104773, "distance_m": 371.65898860194318, "relative_position": "后方" }, "geometry": { "type": "Polygon", "coordinates": [ [ [ 118.5204084759918, 31.548652716857895 ], [ 118.520395312475159, 31.547840982837094 ], [ 118.51944743971714, 31.547852252001526 ], [ 118.519460595034872, 31.548663986378479 ], [ 118.5204084759918, 31.548652716857895 ] ] ] } },
{ "type": "Feature", "properties": { "area_m2": 8100.0000000942964, "area_km2": 0.0081000000000942957, "distance_m": 325.69742054238054, "relative_position": "后方" }, "geometry": { "type": "Polygon", "coordinates": [ [ [ 118.521369528664678, 31.549453173870795 ], [ 118.521356356417101, 31.548641440314473 ], [ 118.5204084759918, 31.548652716857895 ], [ 118.520421640040112, 31.549464450770603 ], [ 118.521369528664678, 31.549453173870795 ] ] ] } },
{ "type": "Feature", "properties": { "area_m2": 8099.9999998637941, "area_km2": 0.0080999999998637943, "distance_m": 285.15013690845171, "relative_position": "后方" }, "geometry": { "type": "Polygon", "coordinates": [ [ [ 118.520421640040112, 31.549464450770603 ], [ 118.5204084759918, 31.548652716857895 ], [ 118.519460595034872, 31.548663986378479 ], [ 118.519473750883904, 31.549475720647358 ], [ 118.520421640040112, 31.549464450770603 ] ] ] } },
{ "type": "Feature", "properties": { "area_m2": 8099.9999999738066, "area_km2": 0.008099999999973807, "distance_m": 269.59448225768028, "relative_position": "后方" }, "geometry": { "type": "Polygon", "coordinates": [ [ [ 118.519473750883904, 31.549475720647358 ], [ 118.519460595034872, 31.548663986378479 ], [ 118.518512713546599, 31.548675248876265 ], [ 118.518525861196352, 31.549486983501069 ], [ 118.519473750883904, 31.549475720647358 ] ] ] } },
{ "type": "Feature", "properties": { "area_m2": 8099.999999916181, "area_km2": 0.0080999999999161812, "distance_m": 256.03502433035129, "relative_position": "后方" }, "geometry": { "type": "Polygon", "coordinates": [ [ [ 118.521382701444239, 31.550264907319001 ], [ 118.521369528664678, 31.549453173870795 ], [ 118.520421640040112, 31.549464450770603 ], [ 118.520434804620095, 31.550276184575182 ], [ 118.521382701444239, 31.550264907319001 ] ] ] } },
{ "type": "Feature", "properties": { "area_m2": 8099.9999997275881, "area_km2": 0.008099999999727589, "distance_m": 201.96017321923051, "relative_position": "后方" }, "geometry": { "type": "Polygon", "coordinates": [ [ [ 118.520434804620095, 31.550276184575182 ], [ 118.520421640040112, 31.549464450770603 ], [ 118.519473750883904, 31.549475720647358 ], [ 118.51948690726428, 31.550287454808124 ], [ 118.520434804620095, 31.550276184575182 ] ] ] } },
{ "type": "Feature", "properties": { "area_m2": 8099.999999931897, "area_km2": 0.0080999999999318978, "distance_m": 179.33399247625243, "relative_position": "后方" }, "geometry": { "type": "Polygon", "coordinates": [ [ [ 118.51948690726428, 31.550287454808124 ], [ 118.519473750883904, 31.549475720647358 ], [ 118.518525861196352, 31.549486983501069 ], [ 118.518539009377093, 31.550298718017789 ], [ 118.51948690726428, 31.550287454808124 ] ] ] } },
{ "type": "Feature", "properties": { "area_m2": 8100.0000000366708, "area_km2": 0.0081000000000366716, "distance_m": 89.091470377629321, "relative_position": "后方" }, "geometry": { "type": "Polygon", "coordinates": [ [ [ 118.519500064176, 31.551099188860793 ], [ 118.51948690726428, 31.550287454808124 ], [ 118.518539009377093, 31.550298718017789 ], [ 118.518552158088866, 31.551110452426418 ], [ 118.519500064176, 31.551099188860793 ] ] ] } }
]
}
